Date,Project_ID,Project_Name,Planned_Spend,Actual_Spend,Cumulative_Planned_Spend,Cumulative_Actual_Spend,Financial_Variance
2026-01-27,JED-PROJ-001,Northern Jeddah Al Bawadi Traffic Flow Optimization,0,1797807,0,1797807,1797807
2026-02-01,JED-PROJ-001,Northern Jeddah Al Bawadi Traffic Flow Optimization,6836557,0,6836557,1797807,-5038750
2026-03-01,JED-PROJ-001,Northern Jeddah Al Bawadi Traffic Flow Optimization,6824328,0,13660885,1797807,-11863078
2026-04-01,JED-PROJ-001,Northern Jeddah Al Bawadi Traffic Flow Optimization,6836557,1920106,20497442,3717913,-16779529
2026-05-01,JED-PROJ-001,Northern Jeddah Al Bawadi Traffic Flow Optimization,6824328,3436624,27321770,7154537,-20167233
2026-06-01,JED-PROJ-001,Northern Jeddah Al Bawadi Traffic Flow Optimization,6836557,0,34158327,7154537,-27003790
2026-07-01,JED-PROJ-001,Northern Jeddah Al Bawadi Traffic Flow Optimization,6836557,1137388,40994884,8291925,-32702959
2026-08-01,JED-PROJ-001,Northern Jeddah Al Bawadi Traffic Flow Optimization,6824328,1651047,47819212,9942972,-37876240
2026-09-01,JED-PROJ-001,Northern Jeddah Al Bawadi Traffic Flow Optimization,6836557,36484304,54655769,46427276,-8228493
2025-04-15,JED-PROJ-002,Southern Jeddah Al Naeem Corridor Enhancement,0,6212374,0,6212374,6212374
2025-05-01,JED-PROJ-002,Southern Jeddah Al Naeem Corridor Enhancement,25152539,15152132,25152539,21364506,-3788033
2025-06-01,JED-PROJ-002,Southern Jeddah Al Naeem Corridor Enhancement,25152538,32122519,50305077,53487025,3181948
2025-07-01,JED-PROJ-002,Southern Jeddah Al Naeem Corridor Enhancement,25228300,25001017,75533377,78488042,2954665
2025-08-01,JED-PROJ-002,Southern Jeddah Al Naeem Corridor Enhancement,25152538,22273634,100685915,100761676,75761
2025-09-01,JED-PROJ-002,Southern Jeddah Al Naeem Corridor Enhancement,25152539,12803551,125838454,113565227,-12273227
2025-10-01,JED-PROJ-002,Southern Jeddah Al Naeem Corridor Enhancement,25152538,45229113,150990992,158794340,7803348
2025-11-01,JED-PROJ-002,Southern Jeddah Al Naeem Corridor Enhancement,25152539,10909535,176143531,169703875,-6439656
2025-12-01,JED-PROJ-002,Southern Jeddah Al Naeem Corridor Enhancement,25152539,21288745,201296070,190992620,-10303450
2026-01-01,JED-PROJ-002,Southern Jeddah Al Naeem Corridor Enhancement,25228299,20985702,226524369,211978322,-14546047
2026-02-01,JED-PROJ-002,Southern Jeddah Al Naeem Corridor Enhancement,25152539,39925868,251676908,251904190,227282
2026-03-01,JED-PROJ-002,Southern Jeddah Al Naeem Corridor Enhancement,25152538,27349597,276829446,279253787,2424341
2026-04-01,JED-PROJ-002,Southern Jeddah Al Naeem Corridor Enhancement,25152539,6894220,301981985,286148007,-15833978
2026-05-01,JED-PROJ-002,Southern Jeddah Al Naeem Corridor Enhancement,25152538,38410654,327134523,324558661,-2575862
2026-06-01,JED-PROJ-002,Southern Jeddah Al Naeem Corridor Enhancement,25152539,17197669,352287062,341756330,-10530732
2026-07-01,JED-PROJ-002,Southern Jeddah Al Naeem Corridor Enhancement,25228299,36365117,377515361,378121447,606086
2026-08-01,JED-PROJ-002,Southern Jeddah Al Naeem Corridor Enhancement,25152539,12121705,402667900,390243152,-12424748
2026-09-01,JED-PROJ-002,Southern Jeddah Al Naeem Corridor Enhancement,25152539,236696999,427820439,626940151,199119712
2025-12-31,JED-PROJ-003,Eastern Jeddah Al Waha Traffic Flow Optimization,0,0,0,0,0
2026-01-01,JED-PROJ-003,Eastern Jeddah Al Waha Traffic Flow Optimization,13167052,15814972,13167052,15814972,2647920
2026-02-01,JED-PROJ-003,Eastern Jeddah Al Waha Traffic Flow Optimization,13203325,0,26370377,15814972,-10555405
2026-03-01,JED-PROJ-003,Eastern Jeddah Al Waha Traffic Flow Optimization,13167053,12441595,39537430,28256567,-11280863
2026-04-01,JED-PROJ-003,Eastern Jeddah Al Waha Traffic Flow Optimization,13203325,7145755,52740755,35402322,-17338433
2026-05-01,JED-PROJ-003,Eastern Jeddah Al Waha Traffic Flow Optimization,13167052,20711810,65907807,56114132,-9793675
2026-06-01,JED-PROJ-003,Eastern Jeddah Al Waha Traffic Flow Optimization,13203325,9503492,79111132,65617624,-13493508
2026-07-01,JED-PROJ-003,Eastern Jeddah Al Waha Traffic Flow Optimization,13167053,1995008,92278185,67612632,-24665553
2026-08-01,JED-PROJ-003,Eastern Jeddah Al Waha Traffic Flow Optimization,13203325,15379698,105481510,82992330,-22489180
2026-09-01,JED-PROJ-003,Eastern Jeddah Al Waha Traffic Flow Optimization,13167052,6058815,118648562,89051145,-29597417
2024-05-20,JED-PROJ-004,Western Jeddah Al Baghdadiyah Intersection Upgrade,0,469967,0,469967,469967
2024-06-01,JED-PROJ-004,Western Jeddah Al Baghdadiyah Intersection Upgrade,7096496,5122636,7096496,5592603,-1503893
2024-07-01,JED-PROJ-004,Western Jeddah Al Baghdadiyah Intersection Upgrade,7096496,2890295,14192992,8482898,-5710094
2024-08-01,JED-PROJ-004,Western Jeddah Al Baghdadiyah Intersection Upgrade,7119995,4088709,21312987,12571607,-8741380
2024-09-01,JED-PROJ-004,Western Jeddah Al Baghdadiyah Intersection Upgrade,7096496,12125139,28409483,24696746,-3712737
2024-10-01,JED-PROJ-004,Western Jeddah Al Baghdadiyah Intersection Upgrade,7096496,5381118,35505979,30077864,-5428115
2024-11-01,JED-PROJ-004,Western Jeddah Al Baghdadiyah Intersection Upgrade,7096496,3054783,42602475,33132647,-9469828
2024-12-01,JED-PROJ-004,Western Jeddah Al Baghdadiyah Intersection Upgrade,7119994,2866797,49722469,35999444,-13723025
2025-01-01,JED-PROJ-004,Western Jeddah Al Baghdadiyah Intersection Upgrade,7096496,5404616,56818965,41404060,-15414905
2025-02-01,JED-PROJ-004,Western Jeddah Al Baghdadiyah Intersection Upgrade,7096496,8529894,63915461,49933954,-13981507
2025-03-01,JED-PROJ-004,Western Jeddah Al Baghdadiyah Intersection Upgrade,7096496,6791018,71011957,56724972,-14286985
2025-04-01,JED-PROJ-004,Western Jeddah Al Baghdadiyah Intersection Upgrade,7096497,5240128,78108454,61965100,-16143354
2025-05-01,JED-PROJ-004,Western Jeddah Al Baghdadiyah Intersection Upgrade,7119994,4441185,85228448,66406285,-18822163
2025-06-01,JED-PROJ-004,Western Jeddah Al Baghdadiyah Intersection Upgrade,7096496,4159204,92324944,70565489,-21759455
2025-07-01,JED-PROJ-004,Western Jeddah Al Baghdadiyah Intersection Upgrade,7096496,610957,99421440,71176446,-28244994
2025-08-01,JED-PROJ-004,Western Jeddah Al Baghdadiyah Intersection Upgrade,7096496,5992074,106517936,77168520,-29349416
2025-09-01,JED-PROJ-004,Western Jeddah Al Baghdadiyah Intersection Upgrade,7096496,11584678,113614432,88753198,-24861234
2025-10-01,JED-PROJ-004,Western Jeddah Al Baghdadiyah Intersection Upgrade,7119995,2866796,120734427,91619994,-29114433
2025-11-01,JED-PROJ-004,Western Jeddah Al Baghdadiyah Intersection Upgrade,7096496,281980,127830923,91901974,-35928949
2025-12-01,JED-PROJ-004,Western Jeddah Al Baghdadiyah Intersection Upgrade,7096496,6109566,134927419,98011540,-36915879
2026-01-01,JED-PROJ-004,Western Jeddah Al Baghdadiyah Intersection Upgrade,7096496,10080784,142023915,108092324,-33931591
2026-02-01,JED-PROJ-004,Western Jeddah Al Baghdadiyah Intersection Upgrade,7096496,0,149120411,108092324,-41028087
2026-03-01,JED-PROJ-004,Western Jeddah Al Baghdadiyah Intersection Upgrade,7119994,6415045,156240405,114507369,-41733036
2026-04-01,JED-PROJ-004,Western Jeddah Al Baghdadiyah Intersection Upgrade,7096497,8623888,163336902,123131257,-40205645
2026-05-01,JED-PROJ-004,Western Jeddah Al Baghdadiyah Intersection Upgrade,7096496,6556034,170433398,129687291,-40746107
2026-06-01,JED-PROJ-004,Western Jeddah Al Baghdadiyah Intersection Upgrade,7096496,4981646,177529894,134668937,-42860957
2026-07-01,JED-PROJ-004,Western Jeddah Al Baghdadiyah Intersection Upgrade,7119994,1738877,184649888,136407814,-48242074
2026-08-01,JED-PROJ-004,Western Jeddah Al Baghdadiyah Intersection Upgrade,7096496,9446329,191746384,145854143,-45892241
2026-09-01,JED-PROJ-004,Western Jeddah Al Baghdadiyah Intersection Upgrade,7096496,37364244,198842880,183218387,-15624493
2025-03-28,JED-PROJ-005,Central Jeddah Al Sanabel Intersection Upgrade,0,0,0,0,0
2025-04-01,JED-PROJ-005,Central Jeddah Al Sanabel Intersection Upgrade,2255004,3101386,2255004,3101386,846382
2025-05-01,JED-PROJ-005,Central Jeddah Al Sanabel Intersection Upgrade,2255004,2351734,4510008,5453120,943112
2025-06-01,JED-PROJ-005,Central Jeddah Al Sanabel Intersection Upgrade,2261050,2992565,6771058,8445685,1674627
2025-07-01,JED-PROJ-005,Central Jeddah Al Sanabel Intersection Upgrade,2255004,2146184,9026062,10591869,1565807
2025-08-01,JED-PROJ-005,Central Jeddah Al Sanabel Intersection Upgrade,2255004,2369870,11281066,12961739,1680673
2025-09-01,JED-PROJ-005,Central Jeddah Al Sanabel Intersection Upgrade,2255004,1529534,13536070,14491273,955203
2025-10-01,JED-PROJ-005,Central Jeddah Al Sanabel Intersection Upgrade,2261050,3161842,15797120,17653115,1855995
2025-11-01,JED-PROJ-005,Central Jeddah Al Sanabel Intersection Upgrade,2255004,2339642,18052124,19992757,1940633
2025-12-01,JED-PROJ-005,Central Jeddah Al Sanabel Intersection Upgrade,2255004,2514965,20307128,22507722,2200594
2026-01-01,JED-PROJ-005,Central Jeddah Al Sanabel Intersection Upgrade,2255004,4147272,22562132,26654994,4092862
2026-02-01,JED-PROJ-005,Central Jeddah Al Sanabel Intersection Upgrade,2255004,1299802,24817136,27954796,3137660
2026-03-01,JED-PROJ-005,Central Jeddah Al Sanabel Intersection Upgrade,2261050,3651534,27078186,31606330,4528144
2026-04-01,JED-PROJ-005,Central Jeddah Al Sanabel Intersection Upgrade,2255004,1995044,29333190,33601374,4268184
2026-05-01,JED-PROJ-005,Central Jeddah Al Sanabel Intersection Upgrade,2255004,2920019,31588194,36521393,4933199
2026-06-01,JED-PROJ-005,Central Jeddah Al Sanabel Intersection Upgrade,2255004,1922497,33843198,38443890,4600692
2026-07-01,JED-PROJ-005,Central Jeddah Al Sanabel Intersection Upgrade,2261049,2726560,36104247,41170450,5066203
2026-08-01,JED-PROJ-005,Central Jeddah Al Sanabel Intersection Upgrade,2255004,2375915,38359251,43546365,5187114
2026-09-01,JED-PROJ-005,Central Jeddah Al Sanabel Intersection Upgrade,2255004,0,40614255,29353241,-11261014
2025-05-05,JED-PROJ-006,Corniche Al Ruwais Traffic Flow Optimization,0,487844,0,487844,487844
2025-06-01,JED-PROJ-006,Corniche Al Ruwais Traffic Flow Optimization,3549067,2597771,3549067,3085615,-463452
2025-07-01,JED-PROJ-006,Corniche Al Ruwais Traffic Flow Optimization,3549067,3006340,7098134,6091955,-1006179
2025-08-01,JED-PROJ-006,Corniche Al Ruwais Traffic Flow Optimization,3549067,4927227,10647201,11019182,371981
2025-09-01,JED-PROJ-006,Corniche Al Ruwais Traffic Flow Optimization,3549067,2536790,14196268,13555972,-640296
2025-10-01,JED-PROJ-006,Corniche Al Ruwais Traffic Flow Optimization,3542968,5244326,17739236,18800298,1061062
2025-11-01,JED-PROJ-006,Corniche Al Ruwais Traffic Flow Optimization,3549067,3597851,21288303,22398149,1109846
2025-12-01,JED-PROJ-006,Corniche Al Ruwais Traffic Flow Optimization,3549067,3475890,24837370,25874039,1036669
2026-01-01,JED-PROJ-006,Corniche Al Ruwais Traffic Flow Optimization,3549067,2372143,28386437,28246182,-140255
2026-02-01,JED-PROJ-006,Corniche Al Ruwais Traffic Flow Optimization,3549067,2786810,31935504,31032992,-902512
2026-03-01,JED-PROJ-006,Corniche Al Ruwais Traffic Flow Optimization,3549067,5573621,35484571,36606613,1122042
2026-04-01,JED-PROJ-006,Corniche Al Ruwais Traffic Flow Optimization,3549067,2469711,39033638,39076324,42686
2026-05-01,JED-PROJ-006,Corniche Al Ruwais Traffic Flow Optimization,3542969,4744286,42576607,43820610,1244003
2026-06-01,JED-PROJ-006,Corniche Al Ruwais Traffic Flow Optimization,3549067,3561263,46125674,47381873,1256199
2026-07-01,JED-PROJ-006,Corniche Al Ruwais Traffic Flow Optimization,3549067,3323439,49674741,50705312,1030571
2026-08-01,JED-PROJ-006,Corniche Al Ruwais Traffic Flow Optimization,3549066,2341652,53223807,53046964,-176843
2026-09-01,JED-PROJ-006,Corniche Al Ruwais Traffic Flow Optimization,3549067,10360329,56772874,63407293,6634419
2025-05-04,JED-PROJ-007,Airport District Al Aziziyah Mobility Improvement,0,513309,0,513309,513309
2025-06-01,JED-PROJ-007,Airport District Al Aziziyah Mobility Improvement,2521732,700708,2521732,1214017,-1307715
2025-07-01,JED-PROJ-007,Airport District Al Aziziyah Mobility Improvement,2521733,1262903,5043465,2476920,-2566545
2025-08-01,JED-PROJ-007,Airport District Al Aziziyah Mobility Improvement,2517658,2049162,7561123,4526082,-3035041
2025-09-01,JED-PROJ-007,Airport District Al Aziziyah Mobility Improvement,2521732,2041014,10082855,6567096,-3515759
2025-10-01,JED-PROJ-007,Airport District Al Aziziyah Mobility Improvement,2521733,1128465,12604588,7695561,-4909027
2025-11-01,JED-PROJ-007,Airport District Al Aziziyah Mobility Improvement,2517658,1295494,15122246,8991055,-6131191
2025-12-01,JED-PROJ-007,Airport District Al Aziziyah Mobility Improvement,2521733,786259,17643979,9777314,-7866665
2026-01-01,JED-PROJ-007,Airport District Al Aziziyah Mobility Improvement,2521732,2240635,20165711,12017949,-8147762
2026-02-01,JED-PROJ-007,Airport District Al Aziziyah Mobility Improvement,2521732,2032867,22687443,14050816,-8636627
2026-03-01,JED-PROJ-007,Airport District Al Aziziyah Mobility Improvement,2521733,236285,25209176,14287101,-10922075
2026-04-01,JED-PROJ-007,Airport District Al Aziziyah Mobility Improvement,2517658,2032866,27726834,16319967,-11406867
2026-05-01,JED-PROJ-007,Airport District Al Aziziyah Mobility Improvement,2521732,2008424,30248566,18328391,-11920175
2026-06-01,JED-PROJ-007,Airport District Al Aziziyah Mobility Improvement,2521733,1283272,32770299,19611663,-13158636
2026-07-01,JED-PROJ-007,Airport District Al Aziziyah Mobility Improvement,2517658,1417711,35287957,21029374,-14258583
2026-08-01,JED-PROJ-007,Airport District Al Aziziyah Mobility Improvement,2521733,1486966,37809690,22516340,-15293350
2026-09-01,JED-PROJ-007,Airport District Al Aziziyah Mobility Improvement,2521732,7685218,40331422,30201558,-10129864
2025-09-13,JED-PROJ-008,Obhur Al Naseem Transport Link Upgrade,0,0,0,0,0
2025-10-01,JED-PROJ-008,Obhur Al Naseem Transport Link Upgrade,35032530,8098273,35032530,8098273,-26934257
2025-11-01,JED-PROJ-008,Obhur Al Naseem Transport Link Upgrade,34972543,1499681,70005073,9597954,-60407119
2025-12-01,JED-PROJ-008,Obhur Al Naseem Transport Link Upgrade,34972544,2639437,104977617,12237391,-92740226
2026-01-01,JED-PROJ-008,Obhur Al Naseem Transport Link Upgrade,35032530,2459475,140010147,14696866,-125313281
2026-02-01,JED-PROJ-008,Obhur Al Naseem Transport Link Upgrade,35032530,0,175042677,14696866,-160345811
2026-03-01,JED-PROJ-008,Obhur Al Naseem Transport Link Upgrade,34972543,0,210015220,14696866,-195318354
2026-04-01,JED-PROJ-008,Obhur Al Naseem Transport Link Upgrade,34972544,1799617,244987764,16496483,-228491281
2026-05-01,JED-PROJ-008,Obhur Al Naseem Transport Link Upgrade,35032530,0,280020294,16496483,-263523811
2026-06-01,JED-PROJ-008,Obhur Al Naseem Transport Link Upgrade,35032530,839821,315052824,17336304,-297716520
2026-07-01,JED-PROJ-008,Obhur Al Naseem Transport Link Upgrade,34972543,3419270,350025367,20755574,-329269793
2026-08-01,JED-PROJ-008,Obhur Al Naseem Transport Link Upgrade,34972544,3479259,384997911,24234833,-360763078
2026-09-01,JED-PROJ-008,Obhur Al Naseem Transport Link Upgrade,35032530,449355510,420030441,473590343,53559902
2025-06-10,JED-PROJ-009,Al Balad Al Manar Intersection Upgrade,0,0,0,0,0
2025-07-01,JED-PROJ-009,Al Balad Al Manar Intersection Upgrade,15104049,9885810,15104049,9885810,-5218239
2025-08-01,JED-PROJ-009,Al Balad Al Manar Intersection Upgrade,15104050,18276949,30208099,28162759,-2045340
2025-09-01,JED-PROJ-009,Al Balad Al Manar Intersection Upgrade,15077827,8600917,45285926,36763676,-8522250
2025-10-01,JED-PROJ-009,Al Balad Al Manar Intersection Upgrade,15104049,17752502,60389975,54516178,-5873797
2025-11-01,JED-PROJ-009,Al Balad Al Manar Intersection Upgrade,15104049,14448492,75494024,68964670,-6529354
2025-12-01,JED-PROJ-009,Al Balad Al Manar Intersection Upgrade,15104050,11275592,90598074,80240262,-10357812
2026-01-01,JED-PROJ-009,Al Balad Al Manar Intersection Upgrade,15104049,16598721,105702123,96838983,-8863140
2026-02-01,JED-PROJ-009,Al Balad Al Manar Intersection Upgrade,15077827,8417361,120779950,105256344,-15523606
2026-03-01,JED-PROJ-009,Al Balad Al Manar Intersection Upgrade,15104050,13766712,135884000,119023056,-16860944
2026-04-01,JED-PROJ-009,Al Balad Al Manar Intersection Upgrade,15104049,21135180,150988049,140158236,-10829813
2026-05-01,JED-PROJ-009,Al Balad Al Manar Intersection Upgrade,15104049,9335141,166092098,149493377,-16598721
2026-06-01,JED-PROJ-009,Al Balad Al Manar Intersection Upgrade,15104050,11511594,181196148,161004971,-20191177
2026-07-01,JED-PROJ-009,Al Balad Al Manar Intersection Upgrade,15077827,17437834,196273975,178442805,-17831170
2026-08-01,JED-PROJ-009,Al Balad Al Manar Intersection Upgrade,15104049,16048053,211378024,194490858,-16887166
2026-09-01,JED-PROJ-009,Al Balad Al Manar Intersection Upgrade,15104049,73956005,226482073,268446863,41964790
2025-03-28,JED-PROJ-010,King Abdulaziz Road Al Marwah Intersection Upgrade,0,1422670,0,1422670,1422670
2025-04-01,JED-PROJ-010,King Abdulaziz Road Al Marwah Intersection Upgrade,13289029,8924019,13289029,10346689,-2942340
2025-05-01,JED-PROJ-010,King Abdulaziz Road Al Marwah Intersection Upgrade,13256695,14744032,26545724,25090721,-1455003
2025-06-01,JED-PROJ-010,King Abdulaziz Road Al Marwah Intersection Upgrade,13289028,20758044,39834752,45848765,6014013
2025-07-01,JED-PROJ-010,King Abdulaziz Road Al Marwah Intersection Upgrade,13256696,15261367,53091448,61110132,8018684
2025-08-01,JED-PROJ-010,King Abdulaziz Road Al Marwah Intersection Upgrade,13289028,16296035,66380476,77406167,11025691
2025-09-01,JED-PROJ-010,King Abdulaziz Road Al Marwah Intersection Upgrade,13289029,16199035,79669505,93605202,13935697
2025-10-01,JED-PROJ-010,King Abdulaziz Road Al Marwah Intersection Upgrade,13256695,18074372,92926200,111679574,18753374
2025-11-01,JED-PROJ-010,King Abdulaziz Road Al Marwah Intersection Upgrade,13289029,9797021,106215229,121476595,15261366
2025-12-01,JED-PROJ-010,King Abdulaziz Road Al Marwah Intersection Upgrade,13289028,12933361,119504257,134409956,14905699
2026-01-01,JED-PROJ-010,King Abdulaziz Road Al Marwah Intersection Upgrade,13256696,20661045,132760953,155071001,22310048
2026-02-01,JED-PROJ-010,King Abdulaziz Road Al Marwah Intersection Upgrade,13289028,9053353,146049981,164124354,18074373
2026-03-01,JED-PROJ-010,King Abdulaziz Road Al Marwah Intersection Upgrade,13256696,17104370,159306677,181228724,21922047
2026-04-01,JED-PROJ-010,King Abdulaziz Road Al Marwah Intersection Upgrade,13289028,10993357,172595705,192222081,19626376
2026-05-01,JED-PROJ-010,King Abdulaziz Road Al Marwah Intersection Upgrade,13289029,14517698,185884734,206739779,20855045
2026-06-01,JED-PROJ-010,King Abdulaziz Road Al Marwah Intersection Upgrade,13256695,26093056,199141429,232832835,33691406
2026-07-01,JED-PROJ-010,King Abdulaziz Road Al Marwah Intersection Upgrade,13289029,13677029,212430458,246509864,34079406
2026-08-01,JED-PROJ-010,King Abdulaziz Road Al Marwah Intersection Upgrade,13256695,13547696,225687153,260057560,34370407
2026-09-01,JED-PROJ-010,King Abdulaziz Road Al Marwah Intersection Upgrade,13289029,0,238976182,242248268,3272086
2026-05-30,JED-PROJ-011,Prince Majed Corridor Al Khalidiyah Mobility Improvement,0,0,0,0,0
2026-06-01,JED-PROJ-011,Prince Majed Corridor Al Khalidiyah Mobility Improvement,1795380,2116436,1795380,2116436,321056
2026-07-01,JED-PROJ-011,Prince Majed Corridor Al Khalidiyah Mobility Improvement,1791155,2779670,3586535,4896106,1309571
2026-08-01,JED-PROJ-011,Prince Majed Corridor Al Khalidiyah Mobility Improvement,1795379,3088052,5381914,7984158,2602244
2026-09-01,JED-PROJ-011,Prince Majed Corridor Al Khalidiyah Mobility Improvement,1795380,334065,7177294,8318223,1140929
2026-05-26,JED-PROJ-012,Haramain Gateway Al Rawdah Traffic Flow Optimization,0,4381619,0,4381619,4381619
2026-06-01,JED-PROJ-012,Haramain Gateway Al Rawdah Traffic Flow Optimization,18281926,19339558,18281926,23721177,5439251
2026-07-01,JED-PROJ-012,Haramain Gateway Al Rawdah Traffic Flow Optimization,18281927,47971171,36563853,71692348,35128495
2026-08-01,JED-PROJ-012,Haramain Gateway Al Rawdah Traffic Flow Optimization,18357472,23796723,54921325,95489071,40567746
2026-09-01,JED-PROJ-012,Haramain Gateway Al Rawdah Traffic Flow Optimization,18281926,129254394,73203251,224743465,151540214
2025-11-07,JED-PROJ-013,Northern Jeddah Al Rabwah Bridge Rehabilitation,0,2088634,0,2088634,2088634
2025-12-01,JED-PROJ-013,Northern Jeddah Al Rabwah Bridge Rehabilitation,26160146,19528732,26160146,21617366,-4542780
2026-01-01,JED-PROJ-013,Northern Jeddah Al Rabwah Bridge Rehabilitation,26160146,19946458,52320292,41563824,-10756468
2026-02-01,JED-PROJ-013,Northern Jeddah Al Rabwah Bridge Rehabilitation,26107930,25168045,78428222,66731869,-11696353
2026-03-01,JED-PROJ-013,Northern Jeddah Al Rabwah Bridge Rehabilitation,26160145,30702926,104588367,97434795,-7153572
2026-04-01,JED-PROJ-013,Northern Jeddah Al Rabwah Bridge Rehabilitation,26160146,9137775,130748513,106572570,-24175943
2026-05-01,JED-PROJ-013,Northern Jeddah Al Rabwah Bridge Rehabilitation,26160146,25063613,156908659,131636183,-25272476
2026-06-01,JED-PROJ-013,Northern Jeddah Al Rabwah Bridge Rehabilitation,26160146,21826229,183068805,153462412,-29606393
2026-07-01,JED-PROJ-013,Northern Jeddah Al Rabwah Bridge Rehabilitation,26107930,23027194,209176735,176489606,-32687129
2026-08-01,JED-PROJ-013,Northern Jeddah Al Rabwah Bridge Rehabilitation,26160146,38483089,235336881,214972695,-20364186
2026-09-01,JED-PROJ-013,Northern Jeddah Al Rabwah Bridge Rehabilitation,26160145,104301277,261497026,319273972,57776946
2024-08-03,JED-PROJ-014,Southern Jeddah Al Salamah Intersection Upgrade,0,0,0,0,0
2024-09-01,JED-PROJ-014,Southern Jeddah Al Salamah Intersection Upgrade,3021023,0,3021023,0,-3021023
2024-10-01,JED-PROJ-014,Southern Jeddah Al Salamah Intersection Upgrade,3021024,1846181,6042047,1846181,-4195866
2024-11-01,JED-PROJ-014,Southern Jeddah Al Salamah Intersection Upgrade,3021023,884946,9063070,2731127,-6331943
2024-12-01,JED-PROJ-014,Southern Jeddah Al Salamah Intersection Upgrade,3021023,114433,12084093,2845560,-9238533
2025-01-01,JED-PROJ-014,Southern Jeddah Al Salamah Intersection Upgrade,3021023,1647831,15105116,4493391,-10611725
2025-02-01,JED-PROJ-014,Southern Jeddah Al Salamah Intersection Upgrade,3021024,839173,18126140,5332564,-12793576
2025-03-01,JED-PROJ-014,Southern Jeddah Al Salamah Intersection Upgrade,3021023,1533398,21147163,6865962,-14281201
2025-04-01,JED-PROJ-014,Southern Jeddah Al Salamah Intersection Upgrade,3021023,984121,24168186,7850083,-16318103
2025-05-01,JED-PROJ-014,Southern Jeddah Al Salamah Intersection Upgrade,3021024,0,27189210,7850083,-19339127
2025-06-01,JED-PROJ-014,Southern Jeddah Al Salamah Intersection Upgrade,3021023,1151956,30210233,9002039,-21208194
2025-07-01,JED-PROJ-014,Southern Jeddah Al Salamah Intersection Upgrade,3021023,1624944,33231256,10626983,-22604273
2025-08-01,JED-PROJ-014,Southern Jeddah Al Salamah Intersection Upgrade,3021024,602679,36252280,11229662,-25022618
2025-09-01,JED-PROJ-014,Southern Jeddah Al Salamah Intersection Upgrade,3021023,1907212,39273303,13136874,-26136429
2025-10-01,JED-PROJ-014,Southern Jeddah Al Salamah Intersection Upgrade,3021023,389071,42294326,13525945,-28768381
2025-11-01,JED-PROJ-014,Southern Jeddah Al Salamah Intersection Upgrade,3021023,0,45315349,13525945,-31789404
2025-12-01,JED-PROJ-014,Southern Jeddah Al Salamah Intersection Upgrade,3021024,251752,48336373,13777697,-34558676
2026-01-01,JED-PROJ-014,Southern Jeddah Al Salamah Intersection Upgrade,3021023,2509891,51357396,16287588,-35069808
2026-02-01,JED-PROJ-014,Southern Jeddah Al Salamah Intersection Upgrade,3021023,0,54378419,16287588,-38090831
2026-03-01,JED-PROJ-014,Southern Jeddah Al Salamah Intersection Upgrade,3021024,1716490,57399443,18004078,-39395365
2026-04-01,JED-PROJ-014,Southern Jeddah Al Salamah Intersection Upgrade,3021023,1907212,60420466,19911290,-40509176
2026-05-01,JED-PROJ-014,Southern Jeddah Al Salamah Intersection Upgrade,3021023,0,63441489,19911290,-43530199
2026-06-01,JED-PROJ-014,Southern Jeddah Al Salamah Intersection Upgrade,3021023,350927,66462512,20262217,-46200295
2026-07-01,JED-PROJ-014,Southern Jeddah Al Salamah Intersection Upgrade,3021024,1632573,69483536,21894790,-47588746
2026-08-01,JED-PROJ-014,Southern Jeddah Al Salamah Intersection Upgrade,3021023,427215,72504559,22322005,-50182554
2026-09-01,JED-PROJ-014,Southern Jeddah Al Salamah Intersection Upgrade,3021023,33001575,75525582,55323580,-20202002
2026-01-24,JED-PROJ-015,Eastern Jeddah Al Rowais Bridge Rehabilitation,0,1015131,0,1015131,1015131
2026-02-01,JED-PROJ-015,Eastern Jeddah Al Rowais Bridge Rehabilitation,2892167,0,2892167,1015131,-1877036
2026-03-01,JED-PROJ-015,Eastern Jeddah Al Rowais Bridge Rehabilitation,2898551,0,5790718,1015131,-4775587
2026-04-01,JED-PROJ-015,Eastern Jeddah Al Rowais Bridge Rehabilitation,2892166,0,8682884,1015131,-7667753
2026-05-01,JED-PROJ-015,Eastern Jeddah Al Rowais Bridge Rehabilitation,2898551,0,11581435,1015131,-10566304
2026-06-01,JED-PROJ-015,Eastern Jeddah Al Rowais Bridge Rehabilitation,2892167,0,14473602,1015131,-13458471
2026-07-01,JED-PROJ-015,Eastern Jeddah Al Rowais Bridge Rehabilitation,2892167,0,17365769,1015131,-16350638
2026-08-01,JED-PROJ-015,Eastern Jeddah Al Rowais Bridge Rehabilitation,2898551,0,20264320,1015131,-19249189
2026-09-01,JED-PROJ-015,Eastern Jeddah Al Rowais Bridge Rehabilitation,2892166,12407525,23156486,13422656,-9733830
2025-05-14,JED-PROJ-016,Western Jeddah Obhur Intersection Upgrade,0,434748,0,434748,434748
2025-06-01,JED-PROJ-016,Western Jeddah Obhur Intersection Upgrade,1995887,513793,1995887,948541,-1047346
2025-07-01,JED-PROJ-016,Western Jeddah Obhur Intersection Upgrade,1989301,2555789,3985188,3504330,-480858
2025-08-01,JED-PROJ-016,Western Jeddah Obhur Intersection Upgrade,1995887,3221086,5981075,6725416,744341
2025-09-01,JED-PROJ-016,Western Jeddah Obhur Intersection Upgrade,1995888,19761,7976963,6745177,-1231786
2025-10-01,JED-PROJ-016,Western Jeddah Obhur Intersection Upgrade,1989300,3840272,9966263,10585449,619186
2025-11-01,JED-PROJ-016,Western Jeddah Obhur Intersection Upgrade,1995887,704818,11962150,11290267,-671883
2025-12-01,JED-PROJ-016,Western Jeddah Obhur Intersection Upgrade,1995888,1580901,13958038,12871168,-1086870
2026-01-01,JED-PROJ-016,Western Jeddah Obhur Intersection Upgrade,1995887,3339654,15953925,16210822,256897
2026-02-01,JED-PROJ-016,Western Jeddah Obhur Intersection Upgrade,1989301,1811449,17943226,18022271,79045
2026-03-01,JED-PROJ-016,Western Jeddah Obhur Intersection Upgrade,1995887,2555789,19939113,20578060,638947
2026-04-01,JED-PROJ-016,Western Jeddah Obhur Intersection Upgrade,1995887,1633598,21935000,22211658,276658
2026-05-01,JED-PROJ-016,Western Jeddah Obhur Intersection Upgrade,1989301,2127629,23924301,24339287,414986
2026-06-01,JED-PROJ-016,Western Jeddah Obhur Intersection Upgrade,1995887,731167,25920188,25070454,-849734
2026-07-01,JED-PROJ-016,Western Jeddah Obhur Intersection Upgrade,1995888,1719230,27916076,26789684,-1126392
2026-08-01,JED-PROJ-016,Western Jeddah Obhur Intersection Upgrade,1989300,3326479,29905376,30116163,210787
2026-09-01,JED-PROJ-016,Western Jeddah Obhur Intersection Upgrade,1995887,0,31901263,25842003,-6059260
2026-02-07,JED-PROJ-017,Central Jeddah Al Zahra Intersection Upgrade,0,1603128,0,1603128,1603128
2026-03-01,JED-PROJ-017,Central Jeddah Al Zahra Intersection Upgrade,2735281,63401,2735281,1666529,-1068752
2026-04-01,JED-PROJ-017,Central Jeddah Al Zahra Intersection Upgrade,2735282,1820502,5470563,3487031,-1983532
2026-05-01,JED-PROJ-017,Central Jeddah Al Zahra Intersection Upgrade,2735281,3269657,8205844,6756688,-1449156
2026-06-01,JED-PROJ-017,Central Jeddah Al Zahra Intersection Upgrade,2735281,525319,10941125,7282007,-3659118
2026-07-01,JED-PROJ-017,Central Jeddah Al Zahra Intersection Upgrade,2735282,3876492,13676407,11158499,-2517908
2026-08-01,JED-PROJ-017,Central Jeddah Al Zahra Intersection Upgrade,2735281,1720872,16411688,12879371,-3532317
2026-09-01,JED-PROJ-017,Central Jeddah Al Zahra Intersection Upgrade,2735281,3657611,19146969,16536982,-2609987
2024-11-19,JED-PROJ-018,Corniche Al Bawadi Mobility Improvement,0,1782229,0,1782229,1782229
2024-12-01,JED-PROJ-018,Corniche Al Bawadi Mobility Improvement,5762541,3821891,5762541,5604120,-158421
2025-01-01,JED-PROJ-018,Corniche Al Bawadi Mobility Improvement,5742738,0,11505279,5604120,-5901159
2025-02-01,JED-PROJ-018,Corniche Al Bawadi Mobility Improvement,5762541,8614108,17267820,14218228,-3049592
2025-03-01,JED-PROJ-018,Corniche Al Bawadi Mobility Improvement,5762541,950522,23030361,15168750,-7861611
2025-04-01,JED-PROJ-018,Corniche Al Bawadi Mobility Improvement,5762541,6059579,28792902,21228329,-7564573
2025-05-01,JED-PROJ-018,Corniche Al Bawadi Mobility Improvement,5742738,178223,34535640,21406552,-13129088
2025-06-01,JED-PROJ-018,Corniche Al Bawadi Mobility Improvement,5762541,7881413,40298181,29287965,-11010216
2025-07-01,JED-PROJ-018,Corniche Al Bawadi Mobility Improvement,5762541,158421,46060722,29446386,-16614336
2025-08-01,JED-PROJ-018,Corniche Al Bawadi Mobility Improvement,5762540,1089140,51823262,30535526,-21287736
2025-09-01,JED-PROJ-018,Corniche Al Bawadi Mobility Improvement,5742739,10158706,57566001,40694232,-16871769
2025-10-01,JED-PROJ-018,Corniche Al Bawadi Mobility Improvement,5762540,0,63328541,40694232,-22634309
2025-11-01,JED-PROJ-018,Corniche Al Bawadi Mobility Improvement,5762541,3386235,69091082,44080467,-25010615
2025-12-01,JED-PROJ-018,Corniche Al Bawadi Mobility Improvement,5742739,8277464,74833821,52357931,-22475890
2026-01-01,JED-PROJ-018,Corniche Al Bawadi Mobility Improvement,5762540,3782286,80596361,56140217,-24456144
2026-02-01,JED-PROJ-018,Corniche Al Bawadi Mobility Improvement,5762541,1089140,86358902,57229357,-29129545
2026-03-01,JED-PROJ-018,Corniche Al Bawadi Mobility Improvement,5762541,4198140,92121443,61427497,-30693946
2026-04-01,JED-PROJ-018,Corniche Al Bawadi Mobility Improvement,5742738,2475318,97864181,63902815,-33961366
2026-05-01,JED-PROJ-018,Corniche Al Bawadi Mobility Improvement,5762541,2673344,103626722,66576159,-37050563
2026-06-01,JED-PROJ-018,Corniche Al Bawadi Mobility Improvement,5762541,4039719,109389263,70615878,-38773385
2026-07-01,JED-PROJ-018,Corniche Al Bawadi Mobility Improvement,5762541,6218000,115151804,76833878,-38317926
2026-08-01,JED-PROJ-018,Corniche Al Bawadi Mobility Improvement,5742738,4356560,120894542,81190438,-39704104
2026-09-01,JED-PROJ-018,Corniche Al Bawadi Mobility Improvement,5762541,46881439,126657083,128071877,1414794
2025-03-08,JED-PROJ-019,Airport District Al Naeem Traffic Flow Optimization,0,1451674,0,1451674,1451674
2025-04-01,JED-PROJ-019,Airport District Al Naeem Traffic Flow Optimization,5667112,2833556,5667112,4285230,-1381882
2025-05-01,JED-PROJ-019,Airport District Al Naeem Traffic Flow Optimization,5653153,8375042,11320265,12660272,1340007
2025-06-01,JED-PROJ-019,Airport District Al Naeem Traffic Flow Optimization,5667111,4145645,16987376,16805917,-181459
2025-07-01,JED-PROJ-019,Airport District Al Naeem Traffic Flow Optimization,5667112,8821711,22654488,25627628,2973140
2025-08-01,JED-PROJ-019,Airport District Al Naeem Traffic Flow Optimization,5653153,5792737,28307641,31420365,3112724
2025-09-01,JED-PROJ-019,Airport District Al Naeem Traffic Flow Optimization,5667112,8584418,33974753,40004783,6030030
2025-10-01,JED-PROJ-019,Airport District Al Naeem Traffic Flow Optimization,5667112,3643143,39641865,43647926,4006061
2025-11-01,JED-PROJ-019,Airport District Al Naeem Traffic Flow Optimization,5653153,5178568,45295018,48826494,3531476
2025-12-01,JED-PROJ-019,Airport District Al Naeem Traffic Flow Optimization,5667111,6462740,50962129,55289234,4327105
2026-01-01,JED-PROJ-019,Airport District Al Naeem Traffic Flow Optimization,5667112,9463798,56629241,64753032,8123791
2026-02-01,JED-PROJ-019,Airport District Al Naeem Traffic Flow Optimization,5653153,5611278,62282394,70364310,8081916
2026-03-01,JED-PROJ-019,Airport District Al Naeem Traffic Flow Optimization,5667112,3754810,67949506,74119120,6169614
2026-04-01,JED-PROJ-019,Airport District Al Naeem Traffic Flow Optimization,5667111,6253364,73616617,80372484,6755867
2026-05-01,JED-PROJ-019,Airport District Al Naeem Traffic Flow Optimization,5653154,9449839,79269771,89822323,10552552
2026-06-01,JED-PROJ-019,Airport District Al Naeem Traffic Flow Optimization,5667111,3182516,84936882,93004839,8067957
2026-07-01,JED-PROJ-019,Airport District Al Naeem Traffic Flow Optimization,5667112,10105884,90603994,103110723,12506729
2026-08-01,JED-PROJ-019,Airport District Al Naeem Traffic Flow Optimization,5653153,5764820,96257147,108875543,12618396
2026-09-01,JED-PROJ-019,Airport District Al Naeem Traffic Flow Optimization,5667112,2335361,101924259,111210904,9286645
2024-02-14,JED-PROJ-020,Obhur Al Waha Traffic Flow Optimization,0,0,0,0,0
2024-03-01,JED-PROJ-020,Obhur Al Waha Traffic Flow Optimization,2727742,4205621,2727742,4205621,1477879
2024-04-01,JED-PROJ-020,Obhur Al Waha Traffic Flow Optimization,2719297,861392,5447039,5067013,-380026
2024-05-01,JED-PROJ-020,Obhur Al Waha Traffic Flow Optimization,2727742,2710852,8174781,7777865,-396916
2024-06-01,JED-PROJ-020,Obhur Al Waha Traffic Flow Optimization,2719297,4070500,10894078,11848365,954287
2024-07-01,JED-PROJ-020,Obhur Al Waha Traffic Flow Optimization,2727742,3133103,13621820,14981468,1359648
2024-08-01,JED-PROJ-020,Obhur Al Waha Traffic Flow Optimization,2719296,2837527,16341116,17818995,1477879
2024-09-01,JED-PROJ-020,Obhur Al Waha Traffic Flow Optimization,2727742,2018360,19068858,19837355,768497
2024-10-01,JED-PROJ-020,Obhur Al Waha Traffic Flow Optimization,2727742,1579219,21796600,21416574,-380026
2024-11-01,JED-PROJ-020,Obhur Al Waha Traffic Flow Optimization,2719297,1832570,24515897,23249144,-1266753
2024-12-01,JED-PROJ-020,Obhur Al Waha Traffic Flow Optimization,2727742,4838997,27243639,28088141,844502
2025-01-01,JED-PROJ-020,Obhur Al Waha Traffic Flow Optimization,2719297,2052140,29962936,30140281,177345
2025-02-01,JED-PROJ-020,Obhur Al Waha Traffic Flow Optimization,2727742,2322381,32690678,32462662,-228016
2025-03-01,JED-PROJ-020,Obhur Al Waha Traffic Flow Optimization,2727742,4188731,35418420,36651393,1232973
2025-04-01,JED-PROJ-020,Obhur Al Waha Traffic Flow Optimization,2719297,304021,38137717,36955414,-1182303
2025-05-01,JED-PROJ-020,Obhur Al Waha Traffic Flow Optimization,2727742,3884709,40865459,40840123,-25336
2025-06-01,JED-PROJ-020,Obhur Al Waha Traffic Flow Optimization,2719296,1258309,43584755,42098432,-1486323
2025-07-01,JED-PROJ-020,Obhur Al Waha Traffic Flow Optimization,2727742,4121170,46312497,46219602,-92895
2025-08-01,JED-PROJ-020,Obhur Al Waha Traffic Flow Optimization,2719297,1469434,49031794,47689036,-1342758
2025-09-01,JED-PROJ-020,Obhur Al Waha Traffic Flow Optimization,2727742,2913532,51759536,50602568,-1156968
2025-10-01,JED-PROJ-020,Obhur Al Waha Traffic Flow Optimization,2727742,2719297,54487278,53321865,-1165413
2025-11-01,JED-PROJ-020,Obhur Al Waha Traffic Flow Optimization,2719297,4340741,57206575,57662606,456031
2025-12-01,JED-PROJ-020,Obhur Al Waha Traffic Flow Optimization,2727742,3014873,59934317,60677479,743162
2026-01-01,JED-PROJ-020,Obhur Al Waha Traffic Flow Optimization,2719297,2229485,62653614,62906964,253350
2026-02-01,JED-PROJ-020,Obhur Al Waha Traffic Flow Optimization,2727742,3876265,65381356,66783229,1401873
2026-03-01,JED-PROJ-020,Obhur Al Waha Traffic Flow Optimization,2727742,937398,68109098,67720627,-388471
2026-04-01,JED-PROJ-020,Obhur Al Waha Traffic Flow Optimization,2719296,2457501,70828394,70178128,-650266
2026-05-01,JED-PROJ-020,Obhur Al Waha Traffic Flow Optimization,2727742,4492751,73556136,74670879,1114743
2026-06-01,JED-PROJ-020,Obhur Al Waha Traffic Flow Optimization,2719297,768497,76275433,75439376,-836057
2026-07-01,JED-PROJ-020,Obhur Al Waha Traffic Flow Optimization,2727742,4974118,79003175,80413494,1410319
2026-08-01,JED-PROJ-020,Obhur Al Waha Traffic Flow Optimization,2719297,0,81722472,80413494,-1308978
2026-09-01,JED-PROJ-020,Obhur Al Waha Traffic Flow Optimization,2727742,0,84450214,78705279,-5744935
2025-06-11,JED-PROJ-021,Al Balad Al Samer Bridge Rehabilitation,0,0,0,0,0
2025-07-01,JED-PROJ-021,Al Balad Al Samer Bridge Rehabilitation,8248041,14793261,8248041,14793261,6545220
2025-08-01,JED-PROJ-021,Al Balad Al Samer Bridge Rehabilitation,8248041,7582876,16496082,22376137,5880055
2025-09-01,JED-PROJ-021,Al Balad Al Samer Bridge Rehabilitation,8248041,15511638,24744123,37887775,13143652
2025-10-01,JED-PROJ-021,Al Balad Al Samer Bridge Rehabilitation,8221434,2234953,32965557,40122728,7157171
2025-11-01,JED-PROJ-021,Al Balad Al Samer Bridge Rehabilitation,8248041,15671278,41213598,55794006,14580408
2025-12-01,JED-PROJ-021,Al Balad Al Samer Bridge Rehabilitation,8248041,15032720,49461639,70826726,21365087
2026-01-01,JED-PROJ-021,Al Balad Al Samer Bridge Rehabilitation,8248041,6784679,57709680,77611405,19901725
2026-02-01,JED-PROJ-021,Al Balad Al Samer Bridge Rehabilitation,8248041,12052782,65957721,89664187,23706466
2026-03-01,JED-PROJ-021,Al Balad Al Samer Bridge Rehabilitation,8248041,11706897,74205762,101371084,27165322
2026-04-01,JED-PROJ-021,Al Balad Al Samer Bridge Rehabilitation,8248041,8726960,82453803,110098044,27644241
2026-05-01,JED-PROJ-021,Al Balad Al Samer Bridge Rehabilitation,8248041,12717947,90701844,122815991,32114147
2026-06-01,JED-PROJ-021,Al Balad Al Samer Bridge Rehabilitation,8221435,10642633,98923279,133458624,34535345
2026-07-01,JED-PROJ-021,Al Balad Al Samer Bridge Rehabilitation,8248041,14074883,107171320,147533507,40362187
2026-08-01,JED-PROJ-021,Al Balad Al Samer Bridge Rehabilitation,8248041,2873511,115419361,150407018,34987657
2026-09-01,JED-PROJ-021,Al Balad Al Samer Bridge Rehabilitation,8248041,0,123667402,126075364,2407962
2024-06-11,JED-PROJ-022,King Abdulaziz Road Al Ruwais Mobility Improvement,0,911304,0,911304,911304
2024-07-01,JED-PROJ-022,King Abdulaziz Road Al Ruwais Mobility Improvement,1501964,241889,1501964,1153193,-348771
2024-08-01,JED-PROJ-022,King Abdulaziz Road Al Ruwais Mobility Improvement,1501964,0,3003928,1153193,-1850735
2024-09-01,JED-PROJ-022,King Abdulaziz Road Al Ruwais Mobility Improvement,1496339,180011,4500267,1333204,-3167063
2024-10-01,JED-PROJ-022,King Abdulaziz Road Al Ruwais Mobility Improvement,1501964,0,6002231,1333204,-4669027
2024-11-01,JED-PROJ-022,King Abdulaziz Road Al Ruwais Mobility Improvement,1501965,0,7504196,1333204,-6170992
2024-12-01,JED-PROJ-022,King Abdulaziz Road Al Ruwais Mobility Improvement,1501964,770671,9006160,2103875,-6902285
2025-01-01,JED-PROJ-022,King Abdulaziz Road Al Ruwais Mobility Improvement,1501964,135008,10508124,2238883,-8269241
2025-02-01,JED-PROJ-022,King Abdulaziz Road Al Ruwais Mobility Improvement,1501964,832549,12010088,3071432,-8938656
2025-03-01,JED-PROJ-022,King Abdulaziz Road Al Ruwais Mobility Improvement,1496339,0,13506427,3071432,-10434995
2025-04-01,JED-PROJ-022,King Abdulaziz Road Al Ruwais Mobility Improvement,1501964,1513215,15008391,4584647,-10423744
2025-05-01,JED-PROJ-022,King Abdulaziz Road Al Ruwais Mobility Improvement,1501965,388148,16510356,4972795,-11537561
2025-06-01,JED-PROJ-022,King Abdulaziz Road Al Ruwais Mobility Improvement,1501964,0,18012320,4972795,-13039525
2025-07-01,JED-PROJ-022,King Abdulaziz Road Al Ruwais Mobility Improvement,1501964,0,19514284,4972795,-14541489
2025-08-01,JED-PROJ-022,King Abdulaziz Road Al Ruwais Mobility Improvement,1496339,0,21010623,4972795,-16037828
2025-09-01,JED-PROJ-022,King Abdulaziz Road Al Ruwais Mobility Improvement,1501964,1102566,22512587,6075361,-16437226
2025-10-01,JED-PROJ-022,King Abdulaziz Road Al Ruwais Mobility Improvement,1501964,101256,24014551,6176617,-17837934
2025-11-01,JED-PROJ-022,King Abdulaziz Road Al Ruwais Mobility Improvement,1501964,0,25516515,6176617,-19339898
2025-12-01,JED-PROJ-022,King Abdulaziz Road Al Ruwais Mobility Improvement,1501965,1181320,27018480,7357937,-19660543
2026-01-01,JED-PROJ-022,King Abdulaziz Road Al Ruwais Mobility Improvement,1496339,185636,28514819,7543573,-20971246
2026-02-01,JED-PROJ-022,King Abdulaziz Road Al Ruwais Mobility Improvement,1501964,618787,30016783,8162360,-21854423
2026-03-01,JED-PROJ-022,King Abdulaziz Road Al Ruwais Mobility Improvement,1501964,0,31518747,8162360,-23356387
2026-04-01,JED-PROJ-022,King Abdulaziz Road Al Ruwais Mobility Improvement,1501964,45002,33020711,8207362,-24813349
2026-05-01,JED-PROJ-022,King Abdulaziz Road Al Ruwais Mobility Improvement,1501964,0,34522675,8207362,-26315313
2026-06-01,JED-PROJ-022,King Abdulaziz Road Al Ruwais Mobility Improvement,1501965,1366957,36024640,9574319,-26450321
2026-07-01,JED-PROJ-022,King Abdulaziz Road Al Ruwais Mobility Improvement,1496338,230638,37520978,9804957,-27716021
2026-08-01,JED-PROJ-022,King Abdulaziz Road Al Ruwais Mobility Improvement,1501965,0,39022943,9804957,-29217986
2026-09-01,JED-PROJ-022,King Abdulaziz Road Al Ruwais Mobility Improvement,1501964,25108786,40524907,34913743,-5611164
2023-10-15,JED-PROJ-023,Prince Majed Corridor Al Aziziyah Intersection Upgrade,0,0,0,0,0
2023-11-01,JED-PROJ-023,Prince Majed Corridor Al Aziziyah Intersection Upgrade,2418250,2136263,2418250,2136263,-281987
2023-12-01,JED-PROJ-023,Prince Majed Corridor Al Aziziyah Intersection Upgrade,2418249,1726100,4836499,3862363,-974136
2024-01-01,JED-PROJ-023,Prince Majed Corridor Al Aziziyah Intersection Upgrade,2418250,0,7254749,3862363,-3392386
2024-02-01,JED-PROJ-023,Prince Majed Corridor Al Aziziyah Intersection Upgrade,2409704,1153582,9664453,5015945,-4648508
2024-03-01,JED-PROJ-023,Prince Majed Corridor Al Aziziyah Intersection Upgrade,2418250,529793,12082703,5545738,-6536965
2024-04-01,JED-PROJ-023,Prince Majed Corridor Al Aziziyah Intersection Upgrade,2418250,2990769,14500953,8536507,-5964446
2024-05-01,JED-PROJ-023,Prince Majed Corridor Al Aziziyah Intersection Upgrade,2418249,786144,16919202,9322651,-7596551
2024-06-01,JED-PROJ-023,Prince Majed Corridor Al Aziziyah Intersection Upgrade,2418250,1170672,19337452,10493323,-8844129
2024-07-01,JED-PROJ-023,Prince Majed Corridor Al Aziziyah Intersection Upgrade,2418249,42726,21755701,10536049,-11219652
2024-08-01,JED-PROJ-023,Prince Majed Corridor Al Aziziyah Intersection Upgrade,2418250,1016861,24173951,11552910,-12621041
2024-09-01,JED-PROJ-023,Prince Majed Corridor Al Aziziyah Intersection Upgrade,2409705,751964,26583656,12304874,-14278782
2024-10-01,JED-PROJ-023,Prince Majed Corridor Al Aziziyah Intersection Upgrade,2418249,512703,29001905,12817577,-16184328
2024-11-01,JED-PROJ-023,Prince Majed Corridor Al Aziziyah Intersection Upgrade,2418250,3665828,31420155,16483405,-14936750
2024-12-01,JED-PROJ-023,Prince Majed Corridor Al Aziziyah Intersection Upgrade,2418249,1025406,33838404,17508811,-16329593
2025-01-01,JED-PROJ-023,Prince Majed Corridor Al Aziziyah Intersection Upgrade,2418250,1751735,36256654,19260546,-16996108
2025-02-01,JED-PROJ-023,Prince Majed Corridor Al Aziziyah Intersection Upgrade,2418250,1170672,38674904,20431218,-18243686
2025-03-01,JED-PROJ-023,Prince Majed Corridor Al Aziziyah Intersection Upgrade,2418249,0,41093153,20431218,-20661935
2025-04-01,JED-PROJ-023,Prince Majed Corridor Al Aziziyah Intersection Upgrade,2409705,1666285,43502858,22097503,-21405355
2025-05-01,JED-PROJ-023,Prince Majed Corridor Al Aziziyah Intersection Upgrade,2418249,1726101,45921107,23823604,-22097503
2025-06-01,JED-PROJ-023,Prince Majed Corridor Al Aziziyah Intersection Upgrade,2418250,888685,48339357,24712289,-23627068
2025-07-01,JED-PROJ-023,Prince Majed Corridor Al Aziziyah Intersection Upgrade,2418250,0,50757607,24712289,-26045318
2025-08-01,JED-PROJ-023,Prince Majed Corridor Al Aziziyah Intersection Upgrade,2418249,1127947,53175856,25840236,-27335620
2025-09-01,JED-PROJ-023,Prince Majed Corridor Al Aziziyah Intersection Upgrade,2418250,196536,55594106,26036772,-29557334
2025-10-01,JED-PROJ-023,Prince Majed Corridor Al Aziziyah Intersection Upgrade,2418249,3717098,58012355,29753870,-28258485
2025-11-01,JED-PROJ-023,Prince Majed Corridor Al Aziziyah Intersection Upgrade,2409705,111085,60422060,29864955,-30557105
2025-12-01,JED-PROJ-023,Prince Majed Corridor Al Aziziyah Intersection Upgrade,2418249,25635,62840309,29890590,-32949719
2026-01-01,JED-PROJ-023,Prince Majed Corridor Al Aziziyah Intersection Upgrade,2418250,2546426,65258559,32437016,-32821543
2026-02-01,JED-PROJ-023,Prince Majed Corridor Al Aziziyah Intersection Upgrade,2418250,1016861,67676809,33453877,-34222932
2026-03-01,JED-PROJ-023,Prince Majed Corridor Al Aziziyah Intersection Upgrade,2418249,375982,70095058,33829859,-36265199
2026-04-01,JED-PROJ-023,Prince Majed Corridor Al Aziziyah Intersection Upgrade,2418250,427253,72513308,34257112,-38256196
2026-05-01,JED-PROJ-023,Prince Majed Corridor Al Aziziyah Intersection Upgrade,2418249,2905317,74931557,37162429,-37769128
2026-06-01,JED-PROJ-023,Prince Majed Corridor Al Aziziyah Intersection Upgrade,2409705,709240,77341262,37871669,-39469593
2026-07-01,JED-PROJ-023,Prince Majed Corridor Al Aziziyah Intersection Upgrade,2418250,1956817,79759512,39828486,-39931026
2026-08-01,JED-PROJ-023,Prince Majed Corridor Al Aziziyah Intersection Upgrade,2418249,410162,82177761,40238648,-41939113
2026-09-01,JED-PROJ-023,Prince Majed Corridor Al Aziziyah Intersection Upgrade,2418250,28909422,84596011,69148070,-15447941
2026-12-23,JED-PROJ-024,Haramain Gateway Al Faisaliyah Corridor Enhancement,0,16045151,0,16045151,16045151
2022-06-27,JED-PROJ-025,Northern Jeddah Al Marwah Bridge Rehabilitation,0,2001369,0,2001369,2001369
2022-07-01,JED-PROJ-025,Northern Jeddah Al Marwah Bridge Rehabilitation,4091033,1574606,4091033,3575975,-515058
2022-08-01,JED-PROJ-025,Northern Jeddah Al Marwah Bridge Rehabilitation,4091033,2663586,8182066,6239561,-1942505
2022-09-01,JED-PROJ-025,Northern Jeddah Al Marwah Bridge Rehabilitation,4076317,3531827,12258383,9771388,-2486995
2022-10-01,JED-PROJ-025,Northern Jeddah Al Marwah Bridge Rehabilitation,4091033,7931895,16349416,17703283,1353867
2022-11-01,JED-PROJ-025,Northern Jeddah Al Marwah Bridge Rehabilitation,4091033,3369952,20440449,21073235,632786
2022-12-01,JED-PROJ-025,Northern Jeddah Al Marwah Bridge Rehabilitation,4091033,4532511,24531482,25605746,1074264
2023-01-01,JED-PROJ-025,Northern Jeddah Al Marwah Bridge Rehabilitation,4076317,1486311,28607799,27092057,-1515742
2023-02-01,JED-PROJ-025,Northern Jeddah Al Marwah Bridge Rehabilitation,4091033,3678986,32698832,30771043,-1927789
2023-03-01,JED-PROJ-025,Northern Jeddah Al Marwah Bridge Rehabilitation,4091033,3443532,36789865,34214575,-2575290
2023-04-01,JED-PROJ-025,Northern Jeddah Al Marwah Bridge Rehabilitation,4091033,5871662,40880898,40086237,-794661
2023-05-01,JED-PROJ-025,Northern Jeddah Al Marwah Bridge Rehabilitation,4091033,5356605,44971931,45442842,470911
2023-06-01,JED-PROJ-025,Northern Jeddah Al Marwah Bridge Rehabilitation,4076317,3046200,49048248,48489042,-559206
2023-07-01,JED-PROJ-025,Northern Jeddah Al Marwah Bridge Rehabilitation,4091033,4326489,53139281,52815531,-323750
2023-08-01,JED-PROJ-025,Northern Jeddah Al Marwah Bridge Rehabilitation,4091033,6548596,57230314,59364127,2133813
2023-09-01,JED-PROJ-025,Northern Jeddah Al Marwah Bridge Rehabilitation,4091033,1147843,61321347,60511970,-809377
2023-10-01,JED-PROJ-025,Northern Jeddah Al Marwah Bridge Rehabilitation,4076317,4959274,65397664,65471244,73580
2023-11-01,JED-PROJ-025,Northern Jeddah Al Marwah Bridge Rehabilitation,4091033,5518480,69488697,70989724,1501027
2023-12-01,JED-PROJ-025,Northern Jeddah Al Marwah Bridge Rehabilitation,4091033,2045516,73579730,73035240,-544490
2024-01-01,JED-PROJ-025,Northern Jeddah Al Marwah Bridge Rehabilitation,4091034,5283025,77670764,78318265,647501
2024-02-01,JED-PROJ-025,Northern Jeddah Al Marwah Bridge Rehabilitation,4091033,5356605,81761797,83674870,1913073
2024-03-01,JED-PROJ-025,Northern Jeddah Al Marwah Bridge Rehabilitation,4076317,4547227,85838114,88222097,2383983
2024-04-01,JED-PROJ-025,Northern Jeddah Al Marwah Bridge Rehabilitation,4091033,0,89929147,88222097,-1707050
2024-05-01,JED-PROJ-025,Northern Jeddah Al Marwah Bridge Rehabilitation,4091033,8049622,94020180,96271719,2251539
2024-06-01,JED-PROJ-025,Northern Jeddah Al Marwah Bridge Rehabilitation,4091033,1795346,98111213,98067065,-44148
2024-07-01,JED-PROJ-025,Northern Jeddah Al Marwah Bridge Rehabilitation,4076317,2840177,102187530,100907242,-1280288
2024-08-01,JED-PROJ-025,Northern Jeddah Al Marwah Bridge Rehabilitation,4091033,5165297,106278563,106072539,-206024
2024-09-01,JED-PROJ-025,Northern Jeddah Al Marwah Bridge Rehabilitation,4091033,6842915,110369596,112915454,2545858
2024-10-01,JED-PROJ-025,Northern Jeddah Al Marwah Bridge Rehabilitation,4091033,1501027,114460629,114416481,-44148
2024-11-01,JED-PROJ-025,Northern Jeddah Al Marwah Bridge Rehabilitation,4091033,3222792,118551662,117639273,-912389
2024-12-01,JED-PROJ-025,Northern Jeddah Al Marwah Bridge Rehabilitation,4076317,5695071,122627979,123334344,706365
2025-01-01,JED-PROJ-025,Northern Jeddah Al Marwah Bridge Rehabilitation,4091033,2016085,126719012,125350429,-1368583
2025-02-01,JED-PROJ-025,Northern Jeddah Al Marwah Bridge Rehabilitation,4091033,3208076,130810045,128558505,-2251540
2025-03-01,JED-PROJ-025,Northern Jeddah Al Marwah Bridge Rehabilitation,4091033,4370636,134901078,132929141,-1971937
2025-04-01,JED-PROJ-025,Northern Jeddah Al Marwah Bridge Rehabilitation,4076317,4091033,138977395,137020174,-1957221
2025-05-01,JED-PROJ-025,Northern Jeddah Al Marwah Bridge Rehabilitation,4091033,4208761,143068428,141228935,-1839493
2025-06-01,JED-PROJ-025,Northern Jeddah Al Marwah Bridge Rehabilitation,4091033,12483516,147159461,153712451,6552990
2025-10-22,JED-PROJ-026,Southern Jeddah Al Balad Transport Link Upgrade,0,2070184,0,2070184,2070184
2025-11-01,JED-PROJ-026,Southern Jeddah Al Balad Transport Link Upgrade,18996984,4546287,18996984,6616471,-12380513
2025-12-01,JED-PROJ-026,Southern Jeddah Al Balad Transport Link Upgrade,18996983,13679452,37993967,20295923,-17698044
2026-01-01,JED-PROJ-026,Southern Jeddah Al Balad Transport Link Upgrade,18996984,19281126,56990951,39577049,-17413902
2026-02-01,JED-PROJ-026,Southern Jeddah Al Balad Transport Link Upgrade,18996983,5114573,75987934,44691622,-31296312
2026-03-01,JED-PROJ-026,Southern Jeddah Al Balad Transport Link Upgrade,18996984,14085370,94984918,58776992,-36207926
2026-04-01,JED-PROJ-026,Southern Jeddah Al Balad Transport Link Upgrade,18956391,4018593,113941309,62795585,-51145724
2026-05-01,JED-PROJ-026,Southern Jeddah Al Balad Transport Link Upgrade,18996984,11568675,132938293,74364260,-58574033
2026-06-01,JED-PROJ-026,Southern Jeddah Al Balad Transport Link Upgrade,18996984,9051982,151935277,83416242,-68519035
2026-07-01,JED-PROJ-026,Southern Jeddah Al Balad Transport Link Upgrade,18996983,13151758,170932260,96568000,-74364260
2026-08-01,JED-PROJ-026,Southern Jeddah Al Balad Transport Link Upgrade,18996984,12867615,189929244,109435615,-80493629
2026-09-01,JED-PROJ-026,Southern Jeddah Al Balad Transport Link Upgrade,18996983,189959978,208926227,299395593,90469366
2025-06-26,JED-PROJ-027,Eastern Jeddah Al Khalidiyah Mobility Improvement,0,0,0,0,0
2025-07-01,JED-PROJ-027,Eastern Jeddah Al Khalidiyah Mobility Improvement,1929080,737970,1929080,737970,-1191110
2025-08-01,JED-PROJ-027,Eastern Jeddah Al Khalidiyah Mobility Improvement,1922607,2408114,3851687,3146084,-705603
2025-09-01,JED-PROJ-027,Eastern Jeddah Al Khalidiyah Mobility Improvement,1929080,1029274,5780767,4175358,-1605409
2025-10-01,JED-PROJ-027,Eastern Jeddah Al Khalidiyah Mobility Improvement,1929080,1987341,7709847,6162699,-1547148
2025-11-01,JED-PROJ-027,Eastern Jeddah Al Khalidiyah Mobility Improvement,1922607,1942027,9632454,8104726,-1527728
2025-12-01,JED-PROJ-027,Eastern Jeddah Al Khalidiyah Mobility Improvement,1929080,2058549,11561534,10163275,-1398259
2026-01-01,JED-PROJ-027,Eastern Jeddah Al Khalidiyah Mobility Improvement,1929080,103575,13490614,10266850,-3223764
2026-02-01,JED-PROJ-027,Eastern Jeddah Al Khalidiyah Mobility Improvement,1922607,3385600,15413221,13652450,-1760771
2026-03-01,JED-PROJ-027,Eastern Jeddah Al Khalidiyah Mobility Improvement,1929080,1223477,17342301,14875927,-2466374
2026-04-01,JED-PROJ-027,Eastern Jeddah Al Khalidiyah Mobility Improvement,1929080,343091,19271381,15219018,-4052363
2026-05-01,JED-PROJ-027,Eastern Jeddah Al Khalidiyah Mobility Improvement,1922607,3469755,21193988,18688773,-2505215
2026-06-01,JED-PROJ-027,Eastern Jeddah Al Khalidiyah Mobility Improvement,1929080,1728404,23123068,20417177,-2705891
2026-07-01,JED-PROJ-027,Eastern Jeddah Al Khalidiyah Mobility Improvement,1929081,0,25052149,20417177,-4634972
2026-08-01,JED-PROJ-027,Eastern Jeddah Al Khalidiyah Mobility Improvement,1922606,1734878,26974755,22152055,-4822700
2026-09-01,JED-PROJ-027,Eastern Jeddah Al Khalidiyah Mobility Improvement,1929080,3775171,28903835,25927226,-2976609
2023-09-12,JED-PROJ-028,Western Jeddah Al Rawdah Access Road Development,0,1714093,0,1714093,1714093
2023-10-01,JED-PROJ-028,Western Jeddah Al Rawdah Access Road Development,8377869,4468196,8377869,6182289,-2195580
2023-11-01,JED-PROJ-028,Western Jeddah Al Rawdah Access Road Development,8377869,8551205,16755738,14733494,-2022244
2023-12-01,JED-PROJ-028,Western Jeddah Al Rawdah Access Road Development,8358609,9494918,25114347,24228412,-885935
2024-01-01,JED-PROJ-028,Western Jeddah Al Rawdah Access Road Development,8377869,9167507,33492216,33395919,-96297
2024-02-01,JED-PROJ-028,Western Jeddah Al Rawdah Access Road Development,8377869,9283064,41870085,42678983,808898
2024-03-01,JED-PROJ-028,Western Jeddah Al Rawdah Access Road Development,8377869,6663776,50247954,49342759,-905195
2024-04-01,JED-PROJ-028,Western Jeddah Al Rawdah Access Road Development,8358610,9013431,58606564,58356190,-250374
2024-05-01,JED-PROJ-028,Western Jeddah Al Rawdah Access Road Development,8377868,10342335,66984432,68698525,1714093
2024-06-01,JED-PROJ-028,Western Jeddah Al Rawdah Access Road Development,8377869,3447445,75362301,72145970,-3216331
2024-07-01,JED-PROJ-028,Western Jeddah Al Rawdah Access Road Development,8377869,9880108,83740170,82026078,-1714092
2024-08-01,JED-PROJ-028,Western Jeddah Al Rawdah Access Road Development,8377869,11555681,92118039,93581759,1463720
2024-09-01,JED-PROJ-028,Western Jeddah Al Rawdah Access Road Development,8358610,9648994,100476649,103230753,2754104
2024-10-01,JED-PROJ-028,Western Jeddah Al Rawdah Access Road Development,8377869,5700803,108854518,108931556,77038
2024-11-01,JED-PROJ-028,Western Jeddah Al Rawdah Access Road Development,8377869,8531944,117232387,117463500,231113
2024-12-01,JED-PROJ-028,Western Jeddah Al Rawdah Access Road Development,8377869,5411911,125610256,122875411,-2734845
2025-01-01,JED-PROJ-028,Western Jeddah Al Rawdah Access Road Development,8377868,10746784,133988124,133622195,-365929
2025-02-01,JED-PROJ-028,Western Jeddah Al Rawdah Access Road Development,8358610,8955653,142346734,142577848,231114
2025-03-01,JED-PROJ-028,Western Jeddah Al Rawdah Access Road Development,8377869,6355624,150724603,148933472,-1791131
2025-04-01,JED-PROJ-028,Western Jeddah Al Rawdah Access Road Development,8377869,8570464,159102472,157503936,-1598536
2025-05-01,JED-PROJ-028,Western Jeddah Al Rawdah Access Road Development,8377869,9109729,167480341,166613665,-866676
2025-06-01,JED-PROJ-028,Western Jeddah Al Rawdah Access Road Development,8358609,5912657,175838950,172526322,-3312628
2025-07-01,JED-PROJ-028,Western Jeddah Al Rawdah Access Road Development,8377869,10457891,184216819,182984213,-1232606
2025-08-01,JED-PROJ-028,Western Jeddah Al Rawdah Access Road Development,8377869,2352231,192594688,185336444,-7258244
2024-06-26,JED-PROJ-029,Central Jeddah Mishrifah Traffic Flow Optimization,0,0,0,0,0
2024-07-01,JED-PROJ-029,Central Jeddah Mishrifah Traffic Flow Optimization,14138775,10654940,14138775,10654940,-3483835
2024-08-01,JED-PROJ-029,Central Jeddah Mishrifah Traffic Flow Optimization,14113345,21182733,28252120,31837673,3585553
2024-09-01,JED-PROJ-029,Central Jeddah Mishrifah Traffic Flow Optimization,14138775,11392394,42390895,43230067,839172
2024-10-01,JED-PROJ-029,Central Jeddah Mishrifah Traffic Flow Optimization,14113345,14927087,56504240,58157154,1652914
2024-11-01,JED-PROJ-029,Central Jeddah Mishrifah Traffic Flow Optimization,14138775,15130523,70643015,73287677,2644662
2024-12-01,JED-PROJ-029,Central Jeddah Mishrifah Traffic Flow Optimization,14113345,11468683,84756360,84756360,0
2025-01-01,JED-PROJ-029,Central Jeddah Mishrifah Traffic Flow Optimization,14138775,10349786,98895135,95106146,-3788989
2025-02-01,JED-PROJ-029,Central Jeddah Mishrifah Traffic Flow Optimization,14113345,18258346,113008480,113364492,356012
2025-03-01,JED-PROJ-029,Central Jeddah Mishrifah Traffic Flow Optimization,14138774,14571075,127147254,127935567,788313
2025-04-01,JED-PROJ-029,Central Jeddah Mishrifah Traffic Flow Optimization,14138775,15588254,141286029,143523821,2237792
2025-05-01,JED-PROJ-029,Central Jeddah Mishrifah Traffic Flow Optimization,14113345,11265247,155399374,154789068,-610306
2025-06-01,JED-PROJ-029,Central Jeddah Mishrifah Traffic Flow Optimization,14138775,11341535,169538149,166130603,-3407546
2025-07-01,JED-PROJ-029,Central Jeddah Mishrifah Traffic Flow Optimization,14113345,15537394,183651494,181667997,-1983497
2025-08-01,JED-PROJ-029,Central Jeddah Mishrifah Traffic Flow Optimization,14138775,14850800,197790269,196518797,-1271472
2025-09-01,JED-PROJ-029,Central Jeddah Mishrifah Traffic Flow Optimization,14113345,16732578,211903614,213251375,1347761
2025-10-01,JED-PROJ-029,Central Jeddah Mishrifah Traffic Flow Optimization,14138775,13426750,226042389,226678125,635736
2025-11-01,JED-PROJ-029,Central Jeddah Mishrifah Traffic Flow Optimization,14113345,12180707,240155734,238858832,-1296902
2025-12-01,JED-PROJ-029,Central Jeddah Mishrifah Traffic Flow Optimization,14138775,17934167,254294509,256792999,2498490
2026-01-31,JED-PROJ-030,Corniche Al Jamiah Bridge Rehabilitation,0,147512,0,147512,147512
2026-02-01,JED-PROJ-030,Corniche Al Jamiah Bridge Rehabilitation,2278680,1273266,2278680,1420778,-857902
2026-03-01,JED-PROJ-030,Corniche Al Jamiah Bridge Rehabilitation,2278680,1599346,4557360,3020124,-1537236
2026-04-01,JED-PROJ-030,Corniche Al Jamiah Bridge Rehabilitation,2274797,1859434,6832157,4879558,-1952599
2026-05-01,JED-PROJ-030,Corniche Al Jamiah Bridge Rehabilitation,2278680,1921544,9110837,6801102,-2309735
2026-06-01,JED-PROJ-030,Corniche Al Jamiah Bridge Rehabilitation,2278680,1669220,11389517,8470322,-2919195
2026-07-01,JED-PROJ-030,Corniche Al Jamiah Bridge Rehabilitation,2274798,1824497,13664315,10294819,-3369496
2026-08-01,JED-PROJ-030,Corniche Al Jamiah Bridge Rehabilitation,2278680,1925426,15942995,12220245,-3722750
2026-09-01,JED-PROJ-030,Corniche Al Jamiah Bridge Rehabilitation,2278679,12746008,18221674,24966253,6744579
2026-04-16,JED-PROJ-031,Airport District Al Rabwah Traffic Flow Optimization,0,3775954,0,3775954,3775954
2026-05-01,JED-PROJ-031,Airport District Al Rabwah Traffic Flow Optimization,6786155,0,6786155,3775954,-3010201
2026-06-01,JED-PROJ-031,Airport District Al Rabwah Traffic Flow Optimization,6786154,0,13572309,3775954,-9796355
2026-07-01,JED-PROJ-031,Airport District Al Rabwah Traffic Flow Optimization,6759750,0,20332059,3775954,-16556105
2026-08-01,JED-PROJ-031,Airport District Al Rabwah Traffic Flow Optimization,6786155,0,27118214,3775954,-23342260
2026-09-01,JED-PROJ-031,Airport District Al Rabwah Traffic Flow Optimization,6786154,33850390,33904368,37626344,3721976
2025-04-27,JED-PROJ-032,Obhur Al Ajwad Mobility Improvement,0,0,0,0,0
2025-05-01,JED-PROJ-032,Obhur Al Ajwad Mobility Improvement,3197301,4217078,3197301,4217078,1019777
2025-06-01,JED-PROJ-032,Obhur Al Ajwad Mobility Improvement,3197301,2975349,6394602,7192427,797825
2025-07-01,JED-PROJ-032,Obhur Al Ajwad Mobility Improvement,3203299,3101322,9597901,10293749,695848
2025-08-01,JED-PROJ-032,Obhur Al Ajwad Mobility Improvement,3197301,1991565,12795202,12285314,-509888
2025-09-01,JED-PROJ-032,Obhur Al Ajwad Mobility Improvement,3197301,3017340,15992503,15302654,-689849
2025-10-01,JED-PROJ-032,Obhur Al Ajwad Mobility Improvement,3197301,4277065,19189804,19579719,389915
2025-11-01,JED-PROJ-032,Obhur Al Ajwad Mobility Improvement,3197301,3767176,22387105,23346895,959790
2025-12-01,JED-PROJ-032,Obhur Al Ajwad Mobility Improvement,3197301,2393477,25584406,25740372,155966
2026-01-01,JED-PROJ-032,Obhur Al Ajwad Mobility Improvement,3203300,3239292,28787706,28979664,191958
2026-02-01,JED-PROJ-032,Obhur Al Ajwad Mobility Improvement,3197301,2573437,31985007,31553101,-431906
2026-03-01,JED-PROJ-032,Obhur Al Ajwad Mobility Improvement,3197300,4259069,35182307,35812170,629863
2026-04-01,JED-PROJ-032,Obhur Al Ajwad Mobility Improvement,3197301,1943575,38379608,37755745,-623863
2026-05-01,JED-PROJ-032,Obhur Al Ajwad Mobility Improvement,3197301,3497235,41576909,41252980,-323929
2026-06-01,JED-PROJ-032,Obhur Al Ajwad Mobility Improvement,3197301,3425251,44774210,44678231,-95979
2026-07-01,JED-PROJ-032,Obhur Al Ajwad Mobility Improvement,3203300,3377262,47977510,48055493,77983
2026-08-01,JED-PROJ-032,Obhur Al Ajwad Mobility Improvement,3197301,2627425,51174811,50682918,-491893
2026-09-01,JED-PROJ-032,Obhur Al Ajwad Mobility Improvement,3197301,0,54372112,44619885,-9752227
2025-08-03,JED-PROJ-033,Al Balad Al Salamah Mixed-Use Infrastructure Development,0,137527,0,137527,137527
2025-09-01,JED-PROJ-033,Al Balad Al Salamah Mixed-Use Infrastructure Development,1347769,1289321,1347769,1426848,79079
2025-10-01,JED-PROJ-033,Al Balad Al Salamah Mixed-Use Infrastructure Development,1344331,2049159,2692100,3476007,783907
2025-11-01,JED-PROJ-033,Al Balad Al Salamah Mixed-Use Infrastructure Development,1347769,1158669,4039869,4634676,594807
2025-12-01,JED-PROJ-033,Al Balad Al Salamah Mixed-Use Infrastructure Development,1344332,2093856,5384201,6728532,1344331
2026-01-01,JED-PROJ-033,Al Balad Al Salamah Mixed-Use Infrastructure Development,1347769,1750037,6731970,8478569,1746599
2026-02-01,JED-PROJ-033,Al Balad Al Salamah Mixed-Use Infrastructure Development,1344331,1093343,8076301,9571912,1495611
2026-03-01,JED-PROJ-033,Al Balad Al Salamah Mixed-Use Infrastructure Development,1347769,2042283,9424070,11614195,2190125
2026-04-01,JED-PROJ-033,Al Balad Al Salamah Mixed-Use Infrastructure Development,1344331,1437162,10768401,13051357,2282956
2026-05-01,JED-PROJ-033,Al Balad Al Salamah Mixed-Use Infrastructure Development,1347769,1598757,12116170,14650114,2533944
2026-06-01,JED-PROJ-033,Al Balad Al Salamah Mixed-Use Infrastructure Development,1344331,2836504,13460501,17486618,4026117
2026-07-01,JED-PROJ-033,Al Balad Al Salamah Mixed-Use Infrastructure Development,1347770,859547,14808271,18346165,3537894
2026-08-01,JED-PROJ-033,Al Balad Al Salamah Mixed-Use Infrastructure Development,1344331,2293270,16152602,20639435,4486833
2026-09-01,JED-PROJ-033,Al Balad Al Salamah Mixed-Use Infrastructure Development,1347769,0,17500371,16644620,-855751
2026-04-07,JED-PROJ-034,King Abdulaziz Road Obhur Boulevard Development,0,3819259,0,3819259,3819259
2026-05-01,JED-PROJ-034,King Abdulaziz Road Obhur Boulevard Development,31494194,0,31494194,3819259,-27674935
2026-06-01,JED-PROJ-034,King Abdulaziz Road Obhur Boulevard Development,31494194,0,62988388,3819259,-59169129
2026-07-01,JED-PROJ-034,King Abdulaziz Road Obhur Boulevard Development,31494194,0,94482582,3819259,-90663323
2026-08-01,JED-PROJ-034,King Abdulaziz Road Obhur Boulevard Development,31494194,0,125976776,3819259,-122157517
2026-09-01,JED-PROJ-034,King Abdulaziz Road Obhur Boulevard Development,31494193,164991891,157470969,168811150,11340181
2023-08-03,JED-PROJ-035,Prince Majed Corridor Al Zahra Neighborhood Renewal,0,8635466,0,8635466,8635466
2023-09-01,JED-PROJ-035,Prince Majed Corridor Al Zahra Neighborhood Renewal,12646780,12479642,12646780,21115108,8468328
2023-10-01,JED-PROJ-035,Prince Majed Corridor Al Zahra Neighborhood Renewal,12646780,17159507,25293560,38274615,12981055
2023-11-01,JED-PROJ-035,Prince Majed Corridor Al Zahra Neighborhood Renewal,12646779,0,37940339,38274615,334276
2023-12-01,JED-PROJ-035,Prince Majed Corridor Al Zahra Neighborhood Renewal,12646780,24235019,50587119,62509634,11922515
2024-01-01,JED-PROJ-035,Prince Majed Corridor Al Zahra Neighborhood Renewal,12646780,18608037,63233899,81117671,17883772
2024-02-01,JED-PROJ-035,Prince Majed Corridor Al Zahra Neighborhood Renewal,12646780,0,75880679,81117671,5236992
2024-03-01,JED-PROJ-035,Prince Majed Corridor Al Zahra Neighborhood Renewal,12646779,11476813,88527458,92594484,4067026
2024-04-01,JED-PROJ-035,Prince Majed Corridor Al Zahra Neighborhood Renewal,12646780,28023482,101174238,120617966,19443728
2024-05-01,JED-PROJ-035,Prince Majed Corridor Al Zahra Neighborhood Renewal,12646780,11086824,113821018,131704790,17883772
2024-06-01,JED-PROJ-035,Prince Majed Corridor Al Zahra Neighborhood Renewal,12646780,19833716,126467798,151538506,25070708
2024-07-01,JED-PROJ-035,Prince Majed Corridor Al Zahra Neighborhood Renewal,12646779,389989,139114577,151928495,12813918
2024-08-01,JED-PROJ-035,Prince Majed Corridor Al Zahra Neighborhood Renewal,12646780,27633493,151761357,179561988,27800631
2024-09-01,JED-PROJ-035,Prince Majed Corridor Al Zahra Neighborhood Renewal,12646780,2562783,164408137,182124771,17716634
2024-10-01,JED-PROJ-035,Prince Majed Corridor Al Zahra Neighborhood Renewal,12646780,13705321,177054917,195830092,18775175
2024-11-01,JED-PROJ-035,Prince Majed Corridor Al Zahra Neighborhood Renewal,12646780,14485298,189701697,210315390,20613693
2024-12-01,JED-PROJ-035,Prince Majed Corridor Al Zahra Neighborhood Renewal,12646779,27522067,202348476,237837457,35488981
2025-01-01,JED-PROJ-035,Prince Majed Corridor Al Zahra Neighborhood Renewal,12646780,11476814,214995256,249314271,34319015
2025-02-01,JED-PROJ-035,Prince Majed Corridor Al Zahra Neighborhood Renewal,12646780,11588238,227642036,260902509,33260473
2025-03-01,JED-PROJ-035,Prince Majed Corridor Al Zahra Neighborhood Renewal,12591067,11198250,240233103,272100759,31867656
2025-04-01,JED-PROJ-035,Prince Majed Corridor Al Zahra Neighborhood Renewal,12646780,24847858,252879883,296948617,44068734
2025-05-01,JED-PROJ-035,Prince Majed Corridor Al Zahra Neighborhood Renewal,12646779,4791291,265526662,301739908,36213246
2025-06-01,JED-PROJ-035,Prince Majed Corridor Al Zahra Neighborhood Renewal,12646780,22953627,278173442,324693535,46520093
2025-07-01,JED-PROJ-035,Prince Majed Corridor Al Zahra Neighborhood Renewal,12646780,6908373,290820222,331601908,40781686
2025-08-01,JED-PROJ-035,Prince Majed Corridor Al Zahra Neighborhood Renewal,12646780,13203907,303467002,344805815,41338813
2025-09-01,JED-PROJ-035,Prince Majed Corridor Al Zahra Neighborhood Renewal,12646779,16212392,316113781,361018207,44904426
2025-10-01,JED-PROJ-035,Prince Majed Corridor Al Zahra Neighborhood Renewal,12646780,11198250,328760561,372216457,43455896
2025-11-01,JED-PROJ-035,Prince Majed Corridor Al Zahra Neighborhood Renewal,12646780,23455040,341407341,395671497,54264156
2025-12-01,JED-PROJ-035,Prince Majed Corridor Al Zahra Neighborhood Renewal,12646780,9526870,354054121,405198367,51144246
2026-01-01,JED-PROJ-035,Prince Majed Corridor Al Zahra Neighborhood Renewal,12646780,9081168,366700901,414279535,47578634
2026-02-01,JED-PROJ-035,Prince Majed Corridor Al Zahra Neighborhood Renewal,12646779,27856343,379347680,442135878,62788198
2026-03-01,JED-PROJ-035,Prince Majed Corridor Al Zahra Neighborhood Renewal,12646780,4122738,391994460,446258616,54264156
2026-04-01,JED-PROJ-035,Prince Majed Corridor Al Zahra Neighborhood Renewal,12646780,17660922,404641240,463919538,59278298
2026-05-01,JED-PROJ-035,Prince Majed Corridor Al Zahra Neighborhood Renewal,12646780,21727948,417288020,485647486,68359466
2026-06-01,JED-PROJ-035,Prince Majed Corridor Al Zahra Neighborhood Renewal,12646779,8858317,429934799,494505803,64571004
2026-07-01,JED-PROJ-035,Prince Majed Corridor Al Zahra Neighborhood Renewal,12646780,4289877,442581579,498795680,56214101
2026-08-01,JED-PROJ-035,Prince Majed Corridor Al Zahra Neighborhood Renewal,12646780,30976253,455228359,529771933,74543574
2026-09-01,JED-PROJ-035,Prince Majed Corridor Al Zahra Neighborhood Renewal,12646780,0,467875139,440881547,-26993592
2024-07-29,JED-PROJ-036,Haramain Gateway Al Bawadi Neighborhood Renewal,0,0,0,0,0
2024-08-01,JED-PROJ-036,Haramain Gateway Al Bawadi Neighborhood Renewal,16231056,11380396,16231056,11380396,-4850660
2024-09-01,JED-PROJ-036,Haramain Gateway Al Bawadi Neighborhood Renewal,16231056,24999557,32462112,36379953,3917841
2024-10-01,JED-PROJ-036,Haramain Gateway Al Bawadi Neighborhood Renewal,16193744,13917665,48655856,50297618,1641762
2024-11-01,JED-PROJ-036,Haramain Gateway Al Bawadi Neighborhood Renewal,16231056,15037047,64886912,65334665,447753
2024-12-01,JED-PROJ-036,Haramain Gateway Al Bawadi Neighborhood Renewal,16231056,21081717,81117968,86416382,5298414
2025-01-01,JED-PROJ-036,Haramain Gateway Al Bawadi Neighborhood Renewal,16231056,14813171,97349024,101229553,3880529
2025-02-01,JED-PROJ-036,Haramain Gateway Al Bawadi Neighborhood Renewal,16193744,7649118,113542768,108878671,-4664097
2025-03-01,JED-PROJ-036,Haramain Gateway Al Bawadi Neighborhood Renewal,16231056,18357884,129773824,127236555,-2537269
2025-04-01,JED-PROJ-036,Haramain Gateway Al Bawadi Neighborhood Renewal,16231056,15372863,146004880,142609418,-3395462
2025-05-01,JED-PROJ-036,Haramain Gateway Al Bawadi Neighborhood Renewal,16231056,22910042,162235936,165519460,3283524
2025-06-01,JED-PROJ-036,Haramain Gateway Al Bawadi Neighborhood Renewal,16231056,6678986,178466992,172198446,-6268546
2025-07-01,JED-PROJ-036,Haramain Gateway Al Bawadi Neighborhood Renewal,16193744,23432422,194660736,195630868,970132
2025-08-01,JED-PROJ-036,Haramain Gateway Al Bawadi Neighborhood Renewal,16231056,18805637,210891792,214436505,3544713
2025-09-01,JED-PROJ-036,Haramain Gateway Al Bawadi Neighborhood Renewal,16231056,17760880,227122848,232197385,5074537
2025-10-01,JED-PROJ-036,Haramain Gateway Al Bawadi Neighborhood Renewal,16231056,9029691,243353904,241227076,-2126828
2025-11-01,JED-PROJ-036,Haramain Gateway Al Bawadi Neighborhood Renewal,16231056,22648853,259584960,263875929,4290969
2025-12-01,JED-PROJ-036,Haramain Gateway Al Bawadi Neighborhood Renewal,16193744,6678987,275778704,270554916,-5223788
2026-01-01,JED-PROJ-036,Haramain Gateway Al Bawadi Neighborhood Renewal,16231056,26118941,292009760,296673857,4664097
2026-02-01,JED-PROJ-036,Haramain Gateway Al Bawadi Neighborhood Renewal,16231056,6567048,308240816,303240905,-4999911
2026-03-01,JED-PROJ-036,Haramain Gateway Al Bawadi Neighborhood Renewal,16231056,19850395,324471872,323091300,-1380572
2026-04-01,JED-PROJ-036,Haramain Gateway Al Bawadi Neighborhood Renewal,16193744,21566782,340665616,344658082,3992466
2026-05-01,JED-PROJ-036,Haramain Gateway Al Bawadi Neighborhood Renewal,16231056,7537180,356896672,352195262,-4701410
2026-06-01,JED-PROJ-036,Haramain Gateway Al Bawadi Neighborhood Renewal,16231056,33598081,373127728,385793343,12665615
2024-10-20,JED-PROJ-037,Northern Jeddah Al Rawabi Public Realm Improvement,0,523297,0,523297,523297
2024-11-01,JED-PROJ-037,Northern Jeddah Al Rawabi Public Realm Improvement,1543727,0,1543727,523297,-1020430
2024-12-01,JED-PROJ-037,Northern Jeddah Al Rawabi Public Realm Improvement,1543727,0,3087454,523297,-2564157
2025-01-01,JED-PROJ-037,Northern Jeddah Al Rawabi Public Realm Improvement,1543727,0,4631181,523297,-4107884
2025-02-01,JED-PROJ-037,Northern Jeddah Al Rawabi Public Realm Improvement,1543728,0,6174909,523297,-5651612
2025-03-01,JED-PROJ-037,Northern Jeddah Al Rawabi Public Realm Improvement,1543727,0,7718636,523297,-7195339
2025-04-01,JED-PROJ-037,Northern Jeddah Al Rawabi Public Realm Improvement,1543727,0,9262363,523297,-8739066
2025-05-01,JED-PROJ-037,Northern Jeddah Al Rawabi Public Realm Improvement,1543727,0,10806090,523297,-10282793
2025-06-01,JED-PROJ-037,Northern Jeddah Al Rawabi Public Realm Improvement,1543727,0,12349817,523297,-11826520
2025-07-01,JED-PROJ-037,Northern Jeddah Al Rawabi Public Realm Improvement,1543727,0,13893544,523297,-13370247
2025-08-01,JED-PROJ-037,Northern Jeddah Al Rawabi Public Realm Improvement,1543727,0,15437271,523297,-14913974
2025-09-01,JED-PROJ-037,Northern Jeddah Al Rawabi Public Realm Improvement,1543728,0,16980999,523297,-16457702
2025-10-01,JED-PROJ-037,Northern Jeddah Al Rawabi Public Realm Improvement,1550268,0,18531267,523297,-18007970
2025-11-01,JED-PROJ-037,Northern Jeddah Al Rawabi Public Realm Improvement,1543727,0,20074994,523297,-19551697
2025-12-01,JED-PROJ-037,Northern Jeddah Al Rawabi Public Realm Improvement,1543727,0,21618721,523297,-21095424
2026-01-01,JED-PROJ-037,Northern Jeddah Al Rawabi Public Realm Improvement,1543727,0,23162448,523297,-22639151
2026-02-01,JED-PROJ-037,Northern Jeddah Al Rawabi Public Realm Improvement,1543727,0,24706175,523297,-24182878
2026-03-01,JED-PROJ-037,Northern Jeddah Al Rawabi Public Realm Improvement,1543728,0,26249903,523297,-25726606
2026-04-01,JED-PROJ-037,Northern Jeddah Al Rawabi Public Realm Improvement,1543727,0,27793630,523297,-27270333
2026-05-01,JED-PROJ-037,Northern Jeddah Al Rawabi Public Realm Improvement,1543727,0,29337357,523297,-28814060
2026-06-01,JED-PROJ-037,Northern Jeddah Al Rawabi Public Realm Improvement,1543727,0,30881084,523297,-30357787
2026-07-01,JED-PROJ-037,Northern Jeddah Al Rawabi Public Realm Improvement,1543727,0,32424811,523297,-31901514
2026-08-01,JED-PROJ-037,Northern Jeddah Al Rawabi Public Realm Improvement,1543727,0,33968538,523297,-33445241
2026-09-01,JED-PROJ-037,Northern Jeddah Al Rawabi Public Realm Improvement,1543727,12223666,35512265,12746963,-22765302
2025-08-22,JED-PROJ-038,Southern Jeddah Al Naeem Mixed-Use Infrastructure Development,0,0,0,0,0
2025-09-01,JED-PROJ-038,Southern Jeddah Al Naeem Mixed-Use Infrastructure Development,1540670,156396,1540670,156396,-1384274
2025-10-01,JED-PROJ-038,Southern Jeddah Al Naeem Mixed-Use Infrastructure Development,1537343,103155,3078013,259551,-2818462
2025-11-01,JED-PROJ-038,Southern Jeddah Al Naeem Mixed-Use Infrastructure Development,1540670,0,4618683,259551,-4359132
2025-12-01,JED-PROJ-038,Southern Jeddah Al Naeem Mixed-Use Infrastructure Development,1537343,286172,6156026,545723,-5610303
2026-01-01,JED-PROJ-038,Southern Jeddah Al Naeem Mixed-Use Infrastructure Development,1540670,299483,7696696,845206,-6851490
2026-02-01,JED-PROJ-038,Southern Jeddah Al Naeem Mixed-Use Infrastructure Development,1537342,56569,9234038,901775,-8332263
2026-03-01,JED-PROJ-038,Southern Jeddah Al Naeem Mixed-Use Infrastructure Development,1540671,0,10774709,901775,-9872934
2026-04-01,JED-PROJ-038,Southern Jeddah Al Naeem Mixed-Use Infrastructure Development,1537342,0,12312051,901775,-11410276
2026-05-01,JED-PROJ-038,Southern Jeddah Al Naeem Mixed-Use Infrastructure Development,1540670,266206,13852721,1167981,-12684740
2026-06-01,JED-PROJ-038,Southern Jeddah Al Naeem Mixed-Use Infrastructure Development,1537343,0,15390064,1167981,-14222083
2026-07-01,JED-PROJ-038,Southern Jeddah Al Naeem Mixed-Use Infrastructure Development,1540670,0,16930734,1167981,-15762753
2026-08-01,JED-PROJ-038,Southern Jeddah Al Naeem Mixed-Use Infrastructure Development,1537343,119793,18468077,1287774,-17180303
2026-09-01,JED-PROJ-038,Southern Jeddah Al Naeem Mixed-Use Infrastructure Development,1540670,6505308,20008747,7793082,-12215665
2025-04-10,JED-PROJ-039,Eastern Jeddah Al Samer Public Realm Improvement,0,174031,0,174031,174031
2025-05-01,JED-PROJ-039,Eastern Jeddah Al Samer Public Realm Improvement,8303765,0,8303765,174031,-8129734
2025-06-01,JED-PROJ-039,Eastern Jeddah Al Samer Public Realm Improvement,8303764,0,16607529,174031,-16433498
2025-07-01,JED-PROJ-039,Eastern Jeddah Al Samer Public Realm Improvement,8303765,0,24911294,174031,-24737263
2025-08-01,JED-PROJ-039,Eastern Jeddah Al Samer Public Realm Improvement,8303765,0,33215059,174031,-33041028
2025-09-01,JED-PROJ-039,Eastern Jeddah Al Samer Public Realm Improvement,8303765,0,41518824,174031,-41344793
2025-10-01,JED-PROJ-039,Eastern Jeddah Al Samer Public Realm Improvement,8303764,0,49822588,174031,-49648557
2025-11-01,JED-PROJ-039,Eastern Jeddah Al Samer Public Realm Improvement,8303765,0,58126353,174031,-57952322
2025-12-01,JED-PROJ-039,Eastern Jeddah Al Samer Public Realm Improvement,8303765,0,66430118,174031,-66256087
2026-01-01,JED-PROJ-039,Eastern Jeddah Al Samer Public Realm Improvement,8303765,0,74733883,174031,-74559852
2026-02-01,JED-PROJ-039,Eastern Jeddah Al Samer Public Realm Improvement,8303764,0,83037647,174031,-82863616
2026-03-01,JED-PROJ-039,Eastern Jeddah Al Samer Public Realm Improvement,8303765,0,91341412,174031,-91167381
2026-04-01,JED-PROJ-039,Eastern Jeddah Al Samer Public Realm Improvement,8303765,0,99645177,174031,-99471146
2026-05-01,JED-PROJ-039,Eastern Jeddah Al Samer Public Realm Improvement,8303765,0,107948942,174031,-107774911
2026-06-01,JED-PROJ-039,Eastern Jeddah Al Samer Public Realm Improvement,8303764,0,116252706,174031,-116078675
2026-07-01,JED-PROJ-039,Eastern Jeddah Al Samer Public Realm Improvement,8303765,0,124556471,174031,-124382440
2026-08-01,JED-PROJ-039,Eastern Jeddah Al Samer Public Realm Improvement,8303765,0,132860236,174031,-132686205
2026-09-01,JED-PROJ-039,Eastern Jeddah Al Samer Public Realm Improvement,8303765,58131455,141164001,58305486,-82858515
2025-01-04,JED-PROJ-040,Western Jeddah Al Ruwais Urban Gateway Upgrade,0,0,0,0,0
2025-02-01,JED-PROJ-040,Western Jeddah Al Ruwais Urban Gateway Upgrade,2504964,2414785,2504964,2414785,-90179
2025-03-01,JED-PROJ-040,Western Jeddah Al Ruwais Urban Gateway Upgrade,2504964,2144249,5009928,4559034,-450894
2025-04-01,JED-PROJ-040,Western Jeddah Al Ruwais Urban Gateway Upgrade,2514983,4208339,7524911,8767373,1242462
2025-05-01,JED-PROJ-040,Western Jeddah Al Ruwais Urban Gateway Upgrade,2504964,430854,10029875,9198227,-831648
2025-06-01,JED-PROJ-040,Western Jeddah Al Ruwais Urban Gateway Upgrade,2504964,3216374,12534839,12414601,-120238
2025-07-01,JED-PROJ-040,Western Jeddah Al Ruwais Urban Gateway Upgrade,2504964,2605162,15039803,15019763,-20040
2025-08-01,JED-PROJ-040,Western Jeddah Al Ruwais Urban Gateway Upgrade,2504964,190377,17544767,15210140,-2334627
2025-09-01,JED-PROJ-040,Western Jeddah Al Ruwais Urban Gateway Upgrade,2514983,4769451,20059750,19979591,-80159
2025-10-01,JED-PROJ-040,Western Jeddah Al Ruwais Urban Gateway Upgrade,2504964,671331,22564714,20650922,-1913792
2025-11-01,JED-PROJ-040,Western Jeddah Al Ruwais Urban Gateway Upgrade,2504964,5250404,25069678,25901326,831648
2025-12-01,JED-PROJ-040,Western Jeddah Al Ruwais Urban Gateway Upgrade,2504964,0,27574642,25901326,-1673316
2026-01-01,JED-PROJ-040,Western Jeddah Al Ruwais Urban Gateway Upgrade,2504964,2875698,30079606,28777024,-1302582
2026-02-01,JED-PROJ-040,Western Jeddah Al Ruwais Urban Gateway Upgrade,2514983,1232443,32594589,30009467,-2585122
2026-03-01,JED-PROJ-040,Western Jeddah Al Ruwais Urban Gateway Upgrade,2504964,5711317,35099553,35720784,621231
2026-04-01,JED-PROJ-040,Western Jeddah Al Ruwais Urban Gateway Upgrade,2504964,641271,37604517,36362055,-1242462
2026-05-01,JED-PROJ-040,Western Jeddah Al Ruwais Urban Gateway Upgrade,2504964,2765480,40109481,39127535,-981946
2026-06-01,JED-PROJ-040,Western Jeddah Al Ruwais Urban Gateway Upgrade,2504964,511013,42614445,39638548,-2975897
2026-07-01,JED-PROJ-040,Western Jeddah Al Ruwais Urban Gateway Upgrade,2514983,4889689,45129428,44528237,-601191
2026-08-01,JED-PROJ-040,Western Jeddah Al Ruwais Urban Gateway Upgrade,2504964,480953,47634392,45009190,-2625202
2026-09-01,JED-PROJ-040,Western Jeddah Al Ruwais Urban Gateway Upgrade,2504964,9031268,50139356,54040458,3901102
2027-01-01,JED-PROJ-041,Central Jeddah Al Aziziyah Urban Gateway Upgrade,0,998547,0,998547,998547
2026-03-26,JED-PROJ-042,Corniche Al Thaghr Mixed-Use Infrastructure Development,0,0,0,0,0
2026-04-01,JED-PROJ-042,Corniche Al Thaghr Mixed-Use Infrastructure Development,2511613,4555376,2511613,4555376,2043763
2026-05-01,JED-PROJ-042,Corniche Al Thaghr Mixed-Use Infrastructure Development,2523924,5097096,5035537,9652472,4616935
2026-06-01,JED-PROJ-042,Corniche Al Thaghr Mixed-Use Infrastructure Development,2523925,2462365,7559462,12114837,4555375
2026-07-01,JED-PROJ-042,Corniche Al Thaghr Mixed-Use Infrastructure Development,2511612,7830322,10071074,19945159,9874085
2026-08-01,JED-PROJ-042,Corniche Al Thaghr Mixed-Use Infrastructure Development,2511613,3250322,12582687,23195481,10612794
2026-09-01,JED-PROJ-042,Corniche Al Thaghr Mixed-Use Infrastructure Development,2523924,0,15106611,16217465,1110854
2024-10-12,JED-PROJ-043,Airport District Al Faisaliyah Neighborhood Renewal,0,0,0,0,0
2024-11-01,JED-PROJ-043,Airport District Al Faisaliyah Neighborhood Renewal,720470,222584,720470,222584,-497886
2024-12-01,JED-PROJ-043,Airport District Al Faisaliyah Neighborhood Renewal,717542,497886,1438012,720470,-717542
2025-01-01,JED-PROJ-043,Airport District Al Faisaliyah Neighborhood Renewal,720470,0,2158482,720470,-1438012
2025-02-01,JED-PROJ-043,Airport District Al Faisaliyah Neighborhood Renewal,720470,257729,2878952,978199,-1900753
2025-03-01,JED-PROJ-043,Airport District Al Faisaliyah Neighborhood Renewal,717542,1045561,3596494,2023760,-1572734
2025-04-01,JED-PROJ-043,Airport District Al Faisaliyah Neighborhood Renewal,720470,418810,4316964,2442570,-1874394
2025-05-01,JED-PROJ-043,Airport District Al Faisaliyah Neighborhood Renewal,720470,0,5037434,2442570,-2594864
2025-06-01,JED-PROJ-043,Airport District Al Faisaliyah Neighborhood Renewal,717542,0,5754976,2442570,-3312406
2025-07-01,JED-PROJ-043,Airport District Al Faisaliyah Neighborhood Renewal,720470,664824,6475446,3107394,-3368052
2025-08-01,JED-PROJ-043,Airport District Al Faisaliyah Neighborhood Renewal,720470,82005,7195916,3189399,-4006517
2025-09-01,JED-PROJ-043,Airport District Al Faisaliyah Neighborhood Renewal,717542,0,7913458,3189399,-4724059
2025-10-01,JED-PROJ-043,Airport District Al Faisaliyah Neighborhood Renewal,720470,389522,8633928,3578921,-5055007
2025-11-01,JED-PROJ-043,Airport District Al Faisaliyah Neighborhood Renewal,717542,919625,9351470,4498546,-4852924
2025-12-01,JED-PROJ-043,Airport District Al Faisaliyah Neighborhood Renewal,720470,269444,10071940,4767990,-5303950
2026-01-01,JED-PROJ-043,Airport District Al Faisaliyah Neighborhood Renewal,720470,0,10792410,4767990,-6024420
2026-02-01,JED-PROJ-043,Airport District Al Faisaliyah Neighborhood Renewal,717542,196226,11509952,4964216,-6545736
2026-03-01,JED-PROJ-043,Airport District Al Faisaliyah Neighborhood Renewal,720470,336805,12230422,5301021,-6929401
2026-04-01,JED-PROJ-043,Airport District Al Faisaliyah Neighborhood Renewal,720470,793689,12950892,6094710,-6856182
2026-05-01,JED-PROJ-043,Airport District Al Faisaliyah Neighborhood Renewal,717542,0,13668434,6094710,-7573724
2026-06-01,JED-PROJ-043,Airport District Al Faisaliyah Neighborhood Renewal,720470,58575,14388904,6153285,-8235619
2026-07-01,JED-PROJ-043,Airport District Al Faisaliyah Neighborhood Renewal,720470,1063133,15109374,7216418,-7892956
2026-08-01,JED-PROJ-043,Airport District Al Faisaliyah Neighborhood Renewal,717542,0,15826916,7216418,-8610498
2026-09-01,JED-PROJ-043,Airport District Al Faisaliyah Neighborhood Renewal,720470,5709895,16547386,12926313,-3621073
2025-03-21,JED-PROJ-044,Obhur Al Manar Urban Regeneration,0,0,0,0,0
2025-04-01,JED-PROJ-044,Obhur Al Manar Urban Regeneration,11614083,7345659,11614083,7345659,-4268424
2025-05-01,JED-PROJ-044,Obhur Al Manar Urban Regeneration,11614083,17024062,23228166,24369721,1141555
2025-06-01,JED-PROJ-044,Obhur Al Manar Urban Regeneration,11614083,23029635,34842249,47399356,12557107
2025-07-01,JED-PROJ-044,Obhur Al Manar Urban Regeneration,11614083,16875163,46456332,64274519,17818187
2025-08-01,JED-PROJ-044,Obhur Al Manar Urban Regeneration,11663715,14046091,58120047,78320610,20200563
2025-09-01,JED-PROJ-044,Obhur Al Manar Urban Regeneration,11614083,6750066,69734130,85070676,15336546
2025-10-01,JED-PROJ-044,Obhur Al Manar Urban Regeneration,11614083,19307172,81348213,104377848,23029635
2025-11-01,JED-PROJ-044,Obhur Al Manar Urban Regeneration,11614083,6204104,92962296,110581952,17619656
2025-12-01,JED-PROJ-044,Obhur Al Manar Urban Regeneration,11614083,16081038,104576379,126662990,22086611
2026-01-01,JED-PROJ-044,Obhur Al Manar Urban Regeneration,11614083,25213479,116190462,151876469,35686007
2026-02-01,JED-PROJ-044,Obhur Al Manar Urban Regeneration,11614083,0,127804545,151876469,24071924
2026-03-01,JED-PROJ-044,Obhur Al Manar Urban Regeneration,11614083,14492787,139418628,166369256,26950628
2026-04-01,JED-PROJ-044,Obhur Al Manar Urban Regeneration,11614083,16676632,151032711,183045888,32013177
2026-05-01,JED-PROJ-044,Obhur Al Manar Urban Regeneration,11663716,11217020,162696427,194262908,31566481
2026-06-01,JED-PROJ-044,Obhur Al Manar Urban Regeneration,11614082,17272226,174310509,211535134,37224625
2026-07-01,JED-PROJ-044,Obhur Al Manar Urban Regeneration,11614083,21639915,185924592,233175049,47250457
2026-08-01,JED-PROJ-044,Obhur Al Manar Urban Regeneration,11614083,11614083,197538675,244789132,47250457
2026-09-01,JED-PROJ-044,Obhur Al Manar Urban Regeneration,11614083,103547867,209152758,348336999,139184241
2024-03-02,JED-PROJ-045,Al Balad Prince Fawaz Waterfront Enhancement,0,682687,0,682687,682687
2024-04-01,JED-PROJ-045,Al Balad Prince Fawaz Waterfront Enhancement,1527063,586871,1527063,1269558,-257505
2024-05-01,JED-PROJ-045,Al Balad Prince Fawaz Waterfront Enhancement,1527063,1431248,3054126,2700806,-353320
2024-06-01,JED-PROJ-045,Al Balad Prince Fawaz Waterfront Enhancement,1533052,1868407,4587178,4569213,-17965
2024-07-01,JED-PROJ-045,Al Balad Prince Fawaz Waterfront Enhancement,1527063,2060038,6114241,6629251,515010
2024-08-01,JED-PROJ-045,Al Balad Prince Fawaz Waterfront Enhancement,1527063,916238,7641304,7545489,-95815
2024-09-01,JED-PROJ-045,Al Balad Prince Fawaz Waterfront Enhancement,1527064,2377427,9168368,9922916,754548
2024-10-01,JED-PROJ-045,Al Balad Prince Fawaz Waterfront Enhancement,1533051,1143801,10701419,11066717,365298
2024-11-01,JED-PROJ-045,Al Balad Prince Fawaz Waterfront Enhancement,1527063,1916314,12228482,12983031,754549
2024-12-01,JED-PROJ-045,Al Balad Prince Fawaz Waterfront Enhancement,1527064,1359386,13755546,14342417,586871
2025-01-01,JED-PROJ-045,Al Balad Prince Fawaz Waterfront Enhancement,1527063,1305489,15282609,15647906,365297
2025-02-01,JED-PROJ-045,Al Balad Prince Fawaz Waterfront Enhancement,1533052,3018196,16815661,18666102,1850441
2025-03-01,JED-PROJ-045,Al Balad Prince Fawaz Waterfront Enhancement,1527063,1209673,18342724,19875775,1533051
2025-04-01,JED-PROJ-045,Al Balad Prince Fawaz Waterfront Enhancement,1527063,269482,19869787,20145257,275470
2025-05-01,JED-PROJ-045,Al Balad Prince Fawaz Waterfront Enhancement,1527063,3173896,21396850,23319153,1922303
2025-06-01,JED-PROJ-045,Al Balad Prince Fawaz Waterfront Enhancement,1527063,790480,22923913,24109633,1185720
2025-07-01,JED-PROJ-045,Al Balad Prince Fawaz Waterfront Enhancement,1533052,2485220,24456965,26594853,2137888
2025-08-01,JED-PROJ-045,Al Balad Prince Fawaz Waterfront Enhancement,1527063,1407294,25984028,28002147,2018119
2025-09-01,JED-PROJ-045,Al Balad Prince Fawaz Waterfront Enhancement,1527063,802457,27511091,28804604,1293513
2025-10-01,JED-PROJ-045,Al Balad Prince Fawaz Waterfront Enhancement,1527064,736583,29038155,29541187,503032
2025-11-01,JED-PROJ-045,Al Balad Prince Fawaz Waterfront Enhancement,1533051,2143877,30571206,31685064,1113858
2025-12-01,JED-PROJ-045,Al Balad Prince Fawaz Waterfront Enhancement,1527063,2197773,32098269,33882837,1784568
2026-01-01,JED-PROJ-045,Al Balad Prince Fawaz Waterfront Enhancement,1527064,1802534,33625333,35685371,2060038
2026-02-01,JED-PROJ-045,Al Balad Prince Fawaz Waterfront Enhancement,1527063,802457,35152396,36487828,1335432
2026-03-01,JED-PROJ-045,Al Balad Prince Fawaz Waterfront Enhancement,1533051,1353397,36685447,37841225,1155778
2026-04-01,JED-PROJ-045,Al Balad Prince Fawaz Waterfront Enhancement,1527064,3108022,38212511,40949247,2736736
2026-05-01,JED-PROJ-045,Al Balad Prince Fawaz Waterfront Enhancement,1527063,1934280,39739574,42883527,3143953
2026-06-01,JED-PROJ-045,Al Balad Prince Fawaz Waterfront Enhancement,1527063,616814,41266637,43500341,2233704
2026-07-01,JED-PROJ-045,Al Balad Prince Fawaz Waterfront Enhancement,1533052,844376,42799689,44344717,1545028
2026-08-01,JED-PROJ-045,Al Balad Prince Fawaz Waterfront Enhancement,1527063,1826488,44326752,46171205,1844453
2026-09-01,JED-PROJ-045,Al Balad Prince Fawaz Waterfront Enhancement,1527063,16919241,45853815,63090446,17236631
2027-04-03,JED-PROJ-046,King Abdulaziz Road Al Safa Waterfront Enhancement,0,26020554,0,26020554,26020554
2027-08-09,JED-PROJ-047,Prince Majed Corridor Al Hamdaniyah Urban Gateway Upgrade,0,7514294,0,7514294,7514294
2025-01-16,JED-PROJ-048,Haramain Gateway Al Jamiah District Revitalization,0,268212,0,268212,268212
2025-02-01,JED-PROJ-048,Haramain Gateway Al Jamiah District Revitalization,3003972,0,3003972,268212,-2735760
2025-03-01,JED-PROJ-048,Haramain Gateway Al Jamiah District Revitalization,2990561,268212,5994533,536424,-5458109
2025-04-01,JED-PROJ-048,Haramain Gateway Al Jamiah District Revitalization,3003972,0,8998505,536424,-8462081
2025-05-01,JED-PROJ-048,Haramain Gateway Al Jamiah District Revitalization,2990561,0,11989066,536424,-11452642
2025-06-01,JED-PROJ-048,Haramain Gateway Al Jamiah District Revitalization,3003972,0,14993038,536424,-14456614
2025-07-01,JED-PROJ-048,Haramain Gateway Al Jamiah District Revitalization,2990561,0,17983599,536424,-17447175
2025-08-01,JED-PROJ-048,Haramain Gateway Al Jamiah District Revitalization,3003972,0,20987571,536424,-20451147
2025-09-01,JED-PROJ-048,Haramain Gateway Al Jamiah District Revitalization,2990561,0,23978132,536424,-23441708
2025-10-01,JED-PROJ-048,Haramain Gateway Al Jamiah District Revitalization,3003972,0,26982104,536424,-26445680
2025-11-01,JED-PROJ-048,Haramain Gateway Al Jamiah District Revitalization,2990561,0,29972665,536424,-29436241
2025-12-01,JED-PROJ-048,Haramain Gateway Al Jamiah District Revitalization,3003972,0,32976637,536424,-32440213
2026-01-01,JED-PROJ-048,Haramain Gateway Al Jamiah District Revitalization,2990561,0,35967198,536424,-35430774
2026-02-01,JED-PROJ-048,Haramain Gateway Al Jamiah District Revitalization,3003972,0,38971170,536424,-38434746
2026-03-01,JED-PROJ-048,Haramain Gateway Al Jamiah District Revitalization,2990561,0,41961731,536424,-41425307
2026-04-01,JED-PROJ-048,Haramain Gateway Al Jamiah District Revitalization,3003972,0,44965703,536424,-44429279
2026-05-01,JED-PROJ-048,Haramain Gateway Al Jamiah District Revitalization,2990561,0,47956264,536424,-47419840
2026-06-01,JED-PROJ-048,Haramain Gateway Al Jamiah District Revitalization,3003972,0,50960236,536424,-50423812
2026-07-01,JED-PROJ-048,Haramain Gateway Al Jamiah District Revitalization,2990562,0,53950798,536424,-53414374
2026-08-01,JED-PROJ-048,Haramain Gateway Al Jamiah District Revitalization,2990561,0,56941359,536424,-56404935
2026-09-01,JED-PROJ-048,Haramain Gateway Al Jamiah District Revitalization,3003972,44205550,59945331,44741974,-15203357
2025-09-27,JED-PROJ-049,Northern Jeddah Al Hamra Urban Gateway Upgrade,0,0,0,0,0
2025-10-01,JED-PROJ-049,Northern Jeddah Al Hamra Urban Gateway Upgrade,5148124,6134591,5148124,6134591,986467
2025-11-01,JED-PROJ-049,Northern Jeddah Al Hamra Urban Gateway Upgrade,5163538,6196246,10311662,12330837,2019175
2025-12-01,JED-PROJ-049,Northern Jeddah Al Hamra Urban Gateway Upgrade,5148125,7121058,15459787,19451895,3992108
2026-01-01,JED-PROJ-049,Northern Jeddah Al Hamra Urban Gateway Upgrade,5148124,8770308,20607911,28222203,7614292
2026-02-01,JED-PROJ-049,Northern Jeddah Al Hamra Urban Gateway Upgrade,5163538,4408274,25771449,32630477,6859028
2026-03-01,JED-PROJ-049,Northern Jeddah Al Hamra Urban Gateway Upgrade,5148124,8246247,30919573,40876724,9957151
2026-04-01,JED-PROJ-049,Northern Jeddah Al Hamra Urban Gateway Upgrade,5148125,6242486,36067698,47119210,11051512
2026-05-01,JED-PROJ-049,Northern Jeddah Al Hamra Urban Gateway Upgrade,5163538,7799255,41231236,54918465,13687229
2026-06-01,JED-PROJ-049,Northern Jeddah Al Hamra Urban Gateway Upgrade,5148124,8261660,46379360,63180125,16800765
2026-07-01,JED-PROJ-049,Northern Jeddah Al Hamra Urban Gateway Upgrade,5148125,5625945,51527485,68806070,17278585
2026-08-01,JED-PROJ-049,Northern Jeddah Al Hamra Urban Gateway Upgrade,5163538,3868800,56691023,72674870,15983847
2026-09-01,JED-PROJ-049,Northern Jeddah Al Hamra Urban Gateway Upgrade,5148124,0,61839147,36391960,-25447187
2022-10-12,JED-PROJ-050,Southern Jeddah Al Rowais Neighborhood Renewal,0,0,0,0,0
2022-11-01,JED-PROJ-050,Southern Jeddah Al Rowais Neighborhood Renewal,1056204,1226560,1056204,1226560,170356
2022-12-01,JED-PROJ-050,Southern Jeddah Al Rowais Neighborhood Renewal,1061072,102213,2117276,1328773,-788503
2023-01-01,JED-PROJ-050,Southern Jeddah Al Rowais Neighborhood Renewal,1056204,1839840,3173480,3168613,-4867
2023-02-01,JED-PROJ-050,Southern Jeddah Al Rowais Neighborhood Renewal,1061072,1231427,4234552,4400040,165488
2023-03-01,JED-PROJ-050,Southern Jeddah Al Rowais Neighborhood Renewal,1056204,598678,5290756,4998718,-292038
2023-04-01,JED-PROJ-050,Southern Jeddah Al Rowais Neighborhood Renewal,1056204,1825238,6346960,6823956,476996
2023-05-01,JED-PROJ-050,Southern Jeddah Al Rowais Neighborhood Renewal,1061072,0,7408032,6823956,-584076
2023-06-01,JED-PROJ-050,Southern Jeddah Al Rowais Neighborhood Renewal,1056204,895583,8464236,7719539,-744697
2023-07-01,JED-PROJ-050,Southern Jeddah Al Rowais Neighborhood Renewal,1061071,2204887,9525307,9924426,399119
2023-08-01,JED-PROJ-050,Southern Jeddah Al Rowais Neighborhood Renewal,1056205,647351,10581512,10571777,-9735
2023-09-01,JED-PROJ-050,Southern Jeddah Al Rowais Neighborhood Renewal,1056204,1396915,11637716,11968692,330976
2023-10-01,JED-PROJ-050,Southern Jeddah Al Rowais Neighborhood Renewal,1061072,613280,12698788,12581972,-116816
2023-11-01,JED-PROJ-050,Southern Jeddah Al Rowais Neighborhood Renewal,1056204,730095,13754992,13312067,-442925
2023-12-01,JED-PROJ-050,Southern Jeddah Al Rowais Neighborhood Renewal,1056204,2058869,14811196,15370936,559740
2024-01-01,JED-PROJ-050,Southern Jeddah Al Rowais Neighborhood Renewal,1061072,1027000,15872268,16397936,525668
2024-02-01,JED-PROJ-050,Southern Jeddah Al Rowais Neighborhood Renewal,1056204,871247,16928472,17269183,340711
2024-03-01,JED-PROJ-050,Southern Jeddah Al Rowais Neighborhood Renewal,1061071,321242,17989543,17590425,-399118
2024-04-01,JED-PROJ-050,Southern Jeddah Al Rowais Neighborhood Renewal,1056205,1615944,19045748,19206369,160621
2024-05-01,JED-PROJ-050,Southern Jeddah Al Rowais Neighborhood Renewal,1056204,652218,20101952,19858587,-243365
2024-06-01,JED-PROJ-050,Southern Jeddah Al Rowais Neighborhood Renewal,1061071,588943,21163023,20447530,-715493
2024-07-01,JED-PROJ-050,Southern Jeddah Al Rowais Neighborhood Renewal,1056205,2501793,22219228,22949323,730095
2024-08-01,JED-PROJ-050,Southern Jeddah Al Rowais Neighborhood Renewal,1061071,0,23280299,22949323,-330976
2024-09-01,JED-PROJ-050,Southern Jeddah Al Rowais Neighborhood Renewal,1056205,2175683,24336504,25125006,788502
2024-10-01,JED-PROJ-050,Southern Jeddah Al Rowais Neighborhood Renewal,1056204,175223,25392708,25300229,-92479
2024-11-01,JED-PROJ-050,Southern Jeddah Al Rowais Neighborhood Renewal,1061071,598678,26453779,25898907,-554872
2024-12-01,JED-PROJ-050,Southern Jeddah Al Rowais Neighborhood Renewal,1056205,1684086,27509984,27582993,73009
2025-01-01,JED-PROJ-050,Southern Jeddah Al Rowais Neighborhood Renewal,1061071,1640280,28571055,29223273,652218
2025-02-01,JED-PROJ-050,Southern Jeddah Al Rowais Neighborhood Renewal,1056204,812840,29627259,30036113,408854
2025-03-01,JED-PROJ-050,Southern Jeddah Al Rowais Neighborhood Renewal,1056205,1187621,30683464,31223734,540270
2025-04-01,JED-PROJ-050,Southern Jeddah Al Rowais Neighborhood Renewal,1061071,798237,31744535,32021971,277436
2025-05-01,JED-PROJ-050,Southern Jeddah Al Rowais Neighborhood Renewal,1056204,1114612,32800739,33136583,335844
2025-06-01,JED-PROJ-050,Southern Jeddah Al Rowais Neighborhood Renewal,1061072,1333641,33861811,34470224,608413
2025-07-01,JED-PROJ-050,Southern Jeddah Al Rowais Neighborhood Renewal,1056204,9734,34918015,34479958,-438057
2025-08-01,JED-PROJ-050,Southern Jeddah Al Rowais Neighborhood Renewal,1056204,1474792,35974219,35954750,-19469
2025-09-01,JED-PROJ-050,Southern Jeddah Al Rowais Neighborhood Renewal,1061072,588944,37035291,36543694,-491597
2025-10-01,JED-PROJ-050,Southern Jeddah Al Rowais Neighborhood Renewal,1056204,2404446,38091495,38948140,856645
2025-11-01,JED-PROJ-050,Southern Jeddah Al Rowais Neighborhood Renewal,1056205,978328,39147700,39926468,778768
2025-12-01,JED-PROJ-050,Southern Jeddah Al Rowais Neighborhood Renewal,1061071,0,40208771,39926468,-282303
2026-01-01,JED-PROJ-050,Southern Jeddah Al Rowais Neighborhood Renewal,1056204,1698688,41264975,41625156,360181
2026-02-01,JED-PROJ-050,Southern Jeddah Al Rowais Neighborhood Renewal,1061072,1445588,42326047,43070744,744697
2026-03-01,JED-PROJ-050,Southern Jeddah Al Rowais Neighborhood Renewal,1056204,0,43382251,43070744,-311507
2026-04-01,JED-PROJ-050,Southern Jeddah Al Rowais Neighborhood Renewal,1056204,1489394,44438455,44560138,121683
2026-05-01,JED-PROJ-050,Southern Jeddah Al Rowais Neighborhood Renewal,1061072,1664617,45499527,46224755,725228
2026-06-01,JED-PROJ-050,Southern Jeddah Al Rowais Neighborhood Renewal,1056204,0,46555731,46224755,-330976
2026-07-01,JED-PROJ-050,Southern Jeddah Al Rowais Neighborhood Renewal,1061072,1737626,47616803,47962381,345578
2026-08-01,JED-PROJ-050,Southern Jeddah Al Rowais Neighborhood Renewal,1056204,1528378,48673007,49490759,817752
2025-04-13,JED-PROJ-051,Eastern Jeddah Al Zahra Public Realm Improvement,0,8867246,0,8867246,8867246
2025-05-01,JED-PROJ-051,Eastern Jeddah Al Zahra Public Realm Improvement,21849358,23066431,21849358,31933677,10084319
2025-06-01,JED-PROJ-051,Eastern Jeddah Al Zahra Public Realm Improvement,21849358,21559579,43698716,53493256,9794540
2025-07-01,JED-PROJ-051,Eastern Jeddah Al Zahra Public Realm Improvement,21791403,12344598,65490119,65837854,347735
2025-08-01,JED-PROJ-051,Eastern Jeddah Al Zahra Public Realm Improvement,21849358,30195001,87339477,96032855,8693378
2025-09-01,JED-PROJ-051,Eastern Jeddah Al Zahra Public Realm Improvement,21849358,21733447,109188835,117766302,8577467
2025-10-01,JED-PROJ-051,Eastern Jeddah Al Zahra Public Realm Improvement,21849358,11185480,131038193,128951782,-2086411
2025-11-01,JED-PROJ-051,Eastern Jeddah Al Zahra Public Realm Improvement,21849358,32745060,152887551,161696842,8809291
2025-12-01,JED-PROJ-051,Eastern Jeddah Al Zahra Public Realm Improvement,21849358,5563762,174736909,167260604,-7476305
2026-01-01,JED-PROJ-051,Eastern Jeddah Al Zahra Public Realm Improvement,21791403,33788265,196528312,201048869,4520557
2026-02-01,JED-PROJ-051,Eastern Jeddah Al Zahra Public Realm Improvement,21849358,14488964,218377670,215537833,-2839837
2026-03-01,JED-PROJ-051,Eastern Jeddah Al Zahra Public Realm Improvement,21849358,19878859,240227028,235416692,-4810336
2026-04-01,JED-PROJ-051,Eastern Jeddah Al Zahra Public Realm Improvement,21849358,21153888,262076386,256570580,-5505806
2026-05-01,JED-PROJ-051,Eastern Jeddah Al Zahra Public Realm Improvement,21849358,35063293,283925744,291633873,7708129
2026-06-01,JED-PROJ-051,Eastern Jeddah Al Zahra Public Realm Improvement,21849359,14662832,305775103,306296705,521602
2026-07-01,JED-PROJ-051,Eastern Jeddah Al Zahra Public Realm Improvement,21791402,30195002,327566505,336491707,8925202
2026-08-01,JED-PROJ-051,Eastern Jeddah Al Zahra Public Realm Improvement,21849358,8345643,349415863,344837350,-4578513
2026-09-01,JED-PROJ-051,Eastern Jeddah Al Zahra Public Realm Improvement,21849358,0,371265221,338041630,-33223591
2025-06-05,JED-PROJ-052,Western Jeddah Al Rawabi Urban Regeneration,0,421278,0,421278,421278
2025-07-01,JED-PROJ-052,Western Jeddah Al Rawabi Urban Regeneration,14353546,16580301,14353546,17001579,2648033
2025-08-01,JED-PROJ-052,Western Jeddah Al Rawabi Urban Regeneration,14353546,8726475,28707092,25728054,-2979038
2025-09-01,JED-PROJ-052,Western Jeddah Al Rawabi Urban Regeneration,14353545,17182127,43060637,42910181,-150456
2025-10-01,JED-PROJ-052,Western Jeddah Al Rawabi Urban Regeneration,14353546,16640484,57414183,59550665,2136482
2025-11-01,JED-PROJ-052,Western Jeddah Al Rawabi Urban Regeneration,14353546,10923138,71767729,70473803,-1293926
2025-12-01,JED-PROJ-052,Western Jeddah Al Rawabi Urban Regeneration,14353546,9719487,86121275,80193290,-5927985
2026-01-01,JED-PROJ-052,Western Jeddah Al Rawabi Urban Regeneration,14353545,11585147,100474820,91778437,-8696383
2026-02-01,JED-PROJ-052,Western Jeddah Al Rawabi Urban Regeneration,14323455,22989746,114798275,114768183,-30092
2026-03-01,JED-PROJ-052,Western Jeddah Al Rawabi Urban Regeneration,14353546,4664151,129151821,119432334,-9719487
2026-04-01,JED-PROJ-052,Western Jeddah Al Rawabi Urban Regeneration,14353545,23080020,143505366,142512354,-993012
2026-05-01,JED-PROJ-052,Western Jeddah Al Rawabi Urban Regeneration,14353546,10110673,157858912,152623027,-5235885
2026-06-01,JED-PROJ-052,Western Jeddah Al Rawabi Urban Regeneration,14353546,18295505,172212458,170918532,-1293926
2026-07-01,JED-PROJ-052,Western Jeddah Al Rawabi Urban Regeneration,14353546,12307338,186566004,183225870,-3340134
2026-08-01,JED-PROJ-052,Western Jeddah Al Rawabi Urban Regeneration,14353545,16008567,200919549,199234437,-1685112
2026-09-01,JED-PROJ-052,Western Jeddah Al Rawabi Urban Regeneration,14353546,20727343,215273095,219961780,4688685
2023-08-27,JED-PROJ-053,Central Jeddah Al Baghdadiyah District Revitalization,0,5583192,0,5583192,5583192
2023-09-01,JED-PROJ-053,Central Jeddah Al Baghdadiyah District Revitalization,18145374,10526643,18145374,16109835,-2035539
2023-10-01,JED-PROJ-053,Central Jeddah Al Baghdadiyah District Revitalization,18203532,19831963,36348906,35941798,-407108
2023-11-01,JED-PROJ-053,Central Jeddah Al Baghdadiyah District Revitalization,18203532,21227761,54552438,57169559,2617121
2023-12-01,JED-PROJ-053,Central Jeddah Al Baghdadiyah District Revitalization,18145374,23379616,72697812,80549175,7851363
2024-01-01,JED-PROJ-053,Central Jeddah Al Baghdadiyah District Revitalization,18145374,20471704,90843186,101020879,10177693
2024-02-01,JED-PROJ-053,Central Jeddah Al Baghdadiyah District Revitalization,18203532,13667189,109046718,114688068,5641350
2024-03-01,JED-PROJ-053,Central Jeddah Al Baghdadiyah District Revitalization,18203532,10817434,127250250,125505502,-1744748
2024-04-01,JED-PROJ-053,Central Jeddah Al Baghdadiyah District Revitalization,18145374,18261691,145395624,143767193,-1628431
2024-05-01,JED-PROJ-053,Central Jeddah Al Baghdadiyah District Revitalization,18145373,24775414,163540997,168542607,5001610
2024-06-01,JED-PROJ-053,Central Jeddah Al Baghdadiyah District Revitalization,18203532,7735047,181744529,176277654,-5466875
2024-07-01,JED-PROJ-053,Central Jeddah Al Baghdadiyah District Revitalization,18203532,15470094,199948061,191747748,-8200313
2024-08-01,JED-PROJ-053,Central Jeddah Al Baghdadiyah District Revitalization,18145374,23321458,218093435,215069206,-3024229
2024-09-01,JED-PROJ-053,Central Jeddah Al Baghdadiyah District Revitalization,18145374,16749576,236238809,231818782,-4420027
2024-10-01,JED-PROJ-053,Central Jeddah Al Baghdadiyah District Revitalization,18203532,18378007,254442341,250196789,-4245552
2024-11-01,JED-PROJ-053,Central Jeddah Al Baghdadiyah District Revitalization,18203532,16865892,272645873,267062681,-5583192
2024-12-01,JED-PROJ-053,Central Jeddah Al Baghdadiyah District Revitalization,18145374,14132455,290791247,281195136,-9596111
2025-01-01,JED-PROJ-053,Central Jeddah Al Baghdadiyah District Revitalization,18145374,17680108,308936621,298875244,-10061377
2025-02-01,JED-PROJ-053,Central Jeddah Al Baghdadiyah District Revitalization,18203532,38500761,327140153,337376005,10235852
2025-03-01,JED-PROJ-053,Central Jeddah Al Baghdadiyah District Revitalization,18203532,6397407,345343685,343773412,-1570273
2025-04-01,JED-PROJ-053,Central Jeddah Al Baghdadiyah District Revitalization,18145374,17273000,363489059,361046412,-2442647
2025-05-01,JED-PROJ-053,Central Jeddah Al Baghdadiyah District Revitalization,18145374,24368307,381634433,385414719,3780286
2025-06-01,JED-PROJ-053,Central Jeddah Al Baghdadiyah District Revitalization,18203532,8549262,399837965,393963981,-5873984
2025-07-01,JED-PROJ-053,Central Jeddah Al Baghdadiyah District Revitalization,18203532,33440994,418041497,427404975,9363478
2025-08-01,JED-PROJ-053,Central Jeddah Al Baghdadiyah District Revitalization,18145373,14772195,436186870,442177170,5990300
2025-09-01,JED-PROJ-053,Central Jeddah Al Baghdadiyah District Revitalization,18145374,3605812,454332244,445782982,-8549262
2025-10-01,JED-PROJ-053,Central Jeddah Al Baghdadiyah District Revitalization,18203532,25008047,472535776,470791029,-1744747
2025-11-01,JED-PROJ-053,Central Jeddah Al Baghdadiyah District Revitalization,18203532,27857801,490739308,498648830,7909522
2025-12-01,JED-PROJ-053,Central Jeddah Al Baghdadiyah District Revitalization,18145374,19541172,508884682,518190002,9305320
2026-01-01,JED-PROJ-053,Central Jeddah Al Baghdadiyah District Revitalization,18145374,8200313,527030056,526390315,-639741
2026-02-01,JED-PROJ-053,Central Jeddah Al Baghdadiyah District Revitalization,18203532,21227761,545233588,547618076,2384488
2026-03-01,JED-PROJ-053,Central Jeddah Al Baghdadiyah District Revitalization,18203532,8840054,563437120,556458130,-6978990
2026-04-01,JED-PROJ-053,Central Jeddah Al Baghdadiyah District Revitalization,18145374,52264442,581582494,608722572,27140078
2026-01-01,JED-PROJ-054,Corniche Al Muhammadiyah Public Realm Improvement,0,0,0,0,0
2026-02-01,JED-PROJ-054,Corniche Al Muhammadiyah Public Realm Improvement,26641589,31494338,26641589,31494338,4852749
2026-03-01,JED-PROJ-054,Corniche Al Muhammadiyah Public Realm Improvement,26641590,18683081,53283179,50177419,-3105760
2026-04-01,JED-PROJ-054,Corniche Al Muhammadiyah Public Realm Improvement,26641589,23002028,79924768,73179447,-6745321
2026-05-01,JED-PROJ-054,Corniche Al Muhammadiyah Public Realm Improvement,26641589,22128534,106566357,95307981,-11258376
2026-06-01,JED-PROJ-054,Corniche Al Muhammadiyah Public Realm Improvement,26593062,18828664,133159419,114136645,-19022774
2026-07-01,JED-PROJ-054,Corniche Al Muhammadiyah Public Realm Improvement,26641589,22856445,159801008,136993090,-22807918
2026-08-01,JED-PROJ-054,Corniche Al Muhammadiyah Public Realm Improvement,26641589,24554908,186442597,161547998,-24894599
2026-09-01,JED-PROJ-054,Corniche Al Muhammadiyah Public Realm Improvement,26641590,26259106,213084187,187807104,-25277083
2026-05-28,JED-PROJ-055,Airport District Al Shati Boulevard Development,0,1978502,0,1978502,1978502
2026-06-01,JED-PROJ-055,Airport District Al Shati Boulevard Development,4446731,6973728,4446731,8952230,4505499
2026-07-01,JED-PROJ-055,Airport District Al Shati Boulevard Development,4446732,7953185,8893463,16905415,8011952
2026-08-01,JED-PROJ-055,Airport District Al Shati Boulevard Development,4446731,16435275,13340194,33340690,20000496
2026-09-01,JED-PROJ-055,Airport District Al Shati Boulevard Development,4446731,0,17786925,15904181,-1882744
2022-06-07,JED-PROJ-056,Obhur Al Aziziyah Public Realm Improvement,0,7937877,0,7937877,7937877
2022-07-01,JED-PROJ-056,Obhur Al Aziziyah Public Realm Improvement,11442913,12679985,11442913,20617862,9174949
2022-08-01,JED-PROJ-056,Obhur Al Aziziyah Public Realm Improvement,11442913,0,22885826,20617862,-2267964
2022-09-01,JED-PROJ-056,Obhur Al Aziziyah Public Realm Improvement,11494458,11803725,34380284,32421587,-1958697
2022-10-01,JED-PROJ-056,Obhur Al Aziziyah Public Realm Improvement,11442913,18195263,45823197,50616850,4793653
2022-11-01,JED-PROJ-056,Obhur Al Aziziyah Public Realm Improvement,11442913,10308931,57266110,60925781,3659671
2022-12-01,JED-PROJ-056,Obhur Al Aziziyah Public Realm Improvement,11442914,1391705,68709024,62317486,-6391538
2023-01-01,JED-PROJ-056,Obhur Al Aziziyah Public Realm Improvement,11494457,23710541,80203481,86028027,5824546
2023-02-01,JED-PROJ-056,Obhur Al Aziziyah Public Realm Improvement,11442913,515447,91646394,86543474,-5102920
2023-03-01,JED-PROJ-056,Obhur Al Aziziyah Public Realm Improvement,11442914,11442913,103089308,97986387,-5102921
2023-04-01,JED-PROJ-056,Obhur Al Aziziyah Public Realm Improvement,11442913,17267459,114532221,115253846,721625
2023-05-01,JED-PROJ-056,Obhur Al Aziziyah Public Realm Improvement,11442913,12473806,125975134,127727652,1752518
2023-06-01,JED-PROJ-056,Obhur Al Aziziyah Public Realm Improvement,11494458,11185190,137469592,138912842,1443250
2023-07-01,JED-PROJ-056,Obhur Al Aziziyah Public Realm Improvement,11442913,2422599,148912505,141335441,-7577064
2023-08-01,JED-PROJ-056,Obhur Al Aziziyah Public Realm Improvement,11442913,26030050,160355418,167365491,7010073
2023-09-01,JED-PROJ-056,Obhur Al Aziziyah Public Realm Improvement,11442913,103089,171798331,167468580,-4329751
2023-10-01,JED-PROJ-056,Obhur Al Aziziyah Public Realm Improvement,11494458,8917225,183292789,176385805,-6906984
2023-11-01,JED-PROJ-056,Obhur Al Aziziyah Public Realm Improvement,11442913,25566149,194735702,201951954,7216252
2023-12-01,JED-PROJ-056,Obhur Al Aziziyah Public Realm Improvement,11442913,12679984,206178615,214631938,8453323
2024-01-01,JED-PROJ-056,Obhur Al Aziziyah Public Realm Improvement,11442913,9741940,217621528,224373878,6752350
2024-02-01,JED-PROJ-056,Obhur Al Aziziyah Public Realm Improvement,11442913,10463565,229064441,234837443,5773002
2024-03-01,JED-PROJ-056,Obhur Al Aziziyah Public Realm Improvement,11494458,8607957,240558899,243445400,2886501
2024-04-01,JED-PROJ-056,Obhur Al Aziziyah Public Realm Improvement,11442913,9484216,252001812,252929616,927804
2024-05-01,JED-PROJ-056,Obhur Al Aziziyah Public Realm Improvement,11442914,2834956,263444726,255764572,-7680154
2024-06-01,JED-PROJ-056,Obhur Al Aziziyah Public Realm Improvement,11442913,17422093,274887639,273186665,-1700974
2024-07-01,JED-PROJ-056,Obhur Al Aziziyah Public Realm Improvement,11494458,10824377,286382097,284011042,-2371055
2024-08-01,JED-PROJ-056,Obhur Al Aziziyah Public Realm Improvement,11442913,9329583,297825010,293340625,-4484385
2024-09-01,JED-PROJ-056,Obhur Al Aziziyah Public Realm Improvement,11442913,20050870,309267923,313391495,4123572
2024-10-01,JED-PROJ-056,Obhur Al Aziziyah Public Realm Improvement,11442913,7267796,320710836,320659291,-51545
2024-11-01,JED-PROJ-056,Obhur Al Aziziyah Public Realm Improvement,11442913,3762760,332153749,324422051,-7731698
2024-12-01,JED-PROJ-056,Obhur Al Aziziyah Public Realm Improvement,11494458,14020146,343648207,338442197,-5206010
2025-01-01,JED-PROJ-056,Obhur Al Aziziyah Public Realm Improvement,11442913,20050870,355091120,358493067,3401947
2025-02-01,JED-PROJ-056,Obhur Al Aziziyah Public Realm Improvement,11442913,206179,366534033,358699246,-7834787
2025-03-01,JED-PROJ-056,Obhur Al Aziziyah Public Realm Improvement,11442913,25823871,377976946,384523117,6546171
2025-04-01,JED-PROJ-056,Obhur Al Aziziyah Public Realm Improvement,11494458,4845198,389471404,389368315,-103089
2025-05-01,JED-PROJ-056,Obhur Al Aziziyah Public Realm Improvement,11442913,11185190,400914317,400553505,-360812
2025-06-01,JED-PROJ-056,Obhur Al Aziziyah Public Realm Improvement,11442913,13504699,412357230,414058204,1700974
2025-07-01,JED-PROJ-056,Obhur Al Aziziyah Public Realm Improvement,11442914,15772664,423800144,429830868,6030724
2025-08-01,JED-PROJ-056,Obhur Al Aziziyah Public Realm Improvement,11442913,2628777,435243057,432459645,-2783412
2025-09-01,JED-PROJ-056,Obhur Al Aziziyah Public Realm Improvement,11494457,17576727,446737514,450036372,3298858
2025-10-01,JED-PROJ-056,Obhur Al Aziziyah Public Realm Improvement,11442914,9381127,458180428,459417499,1237071
2025-11-01,JED-PROJ-056,Obhur Al Aziziyah Public Realm Improvement,11442913,5876091,469623341,465293590,-4329751
2025-12-01,JED-PROJ-056,Obhur Al Aziziyah Public Realm Improvement,11442913,22834281,481066254,488127871,7061617
2026-01-01,JED-PROJ-056,Obhur Al Aziziyah Public Realm Improvement,11494458,9948119,492560712,498075990,5515278
2026-02-01,JED-PROJ-056,Obhur Al Aziziyah Public Realm Improvement,11442913,8865680,504003625,506941670,2938045
2026-03-01,JED-PROJ-056,Obhur Al Aziziyah Public Realm Improvement,11442913,4292883,515446538,511234553,-4211985
2024-05-09,JED-PROJ-057,Al Balad Al Thaghr Waterfront Enhancement,0,504951,0,504951,504951
2024-06-01,JED-PROJ-057,Al Balad Al Thaghr Waterfront Enhancement,1143791,654142,1143791,1159093,15302
2024-07-01,JED-PROJ-057,Al Balad Al Thaghr Waterfront Enhancement,1143791,1048156,2287582,2207249,-80333
2024-08-01,JED-PROJ-057,Al Balad Al Thaghr Waterfront Enhancement,1143791,680919,3431373,2888168,-543205
2024-09-01,JED-PROJ-057,Al Balad Al Thaghr Waterfront Enhancement,1143792,845411,4575165,3733579,-841586
2024-10-01,JED-PROJ-057,Al Balad Al Thaghr Waterfront Enhancement,1143791,788030,5718956,4521609,-1197347
2024-11-01,JED-PROJ-057,Al Balad Al Thaghr Waterfront Enhancement,1143791,1055807,6862747,5577416,-1285331
2024-12-01,JED-PROJ-057,Al Balad Al Thaghr Waterfront Enhancement,1139966,53556,8002713,5630972,-2371741
2025-01-01,JED-PROJ-057,Al Balad Al Thaghr Waterfront Enhancement,1143791,1866789,9146504,7497761,-1648743
2025-02-01,JED-PROJ-057,Al Balad Al Thaghr Waterfront Enhancement,1143791,860713,10290295,8358474,-1931821
2025-03-01,JED-PROJ-057,Al Balad Al Thaghr Waterfront Enhancement,1143791,0,11434086,8358474,-3075612
2025-04-01,JED-PROJ-057,Al Balad Al Thaghr Waterfront Enhancement,1143791,1679345,12577877,10037819,-2540058
2025-05-01,JED-PROJ-057,Al Balad Al Thaghr Waterfront Enhancement,1143791,0,13721668,10037819,-3683849
2025-06-01,JED-PROJ-057,Al Balad Al Thaghr Waterfront Enhancement,1143791,1067284,14865459,11105103,-3760356
2025-07-01,JED-PROJ-057,Al Balad Al Thaghr Waterfront Enhancement,1143791,1434520,16009250,12539623,-3469627
2025-08-01,JED-PROJ-057,Al Balad Al Thaghr Waterfront Enhancement,1143792,68857,17153042,12608480,-4544562
2025-09-01,JED-PROJ-057,Al Balad Al Thaghr Waterfront Enhancement,1143791,1774980,18296833,14383460,-3913373
2025-10-01,JED-PROJ-057,Al Balad Al Thaghr Waterfront Enhancement,1143791,891316,19440624,15274776,-4165848
2025-11-01,JED-PROJ-057,Al Balad Al Thaghr Waterfront Enhancement,1143791,424618,20584415,15699394,-4885021
2025-12-01,JED-PROJ-057,Al Balad Al Thaghr Waterfront Enhancement,1143791,183619,21728206,15883013,-5845193
2026-01-01,JED-PROJ-057,Al Balad Al Thaghr Waterfront Enhancement,1143791,1254727,22871997,17137740,-5734257
2026-02-01,JED-PROJ-057,Al Balad Al Thaghr Waterfront Enhancement,1143791,1327410,24015788,18465150,-5550638
2026-03-01,JED-PROJ-057,Al Balad Al Thaghr Waterfront Enhancement,1139966,1373314,25155754,19838464,-5317290
2026-04-01,JED-PROJ-057,Al Balad Al Thaghr Waterfront Enhancement,1143791,390190,26299545,20228654,-6070891
2026-05-01,JED-PROJ-057,Al Balad Al Thaghr Waterfront Enhancement,1143791,359586,27443336,20588240,-6855096
2026-06-01,JED-PROJ-057,Al Balad Al Thaghr Waterfront Enhancement,1143792,1388616,28587128,21976856,-6610272
2026-07-01,JED-PROJ-057,Al Balad Al Thaghr Waterfront Enhancement,1143791,742126,29730919,22718982,-7011937
2026-08-01,JED-PROJ-057,Al Balad Al Thaghr Waterfront Enhancement,1143791,1201172,30874710,23920154,-6954556
2026-09-01,JED-PROJ-057,Al Balad Al Thaghr Waterfront Enhancement,1143791,8689093,32018501,32609247,590746
2025-03-27,JED-PROJ-058,King Abdulaziz Road Al Manar Urban Regeneration,0,486085,0,486085,486085
2025-04-01,JED-PROJ-058,King Abdulaziz Road Al Manar Urban Regeneration,1411716,0,1411716,486085,-925631
2025-05-01,JED-PROJ-058,King Abdulaziz Road Al Manar Urban Regeneration,1411715,527454,2823431,1013539,-1809892
2025-06-01,JED-PROJ-058,King Abdulaziz Road Al Manar Urban Regeneration,1411716,0,4235147,1013539,-3221608
2025-07-01,JED-PROJ-058,King Abdulaziz Road Al Manar Urban Regeneration,1411716,0,5646863,1013539,-4633324
2025-08-01,JED-PROJ-058,King Abdulaziz Road Al Manar Urban Regeneration,1416887,165476,7063750,1179015,-5884735
2025-09-01,JED-PROJ-058,King Abdulaziz Road Al Manar Urban Regeneration,1411715,0,8475465,1179015,-7296450
2025-10-01,JED-PROJ-058,King Abdulaziz Road Al Manar Urban Regeneration,1411716,160305,9887181,1339320,-8547861
2025-11-01,JED-PROJ-058,King Abdulaziz Road Al Manar Urban Regeneration,1411716,0,11298897,1339320,-9959577
2025-12-01,JED-PROJ-058,King Abdulaziz Road Al Manar Urban Regeneration,1411715,0,12710612,1339320,-11371292
2026-01-01,JED-PROJ-058,King Abdulaziz Road Al Manar Urban Regeneration,1411716,0,14122328,1339320,-12783008
2026-02-01,JED-PROJ-058,King Abdulaziz Road Al Manar Urban Regeneration,1411716,0,15534044,1339320,-14194724
2026-03-01,JED-PROJ-058,King Abdulaziz Road Al Manar Urban Regeneration,1411716,0,16945760,1339320,-15606440
2026-04-01,JED-PROJ-058,King Abdulaziz Road Al Manar Urban Regeneration,1411715,0,18357475,1339320,-17018155
2026-05-01,JED-PROJ-058,King Abdulaziz Road Al Manar Urban Regeneration,1416887,0,19774362,1339320,-18435042
2026-06-01,JED-PROJ-058,King Abdulaziz Road Al Manar Urban Regeneration,1411716,15513,21186078,1354833,-19831245
2026-07-01,JED-PROJ-058,King Abdulaziz Road Al Manar Urban Regeneration,1411716,0,22597794,1354833,-21242961
2026-08-01,JED-PROJ-058,King Abdulaziz Road Al Manar Urban Regeneration,1411715,615364,24009509,1970197,-22039312
2026-09-01,JED-PROJ-058,King Abdulaziz Road Al Manar Urban Regeneration,1411716,17732309,25421225,19702506,-5718719
2024-12-04,JED-PROJ-059,Prince Majed Corridor Al Balad Public Building Rehabilitation,0,164979,0,164979,164979
2025-01-01,JED-PROJ-059,Prince Majed Corridor Al Balad Public Building Rehabilitation,464675,288958,464675,453937,-10738
2025-02-01,JED-PROJ-059,Prince Majed Corridor Al Balad Public Building Rehabilitation,464675,147407,929350,601344,-328006
2025-03-01,JED-PROJ-059,Prince Majed Corridor Al Balad Public Building Rehabilitation,465651,586701,1395001,1188045,-206956
2025-04-01,JED-PROJ-059,Prince Majed Corridor Al Balad Public Building Rehabilitation,464675,108359,1859676,1296404,-563272
2025-05-01,JED-PROJ-059,Prince Majed Corridor Al Balad Public Building Rehabilitation,464675,365102,2324351,1661506,-662845
2025-06-01,JED-PROJ-059,Prince Majed Corridor Al Balad Public Building Rehabilitation,464676,471509,2789027,2133015,-656012
2025-07-01,JED-PROJ-059,Prince Majed Corridor Al Balad Public Building Rehabilitation,464675,423674,3253702,2556689,-697013
2025-08-01,JED-PROJ-059,Prince Majed Corridor Al Balad Public Building Rehabilitation,465651,464675,3719353,3021364,-697989
2025-09-01,JED-PROJ-059,Prince Majed Corridor Al Balad Public Building Rehabilitation,464675,335816,4184028,3357180,-826848
2025-10-01,JED-PROJ-059,Prince Majed Corridor Al Balad Public Building Rehabilitation,464675,282124,4648703,3639304,-1009399
2025-11-01,JED-PROJ-059,Prince Majed Corridor Al Balad Public Building Rehabilitation,464675,305553,5113378,3944857,-1168521
2025-12-01,JED-PROJ-059,Prince Majed Corridor Al Balad Public Building Rehabilitation,464675,619892,5578053,4564749,-1013304
2026-01-01,JED-PROJ-059,Prince Majed Corridor Al Balad Public Building Rehabilitation,464675,164979,6042728,4729728,-1313000
2026-02-01,JED-PROJ-059,Prince Majed Corridor Al Balad Public Building Rehabilitation,465651,374864,6508379,5104592,-1403787
2026-03-01,JED-PROJ-059,Prince Majed Corridor Al Balad Public Building Rehabilitation,464675,264553,6973054,5369145,-1603909
2026-04-01,JED-PROJ-059,Prince Majed Corridor Al Balad Public Building Rehabilitation,464676,587677,7437730,5956822,-1480908
2026-05-01,JED-PROJ-059,Prince Majed Corridor Al Balad Public Building Rehabilitation,464675,330934,7902405,6287756,-1614649
2026-06-01,JED-PROJ-059,Prince Majed Corridor Al Balad Public Building Rehabilitation,464675,199147,8367080,6486903,-1880177
2026-07-01,JED-PROJ-059,Prince Majed Corridor Al Balad Public Building Rehabilitation,465651,317267,8832731,6804170,-2028561
2026-08-01,JED-PROJ-059,Prince Majed Corridor Al Balad Public Building Rehabilitation,464675,575963,9297406,7380133,-1917273
2026-09-01,JED-PROJ-059,Prince Majed Corridor Al Balad Public Building Rehabilitation,464675,3119128,9762081,10499261,737180
2026-03-07,JED-PROJ-060,Haramain Gateway Al Khalidiyah Service Center Upgrade,0,0,0,0,0
2026-04-01,JED-PROJ-060,Haramain Gateway Al Khalidiyah Service Center Upgrade,2227467,659742,2227467,659742,-1567725
2026-05-01,JED-PROJ-060,Haramain Gateway Al Khalidiyah Service Center Upgrade,2225231,0,4452698,659742,-3792956
2026-06-01,JED-PROJ-060,Haramain Gateway Al Khalidiyah Service Center Upgrade,2225232,176676,6677930,836418,-5841512
2026-07-01,JED-PROJ-060,Haramain Gateway Al Khalidiyah Service Center Upgrade,2227467,708943,8905397,1545361,-7360036
2026-08-01,JED-PROJ-060,Haramain Gateway Al Khalidiyah Service Center Upgrade,2227467,0,11132864,1545361,-9587503
2026-09-01,JED-PROJ-060,Haramain Gateway Al Khalidiyah Service Center Upgrade,2225231,5715956,13358095,7261317,-6096778
2027-08-02,JED-PROJ-061,Northern Jeddah Al Andalus Service Center Upgrade,0,3498077,0,3498077,3498077
2025-10-10,JED-PROJ-062,Southern Jeddah Al Hamdaniyah Public Building Rehabilitation,0,337848,0,337848,337848
2025-11-01,JED-PROJ-062,Southern Jeddah Al Hamdaniyah Public Building Rehabilitation,1495075,415514,1495075,753362,-741713
2025-12-01,JED-PROJ-062,Southern Jeddah Al Hamdaniyah Public Building Rehabilitation,1497017,1153344,2992092,1906706,-1085386
2026-01-01,JED-PROJ-062,Southern Jeddah Al Hamdaniyah Public Building Rehabilitation,1495075,353381,4487167,2260087,-2227080
2026-02-01,JED-PROJ-062,Southern Jeddah Al Hamdaniyah Public Building Rehabilitation,1497016,803846,5984183,3063933,-2920250
2026-03-01,JED-PROJ-062,Southern Jeddah Al Hamdaniyah Public Building Rehabilitation,1495076,689288,7479259,3753221,-3726038
2026-04-01,JED-PROJ-062,Southern Jeddah Al Hamdaniyah Public Building Rehabilitation,1497016,1248485,8976275,5001706,-3974569
2026-05-01,JED-PROJ-062,Southern Jeddah Al Hamdaniyah Public Building Rehabilitation,1495075,619388,10471350,5621094,-4850256
2026-06-01,JED-PROJ-062,Southern Jeddah Al Hamdaniyah Public Building Rehabilitation,1497017,1161110,11968367,6782204,-5186163
2026-07-01,JED-PROJ-062,Southern Jeddah Al Hamdaniyah Public Building Rehabilitation,1495075,543664,13463442,7325868,-6137574
2026-08-01,JED-PROJ-062,Southern Jeddah Al Hamdaniyah Public Building Rehabilitation,1497017,1161110,14960459,8486978,-6473481
2026-09-01,JED-PROJ-062,Southern Jeddah Al Hamdaniyah Public Building Rehabilitation,1495075,6518814,16455534,15005792,-1449742
2025-11-01,JED-PROJ-063,Eastern Jeddah Mishrifah Public Building Rehabilitation,0,1837360,0,1837360,1837360
2025-12-01,JED-PROJ-063,Eastern Jeddah Mishrifah Public Building Rehabilitation,6479113,7736255,6479113,9573615,3094502
2026-01-01,JED-PROJ-063,Eastern Jeddah Mishrifah Public Building Rehabilitation,6465298,8178326,12944411,17751941,4807530
2026-02-01,JED-PROJ-063,Eastern Jeddah Mishrifah Public Building Rehabilitation,6479113,8578953,19423524,26330894,6907370
2026-03-01,JED-PROJ-063,Eastern Jeddah Mishrifah Public Building Rehabilitation,6465298,7777698,25888822,34108592,8219770
2026-04-01,JED-PROJ-063,Eastern Jeddah Mishrifah Public Building Rehabilitation,6479113,7529033,32367935,41637625,9269690
2026-05-01,JED-PROJ-063,Eastern Jeddah Mishrifah Public Building Rehabilitation,6479113,5746932,38847048,47384557,8537509
2026-06-01,JED-PROJ-063,Eastern Jeddah Mishrifah Public Building Rehabilitation,6465298,7708625,45312346,55093182,9780836
2026-07-01,JED-PROJ-063,Eastern Jeddah Mishrifah Public Building Rehabilitation,6479113,12626672,51791459,67719854,15928395
2026-08-01,JED-PROJ-063,Eastern Jeddah Mishrifah Public Building Rehabilitation,6465298,6686334,58256757,74406188,16149431
2026-09-01,JED-PROJ-063,Eastern Jeddah Mishrifah Public Building Rehabilitation,6479113,25015467,64735870,99421655,34685785
2025-03-23,JED-PROJ-064,Western Jeddah Al Hamra Service Center Upgrade,0,0,0,0,0
2025-04-01,JED-PROJ-064,Western Jeddah Al Hamra Service Center Upgrade,1613887,804041,1613887,804041,-809846
2025-05-01,JED-PROJ-064,Western Jeddah Al Hamra Service Center Upgrade,1610985,1210416,3224872,2014457,-1210415
2025-06-01,JED-PROJ-064,Western Jeddah Al Hamra Service Center Upgrade,1613888,1790950,4838760,3805407,-1033353
2025-07-01,JED-PROJ-064,Western Jeddah Al Hamra Service Center Upgrade,1610985,937564,6449745,4742971,-1706774
2025-08-01,JED-PROJ-064,Western Jeddah Al Hamra Service Center Upgrade,1613887,963689,8063632,5706660,-2356972
2025-09-01,JED-PROJ-064,Western Jeddah Al Hamra Service Center Upgrade,1610985,1506488,9674617,7213148,-2461469
2025-10-01,JED-PROJ-064,Western Jeddah Al Hamra Service Center Upgrade,1613887,757598,11288504,7970746,-3317758
2025-11-01,JED-PROJ-064,Western Jeddah Al Hamra Service Center Upgrade,1610985,1744508,12899489,9715254,-3184235
2025-12-01,JED-PROJ-064,Western Jeddah Al Hamra Service Center Upgrade,1613887,876608,14513376,10591862,-3921514
2026-01-01,JED-PROJ-064,Western Jeddah Al Hamra Service Center Upgrade,1613888,1756119,16127264,12347981,-3779283
2026-02-01,JED-PROJ-064,Western Jeddah Al Hamra Service Center Upgrade,1610985,693739,17738249,13041720,-4696529
2026-03-01,JED-PROJ-064,Western Jeddah Al Hamra Service Center Upgrade,1613887,1355549,19352136,14397269,-4954867
2026-04-01,JED-PROJ-064,Western Jeddah Al Hamra Service Center Upgrade,1610985,740183,20963121,15137452,-5825669
2026-05-01,JED-PROJ-064,Western Jeddah Al Hamra Service Center Upgrade,1613887,1265566,22577008,16403018,-6173990
2026-06-01,JED-PROJ-064,Western Jeddah Al Hamra Service Center Upgrade,1610985,1538418,24187993,17941436,-6246557
2026-07-01,JED-PROJ-064,Western Jeddah Al Hamra Service Center Upgrade,1613888,1294593,25801881,19236029,-6565852
2026-08-01,JED-PROJ-064,Western Jeddah Al Hamra Service Center Upgrade,1610985,1329426,27412866,20565455,-6847411
2026-09-01,JED-PROJ-064,Western Jeddah Al Hamra Service Center Upgrade,1613887,1516446,29026753,22081901,-6944852
2024-09-16,JED-PROJ-065,Central Jeddah Al Ajwad Administrative Complex Development,0,143111,0,143111,143111
2024-10-01,JED-PROJ-065,Central Jeddah Al Ajwad Administrative Complex Development,1703015,1825681,1703015,1968792,265777
2024-11-01,JED-PROJ-065,Central Jeddah Al Ajwad Administrative Complex Development,1705060,1643726,3408075,3612518,204443
2024-12-01,JED-PROJ-065,Central Jeddah Al Ajwad Administrative Complex Development,1703015,1159195,5111090,4771713,-339377
2025-01-01,JED-PROJ-065,Central Jeddah Al Ajwad Administrative Complex Development,1703015,2028081,6814105,6799794,-14311
2025-02-01,JED-PROJ-065,Central Jeddah Al Ajwad Administrative Complex Development,1705059,1427016,8519164,8226810,-292354
2025-03-01,JED-PROJ-065,Central Jeddah Al Ajwad Administrative Complex Development,1703016,1805237,10222180,10032047,-190133
2025-04-01,JED-PROJ-065,Central Jeddah Al Ajwad Administrative Complex Development,1703015,2252968,11925195,12285015,359820
2025-05-01,JED-PROJ-065,Central Jeddah Al Ajwad Administrative Complex Development,1705059,1081507,13630254,13366522,-263732
2025-06-01,JED-PROJ-065,Central Jeddah Al Ajwad Administrative Complex Development,1703015,1966747,15333269,15333269,0
2025-07-01,JED-PROJ-065,Central Jeddah Al Ajwad Administrative Complex Development,1703015,1790926,17036284,17124195,87911
2025-08-01,JED-PROJ-065,Central Jeddah Al Ajwad Administrative Complex Development,1705060,1766393,18741344,18890588,149244
2025-09-01,JED-PROJ-065,Central Jeddah Al Ajwad Administrative Complex Development,1703015,2827819,20444359,21718407,1274048
2025-10-05,JED-PROJ-066,Corniche Al Rowais Administrative Complex Development,0,0,0,0,0
2025-11-01,JED-PROJ-066,Corniche Al Rowais Administrative Complex Development,1996433,2725898,1996433,2725898,729465
2025-12-01,JED-PROJ-066,Corniche Al Rowais Administrative Complex Development,2001917,3444395,3998350,6170293,2171943
2026-01-01,JED-PROJ-066,Corniche Al Rowais Administrative Complex Development,1996433,2221306,5994783,8391599,2396816
2026-02-01,JED-PROJ-066,Corniche Al Rowais Administrative Complex Development,1996432,3586997,7991215,11978596,3987381
2026-03-01,JED-PROJ-066,Corniche Al Rowais Administrative Complex Development,1996433,2440694,9987648,14419290,4431642
2026-04-01,JED-PROJ-066,Corniche Al Rowais Administrative Complex Development,2001918,3153705,11989566,17572995,5583429
2026-05-01,JED-PROJ-066,Corniche Al Rowais Administrative Complex Development,1996432,3696692,13985998,21269687,7283689
2026-06-01,JED-PROJ-066,Corniche Al Rowais Administrative Complex Development,1996433,2550388,15982431,23820075,7837644
2026-07-01,JED-PROJ-066,Corniche Al Rowais Administrative Complex Development,1996433,3927049,17978864,27747124,9768260
2026-08-01,JED-PROJ-066,Corniche Al Rowais Administrative Complex Development,2001917,3307277,19980781,31054401,11073620
2026-09-01,JED-PROJ-066,Corniche Al Rowais Administrative Complex Development,1996433,0,21977214,25531812,3554598
2023-07-18,JED-PROJ-067,Airport District Al Zahra Service Center Upgrade,0,0,0,0,0
2023-08-01,JED-PROJ-067,Airport District Al Zahra Service Center Upgrade,483155,332561,483155,332561,-150594
2023-09-01,JED-PROJ-067,Airport District Al Zahra Service Center Upgrade,481900,454291,965055,786852,-178203
2023-10-01,JED-PROJ-067,Airport District Al Zahra Service Center Upgrade,483155,722850,1448210,1509702,61492
2023-11-01,JED-PROJ-067,Airport District Al Zahra Service Center Upgrade,481900,514529,1930110,2024231,94121
2023-12-01,JED-PROJ-067,Airport District Al Zahra Service Center Upgrade,483155,176947,2413265,2201178,-212087
2024-01-01,JED-PROJ-067,Airport District Al Zahra Service Center Upgrade,483155,892268,2896420,3093446,197026
2024-02-01,JED-PROJ-067,Airport District Al Zahra Service Center Upgrade,481899,82827,3378319,3176273,-202046
2024-03-01,JED-PROJ-067,Airport District Al Zahra Service Center Upgrade,483155,704026,3861474,3880299,18825
2024-04-01,JED-PROJ-067,Airport District Al Zahra Service Center Upgrade,483155,558451,4344629,4438750,94121
2024-05-01,JED-PROJ-067,Airport District Al Zahra Service Center Upgrade,481900,555942,4826529,4994692,168163
2024-06-01,JED-PROJ-067,Airport District Al Zahra Service Center Upgrade,483155,411623,5309684,5406315,96631
2024-07-01,JED-PROJ-067,Airport District Al Zahra Service Center Upgrade,481900,522058,5791584,5928373,136789
2024-08-01,JED-PROJ-067,Airport District Al Zahra Service Center Upgrade,483155,273579,6274739,6201952,-72787
2024-09-01,JED-PROJ-067,Airport District Al Zahra Service Center Upgrade,483155,697751,6757894,6899703,141809
2024-10-01,JED-PROJ-067,Airport District Al Zahra Service Center Upgrade,481900,150594,7239794,7050297,-189497
2024-11-01,JED-PROJ-067,Airport District Al Zahra Service Center Upgrade,483155,850854,7722949,7901151,178202
2024-12-01,JED-PROJ-067,Airport District Al Zahra Service Center Upgrade,481900,326287,8204849,8227438,22589
2025-01-01,JED-PROJ-067,Airport District Al Zahra Service Center Upgrade,483155,603630,8688004,8831068,143064
2025-02-01,JED-PROJ-067,Airport District Al Zahra Service Center Upgrade,483155,318756,9171159,9149824,-21335
2025-03-01,JED-PROJ-067,Airport District Al Zahra Service Center Upgrade,481899,568492,9653058,9718316,65258
2025-04-01,JED-PROJ-067,Airport District Al Zahra Service Center Upgrade,483155,429192,10136213,10147508,11295
2025-05-01,JED-PROJ-067,Airport District Al Zahra Service Center Upgrade,483155,576021,10619368,10723529,104161
2025-06-01,JED-PROJ-067,Airport District Al Zahra Service Center Upgrade,481900,189497,11101268,10913026,-188242
2025-07-01,JED-PROJ-067,Airport District Al Zahra Service Center Upgrade,483155,471860,11584423,11384886,-199537
2025-08-01,JED-PROJ-067,Airport District Al Zahra Service Center Upgrade,481900,567237,12066323,11952123,-114200
2025-09-01,JED-PROJ-067,Airport District Al Zahra Service Center Upgrade,483155,301306,12549478,12253429,-296049
2026-06-20,JED-PROJ-068,Obhur Al Rehab Service Center Upgrade,0,1565148,0,1565148,1565148
2026-07-01,JED-PROJ-068,Obhur Al Rehab Service Center Upgrade,6307312,9157282,6307312,10722430,4415118
2026-08-01,JED-PROJ-068,Obhur Al Rehab Service Center Upgrade,6307312,15079147,12614624,25801577,13186953
2026-09-01,JED-PROJ-068,Obhur Al Rehab Service Center Upgrade,6307311,20043721,18921935,45845298,26923363
2024-08-04,JED-PROJ-069,Al Balad Al Rawabi Operations Facility Expansion,0,0,0,0,0
2024-09-01,JED-PROJ-069,Al Balad Al Rawabi Operations Facility Expansion,462278,311688,462278,311688,-150590
2024-10-01,JED-PROJ-069,Al Balad Al Rawabi Operations Facility Expansion,462279,134247,924557,445935,-478622
2024-11-01,JED-PROJ-069,Al Balad Al Rawabi Operations Facility Expansion,462278,122574,1386835,568509,-818326
2024-12-01,JED-PROJ-069,Al Balad Al Rawabi Operations Facility Expansion,462278,213629,1849113,782138,-1066975
2025-01-01,JED-PROJ-069,Al Balad Al Rawabi Operations Facility Expansion,462279,259156,2311392,1041294,-1270098
2025-02-01,JED-PROJ-069,Al Balad Al Rawabi Operations Facility Expansion,462278,0,2773670,1041294,-1732376
2025-03-01,JED-PROJ-069,Al Balad Al Rawabi Operations Facility Expansion,462279,496132,3235949,1537426,-1698523
2025-04-01,JED-PROJ-069,Al Balad Al Rawabi Operations Facility Expansion,462278,179775,3698227,1717201,-1981026
2025-05-01,JED-PROJ-069,Al Balad Al Rawabi Operations Facility Expansion,462278,53699,4160505,1770900,-2389605
2025-06-01,JED-PROJ-069,Al Balad Al Rawabi Operations Facility Expansion,462279,0,4622784,1770900,-2851884
2025-07-01,JED-PROJ-069,Al Balad Al Rawabi Operations Facility Expansion,462278,392236,5085062,2163136,-2921926
2025-08-01,JED-PROJ-069,Al Balad Al Rawabi Operations Facility Expansion,462278,0,5547340,2163136,-3384204
2025-09-01,JED-PROJ-069,Al Balad Al Rawabi Operations Facility Expansion,462279,106231,6009619,2269367,-3740252
2025-10-01,JED-PROJ-069,Al Balad Al Rawabi Operations Facility Expansion,462278,286005,6471897,2555372,-3916525
2025-11-01,JED-PROJ-069,Al Balad Al Rawabi Operations Facility Expansion,462278,275499,6934175,2830871,-4103304
2025-12-01,JED-PROJ-069,Al Balad Al Rawabi Operations Facility Expansion,462279,360717,7396454,3191588,-4204866
2026-01-01,JED-PROJ-069,Al Balad Al Rawabi Operations Facility Expansion,462278,129579,7858732,3321167,-4537565
2026-02-01,JED-PROJ-069,Al Balad Al Rawabi Operations Facility Expansion,462279,196118,8321011,3517285,-4803726
2026-03-01,JED-PROJ-069,Al Balad Al Rawabi Operations Facility Expansion,462278,57201,8783289,3574486,-5208803
2026-04-01,JED-PROJ-069,Al Balad Al Rawabi Operations Facility Expansion,462278,156427,9245567,3730913,-5514654
2026-05-01,JED-PROJ-069,Al Balad Al Rawabi Operations Facility Expansion,462279,199620,9707846,3930533,-5777313
2026-06-01,JED-PROJ-069,Al Balad Al Rawabi Operations Facility Expansion,462278,449438,10170124,4379971,-5790153
2026-07-01,JED-PROJ-069,Al Balad Al Rawabi Operations Facility Expansion,462278,0,10632402,4379971,-6252431
2026-08-01,JED-PROJ-069,Al Balad Al Rawabi Operations Facility Expansion,462279,329198,11094681,4709169,-6385512
2026-09-01,JED-PROJ-069,Al Balad Al Rawabi Operations Facility Expansion,462278,6273889,11556959,10983058,-573901
2026-12-24,JED-PROJ-070,King Abdulaziz Road Al Naeem Municipal Building Renovation,0,0,0,0,0
2026-03-27,JED-PROJ-071,Prince Majed Corridor Al Baghdadiyah Community Center Construction,0,0,0,0,0
2026-04-01,JED-PROJ-071,Prince Majed Corridor Al Baghdadiyah Community Center Construction,8169412,0,8169412,0,-8169412
2026-05-01,JED-PROJ-071,Prince Majed Corridor Al Baghdadiyah Community Center Construction,8158206,0,16327618,0,-16327618
2026-06-01,JED-PROJ-071,Prince Majed Corridor Al Baghdadiyah Community Center Construction,8169413,0,24497031,0,-24497031
2026-07-01,JED-PROJ-071,Prince Majed Corridor Al Baghdadiyah Community Center Construction,8169412,0,32666443,0,-32666443
2026-08-01,JED-PROJ-071,Prince Majed Corridor Al Baghdadiyah Community Center Construction,8158206,0,40824649,0,-40824649
2026-09-01,JED-PROJ-071,Prince Majed Corridor Al Baghdadiyah Community Center Construction,8169412,37054073,48994061,37054073,-11939988
2025-04-01,JED-PROJ-072,Haramain Gateway Al Samer Municipal Building Renovation,0,0,0,0,0
2025-05-01,JED-PROJ-072,Haramain Gateway Al Samer Municipal Building Renovation,607744,13734,607744,13734,-594010
2025-06-01,JED-PROJ-072,Haramain Gateway Al Samer Municipal Building Renovation,607744,0,1215488,13734,-1201754
2025-07-01,JED-PROJ-072,Haramain Gateway Al Samer Municipal Building Renovation,607744,0,1823232,13734,-1809498
2025-08-01,JED-PROJ-072,Haramain Gateway Al Samer Municipal Building Renovation,607744,0,2430976,13734,-2417242
2025-09-01,JED-PROJ-072,Haramain Gateway Al Samer Municipal Building Renovation,607744,0,3038720,13734,-3024986
2025-10-01,JED-PROJ-072,Haramain Gateway Al Samer Municipal Building Renovation,607744,0,3646464,13734,-3632730
2025-11-01,JED-PROJ-072,Haramain Gateway Al Samer Municipal Building Renovation,607744,0,4254208,13734,-4240474
2025-12-01,JED-PROJ-072,Haramain Gateway Al Samer Municipal Building Renovation,607744,0,4861952,13734,-4848218
2026-01-01,JED-PROJ-072,Haramain Gateway Al Samer Municipal Building Renovation,609460,0,5471412,13734,-5457678
2026-02-01,JED-PROJ-072,Haramain Gateway Al Samer Municipal Building Renovation,607744,0,6079156,13734,-6065422
2026-03-01,JED-PROJ-072,Haramain Gateway Al Samer Municipal Building Renovation,607744,0,6686900,13734,-6673166
2026-04-01,JED-PROJ-072,Haramain Gateway Al Samer Municipal Building Renovation,607744,0,7294644,13734,-7280910
2026-05-01,JED-PROJ-072,Haramain Gateway Al Samer Municipal Building Renovation,607744,0,7902388,13734,-7888654
2026-06-01,JED-PROJ-072,Haramain Gateway Al Samer Municipal Building Renovation,607744,0,8510132,13734,-8496398
2026-07-01,JED-PROJ-072,Haramain Gateway Al Samer Municipal Building Renovation,607744,0,9117876,13734,-9104142
2026-08-01,JED-PROJ-072,Haramain Gateway Al Samer Municipal Building Renovation,607744,0,9725620,13734,-9711886
2026-09-01,JED-PROJ-072,Haramain Gateway Al Samer Municipal Building Renovation,607744,6594627,10333364,6608361,-3725003
2024-09-18,JED-PROJ-073,Northern Jeddah Al Sanabel Service Center Upgrade,0,26233,0,26233,26233
2024-10-01,JED-PROJ-073,Northern Jeddah Al Sanabel Service Center Upgrade,274258,138322,274258,164555,-109703
2024-11-01,JED-PROJ-073,Northern Jeddah Al Sanabel Service Center Upgrade,274257,325929,548515,490484,-58031
2024-12-01,JED-PROJ-073,Northern Jeddah Al Sanabel Service Center Upgrade,273463,426093,821978,916577,94599
2025-01-01,JED-PROJ-073,Northern Jeddah Al Sanabel Service Center Upgrade,274258,57237,1096236,973814,-122422
2025-02-01,JED-PROJ-073,Northern Jeddah Al Sanabel Service Center Upgrade,274258,374421,1370494,1348235,-22259
2025-03-01,JED-PROJ-073,Northern Jeddah Al Sanabel Service Center Upgrade,274257,166145,1644751,1514380,-130371
2025-04-01,JED-PROJ-073,Northern Jeddah Al Sanabel Service Center Upgrade,274258,388730,1919009,1903110,-15899
2025-05-01,JED-PROJ-073,Northern Jeddah Al Sanabel Service Center Upgrade,273463,77110,2192472,1980220,-212252
2025-06-01,JED-PROJ-073,Northern Jeddah Al Sanabel Service Center Upgrade,274258,500819,2466730,2481039,14309
2025-07-01,JED-PROJ-073,Northern Jeddah Al Sanabel Service Center Upgrade,274257,112883,2740987,2593922,-147065
2025-08-01,JED-PROJ-073,Northern Jeddah Al Sanabel Service Center Upgrade,274258,198737,3015245,2792659,-222586
2025-09-01,JED-PROJ-073,Northern Jeddah Al Sanabel Service Center Upgrade,274258,213842,3289503,3006501,-283002
2025-10-01,JED-PROJ-073,Northern Jeddah Al Sanabel Service Center Upgrade,273462,288566,3562965,3295067,-267898
2025-11-01,JED-PROJ-073,Northern Jeddah Al Sanabel Service Center Upgrade,274258,360908,3837223,3655975,-181248
2025-12-01,JED-PROJ-073,Northern Jeddah Al Sanabel Service Center Upgrade,274258,208276,4111481,3864251,-247230
2026-01-01,JED-PROJ-073,Northern Jeddah Al Sanabel Service Center Upgrade,274258,401450,4385739,4265701,-120038
2026-02-01,JED-PROJ-073,Northern Jeddah Al Sanabel Service Center Upgrade,273462,146271,4659201,4411972,-247229
2026-03-01,JED-PROJ-073,Northern Jeddah Al Sanabel Service Center Upgrade,274258,209072,4933459,4621044,-312415
2026-04-01,JED-PROJ-073,Northern Jeddah Al Sanabel Service Center Upgrade,274258,365677,5207717,4986721,-220996
2026-05-01,JED-PROJ-073,Northern Jeddah Al Sanabel Service Center Upgrade,274258,286977,5481975,5273698,-208277
2026-06-01,JED-PROJ-073,Northern Jeddah Al Sanabel Service Center Upgrade,274257,105728,5756232,5379426,-376806
2026-07-01,JED-PROJ-073,Northern Jeddah Al Sanabel Service Center Upgrade,273463,260744,6029695,5640170,-389525
2026-08-01,JED-PROJ-073,Northern Jeddah Al Sanabel Service Center Upgrade,274258,223380,6303953,5863550,-440403
2026-09-01,JED-PROJ-073,Northern Jeddah Al Sanabel Service Center Upgrade,274257,120477,6578210,5984027,-594183
2025-11-08,JED-PROJ-074,Southern Jeddah Al Muhammadiyah Municipal Building Renovation,0,794970,0,794970,794970
2025-12-01,JED-PROJ-074,Southern Jeddah Al Muhammadiyah Municipal Building Renovation,10604086,5079721,10604086,5874691,-4729395
2026-01-01,JED-PROJ-074,Southern Jeddah Al Muhammadiyah Municipal Building Renovation,10604087,7801481,21208173,13676172,-7532001
2026-02-01,JED-PROJ-074,Southern Jeddah Al Muhammadiyah Municipal Building Renovation,10590612,5807321,31798785,19483493,-12315292
2026-03-01,JED-PROJ-074,Southern Jeddah Al Muhammadiyah Municipal Building Renovation,10604086,4931506,42402871,24414999,-17987872
2026-04-01,JED-PROJ-074,Southern Jeddah Al Muhammadiyah Municipal Building Renovation,10604087,7383786,53006958,31798785,-21208173
2026-05-01,JED-PROJ-074,Southern Jeddah Al Muhammadiyah Municipal Building Renovation,10604086,2789131,63611044,34587916,-29023128
2026-06-01,JED-PROJ-074,Southern Jeddah Al Muhammadiyah Municipal Building Renovation,10604086,5537839,74215130,40125755,-34089375
2026-07-01,JED-PROJ-074,Southern Jeddah Al Muhammadiyah Municipal Building Renovation,10590612,6763979,84805742,46889734,-37916008
2026-08-01,JED-PROJ-074,Southern Jeddah Al Muhammadiyah Municipal Building Renovation,10604087,4971928,95409829,51861662,-43548167
2026-09-01,JED-PROJ-074,Southern Jeddah Al Muhammadiyah Municipal Building Renovation,10604086,59872676,106013915,111734338,5720423
2026-05-24,JED-PROJ-075,Eastern Jeddah Al Shati Operations Facility Expansion,0,1462281,0,1462281,1462281
2026-06-01,JED-PROJ-075,Eastern Jeddah Al Shati Operations Facility Expansion,2710343,1089725,2710343,2552006,-158337
2026-07-01,JED-PROJ-075,Eastern Jeddah Al Shati Operations Facility Expansion,2710342,4368216,5420685,6920222,1499537
2026-08-01,JED-PROJ-075,Eastern Jeddah Al Shati Operations Facility Expansion,2701029,5206465,8121714,12126687,4004973
2026-09-01,JED-PROJ-075,Eastern Jeddah Al Shati Operations Facility Expansion,2710342,1058214,10832056,13184901,2352845
2023-10-20,JED-PROJ-076,Western Jeddah Al Aziziyah Service Center Upgrade,0,0,0,0,0
2023-11-01,JED-PROJ-076,Western Jeddah Al Aziziyah Service Center Upgrade,3910984,3929742,3910984,3929742,18758
2023-12-01,JED-PROJ-076,Western Jeddah Al Aziziyah Service Center Upgrade,3901605,2335336,7812589,6265078,-1547511
2024-01-01,JED-PROJ-076,Western Jeddah Al Aziziyah Service Center Upgrade,3910984,4267380,11723573,10532458,-1191115
2024-02-01,JED-PROJ-076,Western Jeddah Al Aziziyah Service Center Upgrade,3910984,6743400,15634557,17275858,1641301
2024-03-01,JED-PROJ-076,Western Jeddah Al Aziziyah Service Center Upgrade,3901605,3835953,19536162,21111811,1575649
2024-04-01,JED-PROJ-076,Western Jeddah Al Aziziyah Service Center Upgrade,3910984,665899,23447146,21777710,-1669436
2024-05-01,JED-PROJ-076,Western Jeddah Al Aziziyah Service Center Upgrade,3910985,7099796,27358131,28877506,1519375
2024-06-01,JED-PROJ-076,Western Jeddah Al Aziziyah Service Center Upgrade,3901605,2851173,31259736,31728679,468943
2024-07-01,JED-PROJ-076,Western Jeddah Al Aziziyah Service Center Upgrade,3910984,4680050,35170720,36408729,1238009
2024-08-01,JED-PROJ-076,Western Jeddah Al Aziziyah Service Center Upgrade,3910984,2513534,39081704,38922263,-159441
2024-09-01,JED-PROJ-076,Western Jeddah Al Aziziyah Service Center Upgrade,3901605,4117319,42983309,43039582,56273
2024-10-01,JED-PROJ-076,Western Jeddah Al Aziziyah Service Center Upgrade,3910984,3817196,46894293,46856778,-37515
2024-11-01,JED-PROJ-076,Western Jeddah Al Aziziyah Service Center Upgrade,3910984,4511231,50805277,51368009,562732
2024-12-01,JED-PROJ-076,Western Jeddah Al Aziziyah Service Center Upgrade,3901605,2129000,54706882,53497009,-1209873
2025-01-01,JED-PROJ-076,Western Jeddah Al Aziziyah Service Center Upgrade,3910984,3535830,58617866,57032839,-1585027
2025-02-01,JED-PROJ-076,Western Jeddah Al Aziziyah Service Center Upgrade,3910984,4848870,62528850,61881709,-647141
2025-03-01,JED-PROJ-076,Western Jeddah Al Aziziyah Service Center Upgrade,3901605,5242782,66430455,67124491,694036
2025-04-01,JED-PROJ-076,Western Jeddah Al Aziziyah Service Center Upgrade,3910985,2213411,70341440,69337902,-1003538
2025-05-01,JED-PROJ-076,Western Jeddah Al Aziziyah Service Center Upgrade,3910984,5496011,74252424,74833913,581489
2025-06-01,JED-PROJ-076,Western Jeddah Al Aziziyah Service Center Upgrade,3901605,4914522,78154029,79748435,1594406
2025-07-01,JED-PROJ-076,Western Jeddah Al Aziziyah Service Center Upgrade,3910984,947264,82065013,80695699,-1369314
2025-08-01,JED-PROJ-076,Western Jeddah Al Aziziyah Service Center Upgrade,3910984,5861787,85975997,86557486,581489
2025-09-01,JED-PROJ-076,Western Jeddah Al Aziziyah Service Center Upgrade,3901605,3132539,89877602,89690025,-187577
2025-10-01,JED-PROJ-076,Western Jeddah Al Aziziyah Service Center Upgrade,3910984,3192271,93788586,92882296,-906290
2024-05-14,JED-PROJ-077,Central Jeddah Al Naseem Administrative Complex Development,0,0,0,0,0
2024-06-01,JED-PROJ-077,Central Jeddah Al Naseem Administrative Complex Development,6209037,7035334,6209037,7035334,826297
2024-07-01,JED-PROJ-077,Central Jeddah Al Naseem Administrative Complex Development,6220841,6822858,12429878,13858192,1428314
2024-08-01,JED-PROJ-077,Central Jeddah Al Naseem Administrative Complex Development,6209036,6669403,18638914,20527595,1888681
2024-09-01,JED-PROJ-077,Central Jeddah Al Naseem Administrative Complex Development,6209037,5099437,24847951,25627032,779081
2024-10-01,JED-PROJ-077,Central Jeddah Al Naseem Administrative Complex Development,6220841,5429956,31068792,31056988,-11804
2024-11-01,JED-PROJ-077,Central Jeddah Al Naseem Administrative Complex Development,6209036,6716619,37277828,37773607,495779
2024-12-01,JED-PROJ-077,Central Jeddah Al Naseem Administrative Complex Development,6209037,7283224,43486865,45056831,1569966
2025-01-01,JED-PROJ-077,Central Jeddah Al Naseem Administrative Complex Development,6220841,4945981,49707706,50002812,295106
2025-02-01,JED-PROJ-077,Central Jeddah Al Naseem Administrative Complex Development,6209037,3919012,55916743,53921824,-1994919
2025-03-01,JED-PROJ-077,Central Jeddah Al Naseem Administrative Complex Development,6209036,10033614,62125779,63955438,1829659
2025-04-01,JED-PROJ-077,Central Jeddah Al Naseem Administrative Complex Development,6209037,5193871,68334816,69149309,814493
2025-05-01,JED-PROJ-077,Central Jeddah Al Naseem Administrative Complex Development,6220841,6150016,74555657,75299325,743668
2025-06-01,JED-PROJ-077,Central Jeddah Al Naseem Administrative Complex Development,6209037,4261335,80764694,79560660,-1204034
2025-07-01,JED-PROJ-077,Central Jeddah Al Naseem Administrative Complex Development,6209036,8097717,86973730,87658377,684647
2025-08-01,JED-PROJ-077,Central Jeddah Al Naseem Administrative Complex Development,6220841,5087633,93194571,92746010,-448561
2025-09-01,JED-PROJ-077,Central Jeddah Al Naseem Administrative Complex Development,6209037,7295027,99403608,100041037,637429
2025-10-01,JED-PROJ-077,Central Jeddah Al Naseem Administrative Complex Development,6209036,3907208,105612644,103948245,-1664399
2025-11-01,JED-PROJ-077,Central Jeddah Al Naseem Administrative Complex Development,6220841,8558083,111833485,112506328,672843
2025-12-01,JED-PROJ-077,Central Jeddah Al Naseem Administrative Complex Development,6209037,4902968,118042522,117409296,-633226
2026-01-19,JED-PROJ-078,Corniche Al Manar Operations Facility Expansion,0,0,0,0,0
2026-02-01,JED-PROJ-078,Corniche Al Manar Operations Facility Expansion,626578,538673,626578,538673,-87905
2026-03-01,JED-PROJ-078,Corniche Al Manar Operations Facility Expansion,626578,152300,1253156,690973,-562183
2026-04-01,JED-PROJ-078,Corniche Al Manar Operations Facility Expansion,626578,533563,1879734,1224536,-655198
2026-05-01,JED-PROJ-078,Corniche Al Manar Operations Facility Expansion,626578,330154,2506312,1554690,-951622
2026-06-01,JED-PROJ-078,Corniche Al Manar Operations Facility Expansion,625556,284158,3131868,1838848,-1293020
2026-07-01,JED-PROJ-078,Corniche Al Manar Operations Facility Expansion,626578,425214,3758446,2264062,-1494384
2026-08-01,JED-PROJ-078,Corniche Al Manar Operations Facility Expansion,626578,413971,4385024,2678033,-1706991
2026-09-01,JED-PROJ-078,Corniche Al Manar Operations Facility Expansion,626577,1786593,5011601,4464626,-546975
2024-11-01,JED-PROJ-079,Airport District Al Balad Administrative Complex Development,0,0,0,0,0
2024-12-01,JED-PROJ-079,Airport District Al Balad Administrative Complex Development,952474,859243,952474,859243,-93231
2025-01-01,JED-PROJ-079,Airport District Al Balad Administrative Complex Development,954995,834045,1907469,1693288,-214181
2025-02-01,JED-PROJ-079,Airport District Al Balad Administrative Complex Development,952474,665220,2859943,2358508,-501435
2025-03-01,JED-PROJ-079,Airport District Al Balad Administrative Complex Development,954995,738294,3814938,3096802,-718136
2025-04-01,JED-PROJ-079,Airport District Al Balad Administrative Complex Development,952474,377966,4767412,3474768,-1292644
2025-05-01,JED-PROJ-079,Airport District Al Balad Administrative Complex Development,952475,1053266,5719887,4528034,-1191853
2025-06-01,JED-PROJ-079,Airport District Al Balad Administrative Complex Development,954994,75593,6674881,4603627,-2071254
2025-07-01,JED-PROJ-079,Airport District Al Balad Administrative Complex Development,952474,1091062,7627355,5694689,-1932666
2025-08-01,JED-PROJ-079,Airport District Al Balad Administrative Complex Development,954995,219220,8582350,5913909,-2668441
2025-09-01,JED-PROJ-079,Airport District Al Balad Administrative Complex Development,952474,995311,9534824,6909220,-2625604
2025-10-01,JED-PROJ-079,Airport District Al Balad Administrative Complex Development,952475,743333,10487299,7652553,-2834746
2025-11-01,JED-PROJ-079,Airport District Al Balad Administrative Complex Development,954994,735774,11442293,8388327,-3053966
2025-12-01,JED-PROJ-079,Airport District Al Balad Administrative Complex Development,952474,977672,12394767,9365999,-3028768
2026-01-01,JED-PROJ-079,Airport District Al Balad Administrative Complex Development,954995,428362,13349762,9794361,-3555401
2026-02-01,JED-PROJ-079,Airport District Al Balad Administrative Complex Development,952474,760971,14302236,10555332,-3746904
2026-03-01,JED-PROJ-079,Airport District Al Balad Administrative Complex Development,954994,516554,15257230,11071886,-4185344
2026-04-01,JED-PROJ-079,Airport District Al Balad Administrative Complex Development,952475,829006,16209705,11900892,-4308813
2026-05-01,JED-PROJ-079,Airport District Al Balad Administrative Complex Development,952474,574508,17162179,12475400,-4686779
2026-06-01,JED-PROJ-079,Airport District Al Balad Administrative Complex Development,954995,566949,18117174,13042349,-5074825
2026-07-01,JED-PROJ-079,Airport District Al Balad Administrative Complex Development,952474,1186814,19069648,14229163,-4840485
2026-08-01,JED-PROJ-079,Airport District Al Balad Administrative Complex Development,954994,766011,20024642,14995174,-5029468
2026-09-01,JED-PROJ-079,Airport District Al Balad Administrative Complex Development,952475,6102666,20977117,21097840,120723
2023-04-11,JED-PROJ-080,Obhur Al Khalidiyah Service Center Upgrade,0,0,0,0,0
2023-05-01,JED-PROJ-080,Obhur Al Khalidiyah Service Center Upgrade,493560,441482,493560,441482,-52078
2023-06-01,JED-PROJ-080,Obhur Al Khalidiyah Service Center Upgrade,492377,699506,985937,1140988,155051
2023-07-01,JED-PROJ-080,Obhur Al Khalidiyah Service Center Upgrade,493560,346794,1479497,1487782,8285
2023-08-01,JED-PROJ-080,Obhur Al Khalidiyah Service Center Upgrade,493561,475807,1973058,1963589,-9469
2023-09-01,JED-PROJ-080,Obhur Al Khalidiyah Service Center Upgrade,492376,300634,2465434,2264223,-201211
2023-10-01,JED-PROJ-080,Obhur Al Khalidiyah Service Center Upgrade,493560,627306,2958994,2891529,-67465
2023-11-01,JED-PROJ-080,Obhur Al Khalidiyah Service Center Upgrade,493561,510131,3452555,3401660,-50895
2023-12-01,JED-PROJ-080,Obhur Al Khalidiyah Service Center Upgrade,492376,500662,3944931,3902322,-42609
2024-01-01,JED-PROJ-080,Obhur Al Khalidiyah Service Center Upgrade,493561,570494,4438492,4472816,34324
2024-02-01,JED-PROJ-080,Obhur Al Khalidiyah Service Center Upgrade,493560,473439,4932052,4946255,14203
2024-03-01,JED-PROJ-080,Obhur Al Khalidiyah Service Center Upgrade,492377,524334,5424429,5470589,46160
2024-04-01,JED-PROJ-080,Obhur Al Khalidiyah Service Center Upgrade,493560,559842,5917989,6030431,112442
2024-05-01,JED-PROJ-080,Obhur Al Khalidiyah Service Center Upgrade,493560,513681,6411549,6544112,132563
2024-06-01,JED-PROJ-080,Obhur Al Khalidiyah Service Center Upgrade,492377,453318,6903926,6997430,93504
2024-07-01,JED-PROJ-080,Obhur Al Khalidiyah Service Center Upgrade,493560,594166,7397486,7591596,194110
2024-08-01,JED-PROJ-080,Obhur Al Khalidiyah Service Center Upgrade,493561,93505,7891047,7685101,-205946
2024-09-01,JED-PROJ-080,Obhur Al Khalidiyah Service Center Upgrade,492376,569310,8383423,8254411,-129012
2024-10-01,JED-PROJ-080,Obhur Al Khalidiyah Service Center Upgrade,493561,413076,8876984,8667487,-209497
2024-11-01,JED-PROJ-080,Obhur Al Khalidiyah Service Center Upgrade,493560,765787,9370544,9433274,62730
2024-12-01,JED-PROJ-080,Obhur Al Khalidiyah Service Center Upgrade,492376,600085,9862920,10033359,170439
2025-01-01,JED-PROJ-080,Obhur Al Khalidiyah Service Center Upgrade,493561,214231,10356481,10247590,-108891
2025-02-01,JED-PROJ-080,Obhur Al Khalidiyah Service Center Upgrade,493560,783541,10850041,11031131,181090
2025-03-01,JED-PROJ-080,Obhur Al Khalidiyah Service Center Upgrade,492377,124278,11342418,11155409,-187009
2025-04-01,JED-PROJ-080,Obhur Al Khalidiyah Service Center Upgrade,493560,913959,11835978,12069368,233390
2023-05-13,JED-PROJ-081,Al Balad Al Rawdah Water Channel Rehabilitation,0,0,0,0,0
2023-06-01,JED-PROJ-081,Al Balad Al Rawdah Water Channel Rehabilitation,17715417,12648808,17715417,12648808,-5066609
2023-07-01,JED-PROJ-081,Al Balad Al Rawdah Water Channel Rehabilitation,17715417,22604872,35430834,35253680,-177154
2023-08-01,JED-PROJ-081,Al Balad Al Rawdah Water Channel Rehabilitation,17715417,14774658,53146251,50028338,-3117913
2023-09-01,JED-PROJ-081,Al Balad Al Rawdah Water Channel Rehabilitation,17715417,18105156,70861668,68133494,-2728174
2023-10-01,JED-PROJ-081,Al Balad Al Rawdah Water Channel Rehabilitation,17715418,17998864,88577086,86132358,-2444728
2023-11-01,JED-PROJ-081,Al Balad Al Rawdah Water Channel Rehabilitation,17715417,24022106,106292503,110154464,3861961
2023-12-01,JED-PROJ-081,Al Balad Al Rawdah Water Channel Rehabilitation,17715417,14349487,124007920,124503951,496031
2024-01-01,JED-PROJ-081,Al Balad Al Rawdah Water Channel Rehabilitation,17715417,14810089,141723337,139314040,-2409297
2024-02-01,JED-PROJ-081,Al Balad Al Rawdah Water Channel Rehabilitation,17715417,21541947,159438754,160855987,1417233
2024-03-01,JED-PROJ-081,Al Balad Al Rawdah Water Channel Rehabilitation,17715417,19061789,177154171,179917776,2763605
2024-04-01,JED-PROJ-081,Al Balad Al Rawdah Water Channel Rehabilitation,17715417,12046484,194869588,191964260,-2905328
2024-05-01,JED-PROJ-081,Al Balad Al Rawdah Water Channel Rehabilitation,17715417,19522389,212585005,211486649,-1098356
2024-06-01,JED-PROJ-081,Al Balad Al Rawdah Water Channel Rehabilitation,17715417,13995180,230300422,225481829,-4818593
2024-07-01,JED-PROJ-081,Al Balad Al Rawdah Water Channel Rehabilitation,17715417,18459464,248015839,243941293,-4074546
2024-08-01,JED-PROJ-081,Al Balad Al Rawdah Water Channel Rehabilitation,17715417,24092968,265731256,268034261,2303005
2024-09-01,JED-PROJ-081,Al Balad Al Rawdah Water Channel Rehabilitation,17715418,11337867,283446674,279372128,-4074546
2024-10-01,JED-PROJ-081,Al Balad Al Rawdah Water Channel Rehabilitation,17715417,22108840,301162091,301480968,318877
2024-11-01,JED-PROJ-081,Al Balad Al Rawdah Water Channel Rehabilitation,17715417,20053852,318877508,321534820,2657312
2024-12-01,JED-PROJ-081,Al Balad Al Rawdah Water Channel Rehabilitation,17715417,10026926,336592925,331561746,-5031179
2025-01-01,JED-PROJ-081,Al Balad Al Rawdah Water Channel Rehabilitation,17715417,0,354308342,328169681,-26138661
2025-08-13,JED-PROJ-082,King Abdulaziz Road Mishrifah Runoff Management Improvement,0,0,0,0,0
2025-09-01,JED-PROJ-082,King Abdulaziz Road Mishrifah Runoff Management Improvement,4377733,8304603,4377733,8304603,3926870
2025-10-01,JED-PROJ-082,King Abdulaziz Road Mishrifah Runoff Management Improvement,4377733,3359656,8755466,11664259,2908793
2025-11-01,JED-PROJ-082,King Abdulaziz Road Mishrifah Runoff Management Improvement,4377733,7562861,13133199,19227120,6093921
2025-12-01,JED-PROJ-082,King Abdulaziz Road Mishrifah Runoff Management Improvement,4363190,4537717,17496389,23764837,6268448
2026-01-01,JED-PROJ-082,King Abdulaziz Road Mishrifah Runoff Management Improvement,4377733,3228760,21874122,26993597,5119475
2026-02-01,JED-PROJ-082,King Abdulaziz Road Mishrifah Runoff Management Improvement,4377733,8959082,26251855,35952679,9700824
2026-03-01,JED-PROJ-082,King Abdulaziz Road Mishrifah Runoff Management Improvement,4377733,7548317,30629588,43500996,12871408
2026-04-01,JED-PROJ-082,King Abdulaziz Road Mishrifah Runoff Management Improvement,4377733,4043222,35007321,47544218,12536897
2026-05-01,JED-PROJ-082,King Abdulaziz Road Mishrifah Runoff Management Improvement,4377733,7024735,39385054,54568953,15183899
2026-06-01,JED-PROJ-082,King Abdulaziz Road Mishrifah Runoff Management Improvement,4363189,6210272,43748243,60779225,17030982
2026-07-01,JED-PROJ-082,King Abdulaziz Road Mishrifah Runoff Management Improvement,4377734,2443386,48125977,63222611,15096634
2026-08-01,JED-PROJ-082,King Abdulaziz Road Mishrifah Runoff Management Improvement,4377733,5788498,52503710,69011109,16507399
2026-09-01,JED-PROJ-082,King Abdulaziz Road Mishrifah Runoff Management Improvement,4377733,5348904,56881443,74360013,17478570
2025-12-04,JED-PROJ-083,Prince Majed Corridor Al Hamra Drainage Capacity Enhancement,0,0,0,0,0
2026-01-01,JED-PROJ-083,Prince Majed Corridor Al Hamra Drainage Capacity Enhancement,3791545,5171361,3791545,5171361,1379816
2026-02-01,JED-PROJ-083,Prince Majed Corridor Al Hamra Drainage Capacity Enhancement,3785649,4575799,7577194,9747160,2169966
2026-03-01,JED-PROJ-083,Prince Majed Corridor Al Hamra Drainage Capacity Enhancement,3791545,3290330,11368739,13037490,1668751
2026-04-01,JED-PROJ-083,Prince Majed Corridor Al Hamra Drainage Capacity Enhancement,3791545,4204311,15160284,17241801,2081517
2026-05-01,JED-PROJ-083,Prince Majed Corridor Al Hamra Drainage Capacity Enhancement,3785648,5601816,18945932,22843617,3897685
2026-06-01,JED-PROJ-083,Prince Majed Corridor Al Hamra Drainage Capacity Enhancement,3791545,3378780,22737477,26222397,3484920
2026-07-01,JED-PROJ-083,Prince Majed Corridor Al Hamra Drainage Capacity Enhancement,3791546,5613609,26529023,31836006,5306983
2026-08-01,JED-PROJ-083,Prince Majed Corridor Al Hamra Drainage Capacity Enhancement,3785648,3602853,30314671,35438859,5124188
2026-09-01,JED-PROJ-083,Prince Majed Corridor Al Hamra Drainage Capacity Enhancement,3791545,7947375,34106216,43386234,9280018
2024-12-13,JED-PROJ-084,Haramain Gateway Al Ajwad Drainage Capacity Enhancement,0,0,0,0,0
2025-01-01,JED-PROJ-084,Haramain Gateway Al Ajwad Drainage Capacity Enhancement,1246040,1099447,1246040,1099447,-146593
2025-02-01,JED-PROJ-084,Haramain Gateway Al Ajwad Drainage Capacity Enhancement,1246040,821967,2492080,1921414,-570666
2025-03-01,JED-PROJ-084,Haramain Gateway Al Ajwad Drainage Capacity Enhancement,1248657,1109918,3740737,3031332,-709405
2025-04-01,JED-PROJ-084,Haramain Gateway Al Ajwad Drainage Capacity Enhancement,1246040,588989,4986777,3620321,-1366456
2025-05-01,JED-PROJ-084,Haramain Gateway Al Ajwad Drainage Capacity Enhancement,1246040,1518284,6232817,5138605,-1094212
2025-06-01,JED-PROJ-084,Haramain Gateway Al Ajwad Drainage Capacity Enhancement,1246039,1102065,7478856,6240670,-1238186
2025-07-01,JED-PROJ-084,Haramain Gateway Al Ajwad Drainage Capacity Enhancement,1246040,374335,8724896,6615005,-2109891
2025-08-01,JED-PROJ-084,Haramain Gateway Al Ajwad Drainage Capacity Enhancement,1248658,869087,9973554,7484092,-2489462
2025-09-01,JED-PROJ-084,Haramain Gateway Al Ajwad Drainage Capacity Enhancement,1246039,913588,11219593,8397680,-2821913
2025-10-01,JED-PROJ-084,Haramain Gateway Al Ajwad Drainage Capacity Enhancement,1246040,1565403,12465633,9963083,-2502550
2025-11-01,JED-PROJ-084,Haramain Gateway Al Ajwad Drainage Capacity Enhancement,1246040,950236,13711673,10913319,-2798354
2025-12-01,JED-PROJ-084,Haramain Gateway Al Ajwad Drainage Capacity Enhancement,1246040,926677,14957713,11839996,-3117717
2026-01-01,JED-PROJ-084,Haramain Gateway Al Ajwad Drainage Capacity Enhancement,1246039,685845,16203752,12525841,-3677911
2026-02-01,JED-PROJ-084,Haramain Gateway Al Ajwad Drainage Capacity Enhancement,1248658,1133477,17452410,13659318,-3793092
2026-03-01,JED-PROJ-084,Haramain Gateway Al Ajwad Drainage Capacity Enhancement,1246040,1175361,18698450,14834679,-3863771
2026-04-01,JED-PROJ-084,Haramain Gateway Al Ajwad Drainage Capacity Enhancement,1246039,890029,19944489,15724708,-4219781
2026-05-01,JED-PROJ-084,Haramain Gateway Al Ajwad Drainage Capacity Enhancement,1246040,1447605,21190529,17172313,-4018216
2026-06-01,JED-PROJ-084,Haramain Gateway Al Ajwad Drainage Capacity Enhancement,1246040,180623,22436569,17352936,-5083633
2026-07-01,JED-PROJ-084,Haramain Gateway Al Ajwad Drainage Capacity Enhancement,1248657,1507813,23685226,18860749,-4824477
2026-08-01,JED-PROJ-084,Haramain Gateway Al Ajwad Drainage Capacity Enhancement,1246040,709405,24931266,19570154,-5361112
2026-09-01,JED-PROJ-084,Haramain Gateway Al Ajwad Drainage Capacity Enhancement,1246040,6718981,26177306,26289135,111829
2025-12-05,JED-PROJ-085,Northern Jeddah Al Rowais Water Channel Rehabilitation,0,463176,0,463176,463176
2026-01-01,JED-PROJ-085,Northern Jeddah Al Rowais Water Channel Rehabilitation,2013033,1870517,2013033,2333693,320660
2026-02-01,JED-PROJ-085,Northern Jeddah Al Rowais Water Channel Rehabilitation,2013032,2559342,4026065,4893035,866970
2026-03-01,JED-PROJ-085,Northern Jeddah Al Rowais Water Channel Rehabilitation,2018971,77196,6045036,4970231,-1074805
2026-04-01,JED-PROJ-085,Northern Jeddah Al Rowais Water Channel Rehabilitation,2013032,1864578,8058068,6834809,-1223259
2026-05-01,JED-PROJ-085,Northern Jeddah Al Rowais Water Channel Rehabilitation,2013033,3248168,10071101,10082977,11876
2026-06-01,JED-PROJ-085,Northern Jeddah Al Rowais Water Channel Rehabilitation,2013032,1609238,12084133,11692215,-391918
2026-07-01,JED-PROJ-085,Northern Jeddah Al Rowais Water Channel Rehabilitation,2018971,1270764,14103104,12962979,-1140125
2026-08-01,JED-PROJ-085,Northern Jeddah Al Rowais Water Channel Rehabilitation,2013032,1502352,16116136,14465331,-1650805
2026-09-01,JED-PROJ-085,Northern Jeddah Al Rowais Water Channel Rehabilitation,2013033,8858880,18129169,23324211,5195042
2025-11-17,JED-PROJ-086,Southern Jeddah Al Zahra Drainage Capacity Enhancement,0,813612,0,813612,813612
2025-12-01,JED-PROJ-086,Southern Jeddah Al Zahra Drainage Capacity Enhancement,2498132,1598575,2498132,2412187,-85945
2026-01-01,JED-PROJ-086,Southern Jeddah Al Zahra Drainage Capacity Enhancement,2498133,3323204,4996265,5735391,739126
2026-02-01,JED-PROJ-086,Southern Jeddah Al Zahra Drainage Capacity Enhancement,2498132,2847642,7494397,8583033,1088636
2026-03-01,JED-PROJ-086,Southern Jeddah Al Zahra Drainage Capacity Enhancement,2498132,3317474,9992529,11900507,1907978
2026-04-01,JED-PROJ-086,Southern Jeddah Al Zahra Drainage Capacity Enhancement,2498133,2458024,12490662,14358531,1867869
2026-05-01,JED-PROJ-086,Southern Jeddah Al Zahra Drainage Capacity Enhancement,2503862,3982115,14994524,18340646,3346122
2026-06-01,JED-PROJ-086,Southern Jeddah Al Zahra Drainage Capacity Enhancement,2498132,2114245,17492656,20454891,2962235
2026-07-01,JED-PROJ-086,Southern Jeddah Al Zahra Drainage Capacity Enhancement,2498132,4566540,19990788,25021431,5030643
2026-08-01,JED-PROJ-086,Southern Jeddah Al Zahra Drainage Capacity Enhancement,2498133,1879329,22488921,26900760,4411839
2026-09-01,JED-PROJ-086,Southern Jeddah Al Zahra Drainage Capacity Enhancement,2498132,115166,24987053,27015926,2028873
2025-07-17,JED-PROJ-087,Eastern Jeddah Al Bawadi Water Channel Rehabilitation,0,3036993,0,3036993,3036993
2025-08-01,JED-PROJ-087,Eastern Jeddah Al Bawadi Water Channel Rehabilitation,8556783,4344895,8556783,7381888,-1174895
2025-09-01,JED-PROJ-087,Eastern Jeddah Al Bawadi Water Channel Rehabilitation,8556783,5231608,17113566,12613496,-4500070
2025-10-01,JED-PROJ-087,Eastern Jeddah Al Bawadi Water Channel Rehabilitation,8556783,4522238,25670349,17135734,-8534615
2025-11-01,JED-PROJ-087,Eastern Jeddah Al Bawadi Water Channel Rehabilitation,8578951,6251328,34249300,23387062,-10862238
2025-12-01,JED-PROJ-087,Eastern Jeddah Al Bawadi Water Channel Rehabilitation,8556783,8867133,42806083,32254195,-10551888
2026-01-01,JED-PROJ-087,Eastern Jeddah Al Bawadi Water Channel Rehabilitation,8556783,8756293,51362866,41010488,-10352378
2026-02-01,JED-PROJ-087,Eastern Jeddah Al Bawadi Water Channel Rehabilitation,8556783,3524686,59919649,44535174,-15384475
2026-03-01,JED-PROJ-087,Eastern Jeddah Al Bawadi Water Channel Rehabilitation,8556783,5364615,68476432,49899789,-18576643
2026-04-01,JED-PROJ-087,Eastern Jeddah Al Bawadi Water Channel Rehabilitation,8556783,7537063,77033215,57436852,-19596363
2026-05-01,JED-PROJ-087,Eastern Jeddah Al Bawadi Water Channel Rehabilitation,8556783,4078881,85589998,61515733,-24074265
2026-06-01,JED-PROJ-087,Eastern Jeddah Al Bawadi Water Channel Rehabilitation,8578951,2948321,94168949,64464054,-29704895
2026-07-01,JED-PROJ-087,Eastern Jeddah Al Bawadi Water Channel Rehabilitation,8556783,10175035,102725732,74639089,-28086643
2026-08-01,JED-PROJ-087,Eastern Jeddah Al Bawadi Water Channel Rehabilitation,8556783,9332657,111282515,83971746,-27310769
2026-09-01,JED-PROJ-087,Eastern Jeddah Al Bawadi Water Channel Rehabilitation,8556783,104064142,119839298,188035888,68196590
2024-06-07,JED-PROJ-088,Western Jeddah Al Waha Water Channel Rehabilitation,0,1034910,0,1034910,1034910
2024-07-01,JED-PROJ-088,Western Jeddah Al Waha Water Channel Rehabilitation,4657095,1887189,4657095,2922099,-1734996
2024-08-01,JED-PROJ-088,Western Jeddah Al Waha Water Channel Rehabilitation,4657095,6392091,9314190,9314190,0
2024-09-01,JED-PROJ-088,Western Jeddah Al Waha Water Channel Rehabilitation,4657095,2145917,13971285,11460107,-2511178
2024-10-01,JED-PROJ-088,Western Jeddah Al Waha Water Channel Rehabilitation,4657095,6498626,18628380,17958733,-669647
2024-11-01,JED-PROJ-088,Western Jeddah Al Waha Water Channel Rehabilitation,4657096,6224679,23285476,24183412,897936
2024-12-01,JED-PROJ-088,Western Jeddah Al Waha Water Channel Rehabilitation,4657095,2328548,27942571,26511960,-1430611
2025-01-01,JED-PROJ-088,Western Jeddah Al Waha Water Channel Rehabilitation,4657095,6285556,32599666,32797516,197850
2025-02-01,JED-PROJ-088,Western Jeddah Al Waha Water Channel Rehabilitation,4657095,5281085,37256761,38078601,821840
2025-03-01,JED-PROJ-088,Western Jeddah Al Waha Water Channel Rehabilitation,4657095,5281085,41913856,43359686,1445830
2025-04-01,JED-PROJ-088,Western Jeddah Al Waha Water Channel Rehabilitation,4657095,760964,46570951,44120650,-2450301
2025-05-01,JED-PROJ-088,Western Jeddah Al Waha Water Channel Rehabilitation,4657095,5463716,51228046,49584366,-1643680
2025-06-01,JED-PROJ-088,Western Jeddah Al Waha Water Channel Rehabilitation,4657095,3196045,55885141,52780411,-3104730
2025-07-01,JED-PROJ-088,Western Jeddah Al Waha Water Channel Rehabilitation,4657096,9161998,60542237,61942409,1400172
2025-08-01,JED-PROJ-088,Western Jeddah Al Waha Water Channel Rehabilitation,4672314,4200517,65214551,66142926,928375
2025-09-01,JED-PROJ-088,Western Jeddah Al Waha Water Channel Rehabilitation,4657095,2435083,69871646,68578009,-1293637
2025-10-01,JED-PROJ-088,Western Jeddah Al Waha Water Channel Rehabilitation,4657095,6209460,74528741,74787469,258728
2025-11-01,JED-PROJ-088,Western Jeddah Al Waha Water Channel Rehabilitation,4657095,2800344,79185836,77587813,-1598023
2025-12-01,JED-PROJ-088,Western Jeddah Al Waha Water Channel Rehabilitation,4657095,5113674,83842931,82701487,-1141444
2026-01-01,JED-PROJ-088,Western Jeddah Al Waha Water Channel Rehabilitation,4657096,1643680,88500027,84345167,-4154860
2026-02-01,JED-PROJ-088,Western Jeddah Al Waha Water Channel Rehabilitation,4657095,8203184,93157122,92548351,-608771
2026-03-01,JED-PROJ-088,Western Jeddah Al Waha Water Channel Rehabilitation,4657095,1111006,97814217,93659357,-4154860
2026-04-01,JED-PROJ-088,Western Jeddah Al Waha Water Channel Rehabilitation,4657095,8385815,102471312,102045172,-426140
2026-05-01,JED-PROJ-088,Western Jeddah Al Waha Water Channel Rehabilitation,4657095,4322272,107128407,106367444,-760963
2026-06-01,JED-PROJ-088,Western Jeddah Al Waha Water Channel Rehabilitation,4657095,4154859,111785502,110522303,-1263199
2026-07-01,JED-PROJ-088,Western Jeddah Al Waha Water Channel Rehabilitation,4657095,867498,116442597,111389801,-5052796
2026-08-01,JED-PROJ-088,Western Jeddah Al Waha Water Channel Rehabilitation,4657095,6026829,121099692,117416630,-3683062
2026-09-01,JED-PROJ-088,Western Jeddah Al Waha Water Channel Rehabilitation,4657096,24173239,125756788,141589869,15833081
2022-12-08,JED-PROJ-089,Central Jeddah Al Baghdadiyah Flood Mitigation Program,0,0,0,0,0
2023-01-01,JED-PROJ-089,Central Jeddah Al Baghdadiyah Flood Mitigation Program,12805240,7496625,12805240,7496625,-5308615
2023-02-01,JED-PROJ-089,Central Jeddah Al Baghdadiyah Flood Mitigation Program,12805241,23781161,25610481,31277786,5667305
2023-03-01,JED-PROJ-089,Central Jeddah Al Baghdadiyah Flood Mitigation Program,12805240,7855315,38415721,39133101,717380
2023-04-01,JED-PROJ-089,Central Jeddah Al Baghdadiyah Flood Mitigation Program,12841109,9612898,51256830,48745999,-2510831
2023-05-01,JED-PROJ-089,Central Jeddah Al Baghdadiyah Flood Mitigation Program,12805241,13988918,64062071,62734917,-1327154
2023-06-01,JED-PROJ-089,Central Jeddah Al Baghdadiyah Flood Mitigation Program,12805240,13450883,76867311,76185800,-681511
2023-07-01,JED-PROJ-089,Central Jeddah Al Baghdadiyah Flood Mitigation Program,12805241,14778036,89672552,90963836,1291284
2023-08-01,JED-PROJ-089,Central Jeddah Al Baghdadiyah Flood Mitigation Program,12805240,11729170,102477792,102693006,215214
2023-09-01,JED-PROJ-089,Central Jeddah Al Baghdadiyah Flood Mitigation Program,12805240,18006248,115283032,120699254,5416222
2023-10-01,JED-PROJ-089,Central Jeddah Al Baghdadiyah Flood Mitigation Program,12805241,7353150,128088273,128052404,-35869
2023-11-01,JED-PROJ-089,Central Jeddah Al Baghdadiyah Flood Mitigation Program,12841109,19225795,140929382,147278199,6348817
2023-12-01,JED-PROJ-089,Central Jeddah Al Baghdadiyah Flood Mitigation Program,12805240,10975920,153734622,158254119,4519497
2024-01-01,JED-PROJ-089,Central Jeddah Al Baghdadiyah Flood Mitigation Program,12805241,4519496,166539863,162773615,-3766248
2024-02-01,JED-PROJ-089,Central Jeddah Al Baghdadiyah Flood Mitigation Program,12805240,22131186,179345103,184904801,5559698
2024-03-01,JED-PROJ-089,Central Jeddah Al Baghdadiyah Flood Mitigation Program,12805240,2295618,192150343,187200419,-4949924
2024-04-01,JED-PROJ-089,Central Jeddah Al Baghdadiyah Flood Mitigation Program,12805241,21880102,204955584,209080521,4124937
2024-05-01,JED-PROJ-089,Central Jeddah Al Baghdadiyah Flood Mitigation Program,12805240,7137935,217760824,216218456,-1542368
2024-06-01,JED-PROJ-089,Central Jeddah Al Baghdadiyah Flood Mitigation Program,12841109,19261664,230601933,235480120,4878187
2024-07-01,JED-PROJ-089,Central Jeddah Al Baghdadiyah Flood Mitigation Program,12805241,12661765,243407174,248141885,4734711
2024-08-01,JED-PROJ-089,Central Jeddah Al Baghdadiyah Flood Mitigation Program,12805240,12016121,256212414,260158006,3945592
2024-09-01,JED-PROJ-089,Central Jeddah Al Baghdadiyah Flood Mitigation Program,12805240,12590027,269017654,272748033,3730379
2024-10-01,JED-PROJ-089,Central Jeddah Al Baghdadiyah Flood Mitigation Program,12805241,6564030,281822895,279312063,-2510832
2024-11-01,JED-PROJ-089,Central Jeddah Al Baghdadiyah Flood Mitigation Program,12805240,9899850,294628135,289211913,-5416222
2024-12-01,JED-PROJ-089,Central Jeddah Al Baghdadiyah Flood Mitigation Program,12805241,17001916,307433376,306213829,-1219547
2025-01-01,JED-PROJ-089,Central Jeddah Al Baghdadiyah Flood Mitigation Program,12841109,9828112,320274485,316041941,-4232544
2025-02-01,JED-PROJ-089,Central Jeddah Al Baghdadiyah Flood Mitigation Program,12805240,19548616,333079725,335590557,2510832
2025-03-01,JED-PROJ-089,Central Jeddah Al Baghdadiyah Flood Mitigation Program,12805241,8285743,345884966,343876300,-2008666
2025-04-01,JED-PROJ-089,Central Jeddah Al Baghdadiyah Flood Mitigation Program,12805240,0,358690206,333390356,-25299850
2025-12-04,JED-PROJ-090,Corniche Al Samer Stormwater Drainage Upgrade,0,528229,0,528229,528229
2026-01-01,JED-PROJ-090,Corniche Al Samer Stormwater Drainage Upgrade,5831237,9508128,5831237,10036357,4205120
2026-02-01,JED-PROJ-090,Corniche Al Samer Stormwater Drainage Upgrade,5831237,6255892,11662474,16292249,4629775
2026-03-01,JED-PROJ-090,Corniche Al Samer Stormwater Drainage Upgrade,5820880,11558899,17483354,27851148,10367794
2026-04-01,JED-PROJ-090,Corniche Al Samer Stormwater Drainage Upgrade,5831237,9052400,23314591,36903548,13588957
2026-05-01,JED-PROJ-090,Corniche Al Samer Stormwater Drainage Upgrade,5831237,7208777,29145828,44112325,14966497
2026-06-01,JED-PROJ-090,Corniche Al Samer Stormwater Drainage Upgrade,5831237,9280263,34977065,53392588,18415523
2026-07-01,JED-PROJ-090,Corniche Al Samer Stormwater Drainage Upgrade,5820880,9425268,40797945,62817856,22019911
2026-08-01,JED-PROJ-090,Corniche Al Samer Stormwater Drainage Upgrade,5831237,6628760,46629182,69446616,22817434
2026-09-01,JED-PROJ-090,Corniche Al Samer Stormwater Drainage Upgrade,5831237,6834968,52460419,76281584,23821165
2025-01-04,JED-PROJ-091,Airport District Al Muhammadiyah Stormwater Drainage Upgrade,0,0,0,0,0
2025-02-01,JED-PROJ-091,Airport District Al Muhammadiyah Stormwater Drainage Upgrade,1233458,0,1233458,0,-1233458
2025-03-01,JED-PROJ-091,Airport District Al Muhammadiyah Stormwater Drainage Upgrade,1230602,471112,2464060,471112,-1992948
2025-04-01,JED-PROJ-091,Airport District Al Muhammadiyah Stormwater Drainage Upgrade,1233458,0,3697518,471112,-3226406
2025-05-01,JED-PROJ-091,Airport District Al Muhammadiyah Stormwater Drainage Upgrade,1233458,256971,4930976,728083,-4202893
2025-06-01,JED-PROJ-091,Airport District Al Muhammadiyah Stormwater Drainage Upgrade,1230603,416863,6161579,1144946,-5016633
2025-07-01,JED-PROJ-091,Airport District Al Muhammadiyah Stormwater Drainage Upgrade,1233458,1153511,7395037,2298457,-5096580
2025-08-01,JED-PROJ-091,Airport District Al Muhammadiyah Stormwater Drainage Upgrade,1233457,0,8628494,2298457,-6330037
2025-09-01,JED-PROJ-091,Airport District Al Muhammadiyah Stormwater Drainage Upgrade,1233458,611019,9861952,2909476,-6952476
2025-10-01,JED-PROJ-091,Airport District Al Muhammadiyah Stormwater Drainage Upgrade,1230603,0,11092555,2909476,-8183079
2025-11-01,JED-PROJ-091,Airport District Al Muhammadiyah Stormwater Drainage Upgrade,1233458,0,12326013,2909476,-9416537
2025-12-01,JED-PROJ-091,Airport District Al Muhammadiyah Stormwater Drainage Upgrade,1233458,439705,13559471,3349181,-10210290
2026-01-01,JED-PROJ-091,Airport District Al Muhammadiyah Stormwater Drainage Upgrade,1230602,234128,14790073,3583309,-11206764
2026-02-01,JED-PROJ-091,Airport District Al Muhammadiyah Stormwater Drainage Upgrade,1233458,0,16023531,3583309,-12440222
2026-03-01,JED-PROJ-091,Airport District Al Muhammadiyah Stormwater Drainage Upgrade,1233458,813740,17256989,4397049,-12859940
2026-04-01,JED-PROJ-091,Airport District Al Muhammadiyah Stormwater Drainage Upgrade,1233458,0,18490447,4397049,-14093398
2026-05-01,JED-PROJ-091,Airport District Al Muhammadiyah Stormwater Drainage Upgrade,1230602,585321,19721049,4982370,-14738679
2026-06-01,JED-PROJ-091,Airport District Al Muhammadiyah Stormwater Drainage Upgrade,1233458,336917,20954507,5319287,-15635220
2026-07-01,JED-PROJ-091,Airport District Al Muhammadiyah Stormwater Drainage Upgrade,1233458,0,22187965,5319287,-16868678
2026-08-01,JED-PROJ-091,Airport District Al Muhammadiyah Stormwater Drainage Upgrade,1230603,2855,23418568,5322142,-18096426
2026-09-01,JED-PROJ-091,Airport District Al Muhammadiyah Stormwater Drainage Upgrade,1233458,14415775,24652026,19737917,-4914109
2025-12-20,JED-PROJ-092,Obhur Al Shati Runoff Management Improvement,0,0,0,0,0
2026-01-01,JED-PROJ-092,Obhur Al Shati Runoff Management Improvement,8711281,3779604,8711281,3779604,-4931677
2026-02-01,JED-PROJ-092,Obhur Al Shati Runoff Management Improvement,8731492,13824863,17442773,17604467,161694
2026-03-01,JED-PROJ-092,Obhur Al Shati Runoff Management Improvement,8711280,161694,26154053,17766161,-8387892
2026-04-01,JED-PROJ-092,Obhur Al Shati Runoff Management Improvement,8711281,11641990,34865334,29408151,-5457183
2026-05-01,JED-PROJ-092,Obhur Al Shati Runoff Management Improvement,8731492,9095305,43596826,38503456,-5093370
2026-06-01,JED-PROJ-092,Obhur Al Shati Runoff Management Improvement,8711281,1576519,52308107,40079975,-12228132
2026-07-01,JED-PROJ-092,Obhur Al Shati Runoff Management Improvement,8711280,6306078,61019387,46386053,-14633334
2026-08-01,JED-PROJ-092,Obhur Al Shati Runoff Management Improvement,8731493,6831584,69750880,53217637,-16533243
2026-09-01,JED-PROJ-092,Obhur Al Shati Runoff Management Improvement,8711280,50138917,78462160,103356554,24894394
2023-11-15,JED-PROJ-093,Al Balad Al Aziziyah Runoff Management Improvement,0,0,0,0,0
2023-12-01,JED-PROJ-093,Al Balad Al Aziziyah Runoff Management Improvement,8809870,10329572,8809870,10329572,1519702
2024-01-01,JED-PROJ-093,Al Balad Al Aziziyah Runoff Management Improvement,8809869,3810269,17619739,14139841,-3479898
2024-02-01,JED-PROJ-093,Al Balad Al Aziziyah Runoff Management Improvement,8809870,12355842,26429609,26495683,66074
2024-03-01,JED-PROJ-093,Al Balad Al Aziziyah Runoff Management Improvement,8809870,12686212,35239479,39181895,3942416
2024-04-01,JED-PROJ-093,Al Balad Al Aziziyah Runoff Management Improvement,8809869,7356241,44049348,46538136,2488788
2024-05-01,JED-PROJ-093,Al Balad Al Aziziyah Runoff Management Improvement,8809870,7224093,52859218,53762229,903011
2024-06-01,JED-PROJ-093,Al Balad Al Aziziyah Runoff Management Improvement,8809869,6365131,61669087,60127360,-1541727
2024-07-01,JED-PROJ-093,Al Balad Al Aziziyah Runoff Management Improvement,8809870,11342707,70478957,71470067,991110
2024-08-01,JED-PROJ-093,Al Balad Al Aziziyah Runoff Management Improvement,8809870,8039007,79288827,79509074,220247
2024-09-01,JED-PROJ-093,Al Balad Al Aziziyah Runoff Management Improvement,8809869,7994956,88098696,87504030,-594666
2024-10-01,JED-PROJ-093,Al Balad Al Aziziyah Runoff Management Improvement,8809870,6475254,96908566,93979284,-2929282
2024-11-01,JED-PROJ-093,Al Balad Al Aziziyah Runoff Management Improvement,8809870,14800581,105718436,108779865,3061429
2024-12-01,JED-PROJ-093,Al Balad Al Aziziyah Runoff Management Improvement,8809869,5351996,114528305,114131861,-396444
2025-01-01,JED-PROJ-093,Al Balad Al Aziziyah Runoff Management Improvement,8809870,6783600,123338175,120915461,-2422714
2025-02-01,JED-PROJ-093,Al Balad Al Aziziyah Runoff Management Improvement,8809870,10175399,132148045,131090860,-1057185
2025-03-01,JED-PROJ-093,Al Balad Al Aziziyah Runoff Management Improvement,8809869,9184289,140957914,140275149,-682765
2025-04-01,JED-PROJ-093,Al Balad Al Aziziyah Runoff Management Improvement,8809870,12091546,149767784,152366695,2598911
2025-05-01,JED-PROJ-093,Al Balad Al Aziziyah Runoff Management Improvement,8809870,8061031,158577654,160427726,1850072
2025-06-01,JED-PROJ-093,Al Balad Al Aziziyah Runoff Management Improvement,8809869,9096191,167387523,169523917,2136394
2025-07-01,JED-PROJ-093,Al Balad Al Aziziyah Runoff Management Improvement,8809870,2797133,176197393,172321050,-3876343
2025-08-01,JED-PROJ-093,Al Balad Al Aziziyah Runoff Management Improvement,8809869,12025472,185007262,184346522,-660740
2025-09-01,JED-PROJ-093,Al Balad Al Aziziyah Runoff Management Improvement,8809870,9316437,193817132,193662959,-154173
2025-10-01,JED-PROJ-093,Al Balad Al Aziziyah Runoff Management Improvement,8809870,5153774,202627002,198816733,-3810269
2025-11-01,JED-PROJ-093,Al Balad Al Aziziyah Runoff Management Improvement,8809869,10726016,211436871,209542749,-1894122
2025-12-01,JED-PROJ-093,Al Balad Al Aziziyah Runoff Management Improvement,8809870,18558256,220246741,228101005,7854264
2025-09-21,JED-PROJ-094,King Abdulaziz Road Al Naseem Stormwater Drainage Upgrade,0,0,0,0,0
2025-10-01,JED-PROJ-094,King Abdulaziz Road Al Naseem Stormwater Drainage Upgrade,3253248,0,3253248,0,-3253248
2025-11-01,JED-PROJ-094,King Abdulaziz Road Al Naseem Stormwater Drainage Upgrade,3253248,0,6506496,0,-6506496
2025-12-01,JED-PROJ-094,King Abdulaziz Road Al Naseem Stormwater Drainage Upgrade,3265209,0,9771705,0,-9771705
2026-01-01,JED-PROJ-094,King Abdulaziz Road Al Naseem Stormwater Drainage Upgrade,3253248,0,13024953,0,-13024953
2026-02-01,JED-PROJ-094,King Abdulaziz Road Al Naseem Stormwater Drainage Upgrade,3253248,0,16278201,0,-16278201
2026-03-01,JED-PROJ-094,King Abdulaziz Road Al Naseem Stormwater Drainage Upgrade,3265209,0,19543410,0,-19543410
2026-04-01,JED-PROJ-094,King Abdulaziz Road Al Naseem Stormwater Drainage Upgrade,3253248,0,22796658,0,-22796658
2026-05-01,JED-PROJ-094,King Abdulaziz Road Al Naseem Stormwater Drainage Upgrade,3253248,0,26049906,0,-26049906
2026-06-01,JED-PROJ-094,King Abdulaziz Road Al Naseem Stormwater Drainage Upgrade,3253248,0,29303154,0,-29303154
2026-07-01,JED-PROJ-094,King Abdulaziz Road Al Naseem Stormwater Drainage Upgrade,3253248,0,32556402,0,-32556402
2026-08-01,JED-PROJ-094,King Abdulaziz Road Al Naseem Stormwater Drainage Upgrade,3265209,0,35821611,0,-35821611
2026-09-01,JED-PROJ-094,King Abdulaziz Road Al Naseem Stormwater Drainage Upgrade,3253248,26662198,39074859,26662198,-12412661
2024-03-12,JED-PROJ-095,Prince Majed Corridor Al Thaghr Drainage Capacity Enhancement,0,0,0,0,0
2024-04-01,JED-PROJ-095,Prince Majed Corridor Al Thaghr Drainage Capacity Enhancement,7641288,7114303,7641288,7114303,-526985
2024-05-01,JED-PROJ-095,Prince Majed Corridor Al Thaghr Drainage Capacity Enhancement,7641288,4005089,15282576,11119392,-4163184
2024-06-01,JED-PROJ-095,Prince Majed Corridor Al Thaghr Drainage Capacity Enhancement,7641288,8879703,22923864,19999095,-2924769
2024-07-01,JED-PROJ-095,Prince Majed Corridor Al Thaghr Drainage Capacity Enhancement,7641288,11119392,30565152,31118487,553335
2024-08-01,JED-PROJ-095,Prince Majed Corridor Al Thaghr Drainage Capacity Enhancement,7641288,4742869,38206440,35861356,-2345084
2024-09-01,JED-PROJ-095,Prince Majed Corridor Al Thaghr Drainage Capacity Enhancement,7641289,6271126,45847729,42132482,-3715247
2024-10-01,JED-PROJ-095,Prince Majed Corridor Al Thaghr Drainage Capacity Enhancement,7641288,7404144,53489017,49536626,-3952391
2024-11-01,JED-PROJ-095,Prince Majed Corridor Al Thaghr Drainage Capacity Enhancement,7667637,7825733,61156654,57362359,-3794295
2024-12-01,JED-PROJ-095,Prince Majed Corridor Al Thaghr Drainage Capacity Enhancement,7641288,10302565,68797942,67664924,-1133018
2025-01-01,JED-PROJ-095,Prince Majed Corridor Al Thaghr Drainage Capacity Enhancement,7641288,8220972,76439230,75885896,-553334
2025-02-01,JED-PROJ-095,Prince Majed Corridor Al Thaghr Drainage Capacity Enhancement,7641288,7825733,84080518,83711629,-368889
2025-03-01,JED-PROJ-095,Prince Majed Corridor Al Thaghr Drainage Capacity Enhancement,7641288,5612394,91721806,89324023,-2397783
2025-04-01,JED-PROJ-095,Prince Majed Corridor Al Thaghr Drainage Capacity Enhancement,7641289,2766673,99363095,92090696,-7272399
2025-05-01,JED-PROJ-095,Prince Majed Corridor Al Thaghr Drainage Capacity Enhancement,7641288,10750502,107004383,102841198,-4163185
2025-06-01,JED-PROJ-095,Prince Majed Corridor Al Thaghr Drainage Capacity Enhancement,7641288,4848266,114645671,107689464,-6956207
2025-07-01,JED-PROJ-095,Prince Majed Corridor Al Thaghr Drainage Capacity Enhancement,7641288,5480648,122286959,113170112,-9116847
2025-08-01,JED-PROJ-095,Prince Majed Corridor Al Thaghr Drainage Capacity Enhancement,7641288,12779395,129928247,125949507,-3978740
2025-09-01,JED-PROJ-095,Prince Majed Corridor Al Thaghr Drainage Capacity Enhancement,7641288,0,137569535,125949507,-11620028
2025-10-01,JED-PROJ-095,Prince Majed Corridor Al Thaghr Drainage Capacity Enhancement,7641288,14992734,145210823,140942241,-4268582
2025-11-01,JED-PROJ-095,Prince Majed Corridor Al Thaghr Drainage Capacity Enhancement,7641288,3056516,152852111,143998757,-8853354
2025-12-01,JED-PROJ-095,Prince Majed Corridor Al Thaghr Drainage Capacity Enhancement,7641288,8879703,160493399,152878460,-7614939
2026-01-01,JED-PROJ-095,Prince Majed Corridor Al Thaghr Drainage Capacity Enhancement,7641288,7430494,168134687,160308954,-7825733
2026-02-01,JED-PROJ-095,Prince Majed Corridor Al Thaghr Drainage Capacity Enhancement,7667638,9459388,175802325,169768342,-6033983
2026-03-01,JED-PROJ-095,Prince Majed Corridor Al Thaghr Drainage Capacity Enhancement,7641288,4769218,183443613,174537560,-8906053
2026-04-01,JED-PROJ-095,Prince Majed Corridor Al Thaghr Drainage Capacity Enhancement,7641288,6982556,191084901,181520116,-9564785
2026-05-01,JED-PROJ-095,Prince Majed Corridor Al Thaghr Drainage Capacity Enhancement,7641288,2028894,198726189,183549010,-15177179
2026-06-01,JED-PROJ-095,Prince Majed Corridor Al Thaghr Drainage Capacity Enhancement,7641288,11514631,206367477,195063641,-11303836
2026-07-01,JED-PROJ-095,Prince Majed Corridor Al Thaghr Drainage Capacity Enhancement,7641288,3715247,214008765,198778888,-15229877
2026-08-01,JED-PROJ-095,Prince Majed Corridor Al Thaghr Drainage Capacity Enhancement,7641288,12805744,221650053,211584632,-10065421
2026-09-01,JED-PROJ-095,Prince Majed Corridor Al Thaghr Drainage Capacity Enhancement,7641288,14275592,229291341,225860224,-3431117
2024-09-22,JED-PROJ-096,Haramain Gateway Prince Fawaz Stormwater Drainage Upgrade,0,678269,0,678269,678269
2024-10-01,JED-PROJ-096,Haramain Gateway Prince Fawaz Stormwater Drainage Upgrade,4747884,2347855,4747884,3026124,-1721760
2024-11-01,JED-PROJ-096,Haramain Gateway Prince Fawaz Stormwater Drainage Upgrade,4737450,4904408,9485334,7930532,-1554802
2024-12-01,JED-PROJ-096,Haramain Gateway Prince Fawaz Stormwater Drainage Upgrade,4747884,7116609,14233218,15047141,813923
2025-01-01,JED-PROJ-096,Haramain Gateway Prince Fawaz Stormwater Drainage Upgrade,4737450,2316550,18970668,17363691,-1606977
2025-02-01,JED-PROJ-096,Haramain Gateway Prince Fawaz Stormwater Drainage Upgrade,4747884,4737450,23718552,22101141,-1617411
2025-03-01,JED-PROJ-096,Haramain Gateway Prince Fawaz Stormwater Drainage Upgrade,4737449,4528751,28456001,26629892,-1826109
2025-04-01,JED-PROJ-096,Haramain Gateway Prince Fawaz Stormwater Drainage Upgrade,4747885,8285319,33203886,34915211,1711325
2025-05-01,JED-PROJ-096,Haramain Gateway Prince Fawaz Stormwater Drainage Upgrade,4737449,3923527,37941335,38838738,897403
2025-06-01,JED-PROJ-096,Haramain Gateway Prince Fawaz Stormwater Drainage Upgrade,4747885,3297431,42689220,42136169,-553051
2025-07-01,JED-PROJ-096,Haramain Gateway Prince Fawaz Stormwater Drainage Upgrade,4737449,4528752,47426669,46664921,-761748
2025-08-01,JED-PROJ-096,Haramain Gateway Prince Fawaz Stormwater Drainage Upgrade,4747885,4946147,52174554,51611068,-563486
2025-09-01,JED-PROJ-096,Haramain Gateway Prince Fawaz Stormwater Drainage Upgrade,4747884,6333991,56922438,57945059,1022621
2025-10-01,JED-PROJ-096,Haramain Gateway Prince Fawaz Stormwater Drainage Upgrade,4737449,4320053,61659887,62265112,605225
2025-11-01,JED-PROJ-096,Haramain Gateway Prince Fawaz Stormwater Drainage Upgrade,4747885,2953080,66407772,65218192,-1189580
2025-12-01,JED-PROJ-096,Haramain Gateway Prince Fawaz Stormwater Drainage Upgrade,4737449,4706145,71145221,69924337,-1220884
2026-01-01,JED-PROJ-096,Haramain Gateway Prince Fawaz Stormwater Drainage Upgrade,4747885,4455706,75893106,74380043,-1513063
2026-02-01,JED-PROJ-096,Haramain Gateway Prince Fawaz Stormwater Drainage Upgrade,4737449,6855737,80630555,81235780,605225
2026-03-01,JED-PROJ-096,Haramain Gateway Prince Fawaz Stormwater Drainage Upgrade,4747884,5133976,85378439,86369756,991317
2026-04-01,JED-PROJ-096,Haramain Gateway Prince Fawaz Stormwater Drainage Upgrade,4737450,2869600,90115889,89239356,-876533
2026-05-01,JED-PROJ-096,Haramain Gateway Prince Fawaz Stormwater Drainage Upgrade,4747884,3819178,94863773,93058534,-1805239
2026-06-01,JED-PROJ-096,Haramain Gateway Prince Fawaz Stormwater Drainage Upgrade,4737450,4977452,99601223,98035986,-1565237
2026-07-01,JED-PROJ-096,Haramain Gateway Prince Fawaz Stormwater Drainage Upgrade,4747884,1394546,104349107,99430532,-4918575
2025-05-17,JED-PROJ-097,Northern Jeddah Al Marwah Stormwater Drainage Upgrade,0,0,0,0,0
2025-06-01,JED-PROJ-097,Northern Jeddah Al Marwah Stormwater Drainage Upgrade,6935385,5333187,6935385,5333187,-1602198
2025-07-01,JED-PROJ-097,Northern Jeddah Al Marwah Stormwater Drainage Upgrade,6935384,3652562,13870769,8985749,-4885020
2025-08-01,JED-PROJ-097,Northern Jeddah Al Marwah Stormwater Drainage Upgrade,6924181,3260415,20794950,12246164,-8548786
2025-09-01,JED-PROJ-097,Northern Jeddah Al Marwah Stormwater Drainage Upgrade,6935384,3540519,27730334,15786683,-11943651
2025-10-01,JED-PROJ-097,Northern Jeddah Al Marwah Stormwater Drainage Upgrade,6935385,3899053,34665719,19685736,-14979983
2025-11-01,JED-PROJ-097,Northern Jeddah Al Marwah Stormwater Drainage Upgrade,6924180,6229522,41589899,25915258,-15674641
2025-12-01,JED-PROJ-097,Northern Jeddah Al Marwah Stormwater Drainage Upgrade,6935385,4885020,48525284,30800278,-17725006
2026-01-01,JED-PROJ-097,Northern Jeddah Al Marwah Stormwater Drainage Upgrade,6935384,3719786,55460668,34520064,-20940604
2026-02-01,JED-PROJ-097,Northern Jeddah Al Marwah Stormwater Drainage Upgrade,6935385,3787012,62396053,38307076,-24088977
2026-03-01,JED-PROJ-097,Northern Jeddah Al Marwah Stormwater Drainage Upgrade,6935384,2263243,69331437,40570319,-28761118
2026-04-01,JED-PROJ-097,Northern Jeddah Al Marwah Stormwater Drainage Upgrade,6924181,7988577,76255618,48558896,-27696722
2026-05-01,JED-PROJ-097,Northern Jeddah Al Marwah Stormwater Drainage Upgrade,6935384,3551724,83191002,52110620,-31080382
2026-06-01,JED-PROJ-097,Northern Jeddah Al Marwah Stormwater Drainage Upgrade,6935385,2207222,90126387,54317842,-35808545
2026-07-01,JED-PROJ-097,Northern Jeddah Al Marwah Stormwater Drainage Upgrade,6924180,7013814,97050567,61331656,-35718911
2026-08-01,JED-PROJ-097,Northern Jeddah Al Marwah Stormwater Drainage Upgrade,6935385,2711411,103985952,64043067,-39942885
2026-09-01,JED-PROJ-097,Northern Jeddah Al Marwah Stormwater Drainage Upgrade,6935384,36218794,110921336,100261861,-10659475
2024-03-12,JED-PROJ-098,Southern Jeddah Al Balad Drainage Network Expansion,0,808623,0,808623,808623
2024-04-01,JED-PROJ-098,Southern Jeddah Al Balad Drainage Network Expansion,3134551,3343521,3134551,4152144,1017593
2024-05-01,JED-PROJ-098,Southern Jeddah Al Balad Drainage Network Expansion,3134551,2625754,6269102,6777898,508796
2024-06-01,JED-PROJ-098,Southern Jeddah Al Balad Drainage Network Expansion,3125465,1408277,9394567,8186175,-1208392
2024-07-01,JED-PROJ-098,Southern Jeddah Al Balad Drainage Network Expansion,3134551,3815975,12529118,12002150,-526968
2024-08-01,JED-PROJ-098,Southern Jeddah Al Balad Drainage Network Expansion,3134551,5060709,15663669,17062859,1399190
2024-09-01,JED-PROJ-098,Southern Jeddah Al Balad Drainage Network Expansion,3134550,835881,18798219,17898740,-899479
2024-10-01,JED-PROJ-098,Southern Jeddah Al Balad Drainage Network Expansion,3134551,3616090,21932770,21514830,-417940
2024-11-01,JED-PROJ-098,Southern Jeddah Al Balad Drainage Network Expansion,3134551,3325350,25067321,24840180,-227141
2024-12-01,JED-PROJ-098,Southern Jeddah Al Balad Drainage Network Expansion,3125465,3161807,28192786,28001987,-190799
2025-01-01,JED-PROJ-098,Southern Jeddah Al Balad Drainage Network Expansion,3134551,3697862,31327337,31699849,372512
2025-02-01,JED-PROJ-098,Southern Jeddah Al Balad Drainage Network Expansion,3134551,4215744,34461888,35915593,1453705
2025-03-01,JED-PROJ-098,Southern Jeddah Al Balad Drainage Network Expansion,3134551,835880,37596439,36751473,-844966
2025-04-01,JED-PROJ-098,Southern Jeddah Al Balad Drainage Network Expansion,3134551,2734782,40730990,39486255,-1244735
2025-05-01,JED-PROJ-098,Southern Jeddah Al Balad Drainage Network Expansion,3134550,3388949,43865540,42875204,-990336
2025-06-01,JED-PROJ-098,Southern Jeddah Al Balad Drainage Network Expansion,3125466,5387793,46991006,48262997,1271991
2025-07-01,JED-PROJ-098,Southern Jeddah Al Balad Drainage Network Expansion,3134550,2344099,50125556,50607096,481540
2025-08-01,JED-PROJ-098,Southern Jeddah Al Balad Drainage Network Expansion,3134551,1953416,53260107,52560512,-699595
2025-09-01,JED-PROJ-098,Southern Jeddah Al Balad Drainage Network Expansion,3134551,4869911,56394658,57430423,1035765
2025-10-01,JED-PROJ-098,Southern Jeddah Al Balad Drainage Network Expansion,3134551,3279921,59529209,60710344,1181135
2025-11-01,JED-PROJ-098,Southern Jeddah Al Balad Drainage Network Expansion,3134551,3080037,62663760,63790381,1126621
2025-12-01,JED-PROJ-098,Southern Jeddah Al Balad Drainage Network Expansion,3125465,3370778,65789225,67161159,1371934
2026-01-01,JED-PROJ-098,Southern Jeddah Al Balad Drainage Network Expansion,3134551,953994,68923776,68115153,-808623
2026-02-01,JED-PROJ-098,Southern Jeddah Al Balad Drainage Network Expansion,3134551,4779054,72058327,72894207,835880
2026-03-01,JED-PROJ-098,Southern Jeddah Al Balad Drainage Network Expansion,3134550,2171471,75192877,75065678,-127199
2026-04-01,JED-PROJ-098,Southern Jeddah Al Balad Drainage Network Expansion,3134551,4379286,78327428,79444964,1117536
2026-05-01,JED-PROJ-098,Southern Jeddah Al Balad Drainage Network Expansion,3134551,2762039,81461979,82207003,745024
2026-06-01,JED-PROJ-098,Southern Jeddah Al Balad Drainage Network Expansion,3125465,3289007,84587444,85496010,908566
2026-07-01,JED-PROJ-098,Southern Jeddah Al Balad Drainage Network Expansion,3134551,2734782,87721995,88230792,508797
2026-08-01,JED-PROJ-098,Southern Jeddah Al Balad Drainage Network Expansion,3134551,6490104,90856546,94720896,3864350
2022-03-07,JED-PROJ-099,Eastern Jeddah Al Safa Runoff Management Improvement,0,35601,0,35601,35601
2022-04-01,JED-PROJ-099,Eastern Jeddah Al Safa Runoff Management Improvement,600768,954554,600768,990155,389387
2022-05-01,JED-PROJ-099,Eastern Jeddah Al Safa Runoff Management Improvement,602993,562941,1203761,1553096,349335
2022-06-01,JED-PROJ-099,Eastern Jeddah Al Safa Runoff Management Improvement,600768,0,1804529,1553096,-251433
2022-07-01,JED-PROJ-099,Eastern Jeddah Al Safa Runoff Management Improvement,600768,582968,2405297,2136064,-269233
2022-08-01,JED-PROJ-099,Eastern Jeddah Al Safa Runoff Management Improvement,600768,576292,3006065,2712356,-293709
2022-09-01,JED-PROJ-099,Eastern Jeddah Al Safa Runoff Management Improvement,602993,1076932,3609058,3789288,180230
2022-10-01,JED-PROJ-099,Eastern Jeddah Al Safa Runoff Management Improvement,600768,674195,4209826,4463483,253657
2022-11-01,JED-PROJ-099,Eastern Jeddah Al Safa Runoff Management Improvement,600768,117929,4810594,4581412,-229182
2022-12-01,JED-PROJ-099,Eastern Jeddah Al Safa Runoff Management Improvement,600767,836625,5411361,5418037,6676
2023-01-01,JED-PROJ-099,Eastern Jeddah Al Safa Runoff Management Improvement,602993,867776,6014354,6285813,271459
2023-02-01,JED-PROJ-099,Eastern Jeddah Al Safa Runoff Management Improvement,600768,516215,6615122,6802028,186906
2023-03-01,JED-PROJ-099,Eastern Jeddah Al Safa Runoff Management Improvement,600768,447238,7215890,7249266,33376
2023-04-01,JED-PROJ-099,Eastern Jeddah Al Safa Runoff Management Improvement,602993,640819,7818883,7890085,71202
2023-05-01,JED-PROJ-099,Eastern Jeddah Al Safa Runoff Management Improvement,600768,536241,8419651,8426326,6675
2023-06-01,JED-PROJ-099,Eastern Jeddah Al Safa Runoff Management Improvement,600768,431663,9020419,8857989,-162430
2023-07-01,JED-PROJ-099,Eastern Jeddah Al Safa Runoff Management Improvement,600768,816600,9621187,9674589,53402
2023-08-01,JED-PROJ-099,Eastern Jeddah Al Safa Runoff Management Improvement,602993,700896,10224180,10375485,151305
2023-09-01,JED-PROJ-099,Eastern Jeddah Al Safa Runoff Management Improvement,600768,747622,10824948,11123107,298159
2023-10-01,JED-PROJ-099,Eastern Jeddah Al Safa Runoff Management Improvement,600768,411637,11425716,11534744,109028
2023-11-01,JED-PROJ-099,Eastern Jeddah Al Safa Runoff Management Improvement,600768,700896,12026484,12235640,209156
2023-12-01,JED-PROJ-099,Eastern Jeddah Al Safa Runoff Management Improvement,602993,120154,12629477,12355794,-273683
2024-01-01,JED-PROJ-099,Eastern Jeddah Al Safa Runoff Management Improvement,600768,843300,13230245,13199094,-31151
2024-02-01,JED-PROJ-099,Eastern Jeddah Al Safa Runoff Management Improvement,600768,240307,13831013,13439401,-391612
2024-03-01,JED-PROJ-099,Eastern Jeddah Al Safa Runoff Management Improvement,600768,789899,14431781,14229300,-202481
2024-04-01,JED-PROJ-099,Eastern Jeddah Al Safa Runoff Management Improvement,602993,985704,15034774,15215004,180230
2024-05-01,JED-PROJ-099,Eastern Jeddah Al Safa Runoff Management Improvement,600768,814374,15635542,16029378,393836
2024-06-01,JED-PROJ-099,Eastern Jeddah Al Safa Runoff Management Improvement,600768,0,16236310,16029378,-206932
2024-07-01,JED-PROJ-099,Eastern Jeddah Al Safa Runoff Management Improvement,602993,729822,16839303,16759200,-80103
2024-08-01,JED-PROJ-099,Eastern Jeddah Al Safa Runoff Management Improvement,600767,921178,17440070,17680378,240308
2024-09-01,JED-PROJ-099,Eastern Jeddah Al Safa Runoff Management Improvement,600768,124603,18040838,17804981,-235857
2024-10-01,JED-PROJ-099,Eastern Jeddah Al Safa Runoff Management Improvement,600768,881127,18641606,18686108,44502
2024-11-01,JED-PROJ-099,Eastern Jeddah Al Safa Runoff Management Improvement,602993,745397,19244599,19431505,186906
2024-12-01,JED-PROJ-099,Eastern Jeddah Al Safa Runoff Management Improvement,600768,507315,19845367,19938820,93453
2025-01-01,JED-PROJ-099,Eastern Jeddah Al Safa Runoff Management Improvement,600768,258108,20446135,20196928,-249207
2025-02-01,JED-PROJ-099,Eastern Jeddah Al Safa Runoff Management Improvement,600768,734272,21046903,20931200,-115703
2025-03-01,JED-PROJ-099,Eastern Jeddah Al Safa Runoff Management Improvement,602993,945653,21649896,21876853,226957
2025-04-01,JED-PROJ-099,Eastern Jeddah Al Safa Runoff Management Improvement,600768,2128398,22250664,24005251,1754587
2025-04-27,JED-PROJ-100,Western Jeddah Al Khalidiyah Drainage Network Expansion,0,0,0,0,0
2025-05-01,JED-PROJ-100,Western Jeddah Al Khalidiyah Drainage Network Expansion,973250,1427639,973250,1427639,454389
2025-06-01,JED-PROJ-100,Western Jeddah Al Khalidiyah Drainage Network Expansion,973251,340791,1946501,1768430,-178071
2025-07-01,JED-PROJ-100,Western Jeddah Al Khalidiyah Drainage Network Expansion,973250,1925010,2919751,3693440,773689
2025-08-01,JED-PROJ-100,Western Jeddah Al Khalidiyah Drainage Network Expansion,973251,540353,3893002,4233793,340791
2025-09-01,JED-PROJ-100,Western Jeddah Al Khalidiyah Drainage Network Expansion,970180,1974133,4863182,6207926,1344744
2025-10-01,JED-PROJ-100,Western Jeddah Al Khalidiyah Drainage Network Expansion,973251,488160,5836433,6696086,859653
2025-11-01,JED-PROJ-100,Western Jeddah Al Khalidiyah Drainage Network Expansion,973250,1096058,6809683,7792144,982461
2025-12-01,JED-PROJ-100,Western Jeddah Al Khalidiyah Drainage Network Expansion,973251,942549,7782934,8734693,951759
2026-01-01,JED-PROJ-100,Western Jeddah Al Khalidiyah Drainage Network Expansion,973250,1314041,8756184,10048734,1292550
2026-02-01,JED-PROJ-100,Western Jeddah Al Khalidiyah Drainage Network Expansion,973251,1771501,9729435,11820235,2090800
2026-03-01,JED-PROJ-100,Western Jeddah Al Khalidiyah Drainage Network Expansion,973250,1274129,10702685,13094364,2391679
2026-04-01,JED-PROJ-100,Western Jeddah Al Khalidiyah Drainage Network Expansion,973251,445177,11675936,13539541,1863605
2026-05-01,JED-PROJ-100,Western Jeddah Al Khalidiyah Drainage Network Expansion,970180,1231147,12646116,14770688,2124572
2026-06-01,JED-PROJ-100,Western Jeddah Al Khalidiyah Drainage Network Expansion,973250,1442990,13619366,16213678,2594312
2026-07-01,JED-PROJ-100,Western Jeddah Al Khalidiyah Drainage Network Expansion,973251,1320182,14592617,17533860,2941243
2026-08-01,JED-PROJ-100,Western Jeddah Al Khalidiyah Drainage Network Expansion,973250,816670,15565867,18350530,2784663
2026-09-01,JED-PROJ-100,Western Jeddah Al Khalidiyah Drainage Network Expansion,973251,4388230,16539118,22738760,6199642
2026-02-26,JED-PROJ-101,Central Jeddah Al Rawdah Distribution Network Enhancement,0,0,0,0,0
2026-03-01,JED-PROJ-101,Central Jeddah Al Rawdah Distribution Network Enhancement,1159748,327956,1159748,327956,-831792
2026-04-01,JED-PROJ-101,Central Jeddah Al Rawdah Distribution Network Enhancement,1158426,0,2318174,327956,-1990218
2026-05-01,JED-PROJ-101,Central Jeddah Al Rawdah Distribution Network Enhancement,1159749,435071,3477923,763027,-2714896
2026-06-01,JED-PROJ-101,Central Jeddah Al Rawdah Distribution Network Enhancement,1158425,109760,4636348,872787,-3763561
2026-07-01,JED-PROJ-101,Central Jeddah Al Rawdah Distribution Network Enhancement,1159749,444327,5796097,1317114,-4478983
2026-08-01,JED-PROJ-101,Central Jeddah Al Rawdah Distribution Network Enhancement,1158426,0,6954523,1317114,-5637409
2026-09-01,JED-PROJ-101,Central Jeddah Al Rawdah Distribution Network Enhancement,1159748,6748118,8114271,8065232,-49039
2026-03-06,JED-PROJ-102,Corniche Mishrifah Service Diversion Project,0,0,0,0,0
2026-04-01,JED-PROJ-102,Corniche Mishrifah Service Diversion Project,5039899,2705031,5039899,2705031,-2334868
2026-05-01,JED-PROJ-102,Corniche Mishrifah Service Diversion Project,5039899,237283,10079798,2942314,-7137484
2026-06-01,JED-PROJ-102,Corniche Mishrifah Service Diversion Project,5039899,3976869,15119697,6919183,-8200514
2026-07-01,JED-PROJ-102,Corniche Mishrifah Service Diversion Project,5049391,2154534,20169088,9073717,-11095371
2026-08-01,JED-PROJ-102,Corniche Mishrifah Service Diversion Project,5039899,2211481,25208987,11285198,-13923789
2026-09-01,JED-PROJ-102,Corniche Mishrifah Service Diversion Project,5039899,25087990,30248886,36373188,6124302
2025-03-10,JED-PROJ-103,Airport District Al Jamiah Underground Utility Development,0,216880,0,216880,216880
2025-04-01,JED-PROJ-103,Airport District Al Jamiah Underground Utility Development,1724875,2036640,1724875,2253520,528645
2025-05-01,JED-PROJ-103,Airport District Al Jamiah Underground Utility Development,1721486,1226729,3446361,3480249,33888
2025-06-01,JED-PROJ-103,Airport District Al Jamiah Underground Utility Development,1724875,2561896,5171236,6042145,870909
2025-07-01,JED-PROJ-103,Airport District Al Jamiah Underground Utility Development,1721486,1480885,6892722,7523030,630308
2025-08-01,JED-PROJ-103,Airport District Al Jamiah Underground Utility Development,1724875,1369056,8617597,8892086,274489
2025-09-01,JED-PROJ-103,Airport District Al Jamiah Underground Utility Development,1724875,1857036,10342472,10749122,406650
2025-10-01,JED-PROJ-103,Airport District Al Jamiah Underground Utility Development,1721486,2216244,12063958,12965366,901408
2025-11-01,JED-PROJ-103,Airport District Al Jamiah Underground Utility Development,1724875,2433124,13788833,15398490,1609657
2025-12-01,JED-PROJ-103,Airport District Al Jamiah Underground Utility Development,1724875,1785872,15513708,17184362,1670654
2026-01-01,JED-PROJ-103,Airport District Al Jamiah Underground Utility Development,1721486,1982420,17235194,19166782,1931588
2026-02-01,JED-PROJ-103,Airport District Al Jamiah Underground Utility Development,1724875,1548660,18960069,20715442,1755373
2026-03-01,JED-PROJ-103,Airport District Al Jamiah Underground Utility Development,1721486,1785873,20681555,22501315,1819760
2026-04-01,JED-PROJ-103,Airport District Al Jamiah Underground Utility Development,1724875,1524938,22406430,24026253,1619823
2026-05-01,JED-PROJ-103,Airport District Al Jamiah Underground Utility Development,1724874,2101026,24131304,26127279,1995975
2026-06-01,JED-PROJ-103,Airport District Al Jamiah Underground Utility Development,1721487,2012919,25852791,28140198,2287407
2026-07-01,JED-PROJ-103,Airport District Al Jamiah Underground Utility Development,1724874,1460552,27577665,29600750,2023085
2026-08-01,JED-PROJ-103,Airport District Al Jamiah Underground Utility Development,1721487,2040029,29299152,31640779,2341627
2026-09-01,JED-PROJ-103,Airport District Al Jamiah Underground Utility Development,1724874,3356068,31024026,34996847,3972821
2024-03-13,JED-PROJ-104,Obhur Al Ajwad Service Diversion Project,0,562455,0,562455,562455
2024-04-01,JED-PROJ-104,Obhur Al Ajwad Service Diversion Project,6014960,6636969,6014960,7199424,1184464
2024-05-01,JED-PROJ-104,Obhur Al Ajwad Service Diversion Project,6014961,5862767,12029921,13062191,1032270
2024-06-01,JED-PROJ-104,Obhur Al Ajwad Service Diversion Project,6014960,5326780,18044881,18388971,344090
2024-07-01,JED-PROJ-104,Obhur Al Ajwad Service Diversion Project,6014960,5485591,24059841,23874562,-185279
2024-08-01,JED-PROJ-104,Obhur Al Ajwad Service Diversion Project,6014960,6524478,30074801,30399040,324239
2024-09-01,JED-PROJ-104,Obhur Al Ajwad Service Diversion Project,6021578,6372285,36096379,36771325,674946
2024-10-01,JED-PROJ-104,Obhur Al Ajwad Service Diversion Project,6014960,4426852,42111339,41198177,-913162
2024-11-01,JED-PROJ-104,Obhur Al Ajwad Service Diversion Project,6014960,6709757,48126299,47907934,-218365
2024-12-01,JED-PROJ-104,Obhur Al Ajwad Service Diversion Project,6014960,7040614,54141259,54948548,807289
2025-01-01,JED-PROJ-104,Obhur Al Ajwad Service Diversion Project,6014961,4929753,60156220,59878301,-277919
2025-02-01,JED-PROJ-104,Obhur Al Ajwad Service Diversion Project,6014960,5111528,66171180,64989829,-1181351
2027-08-23,JED-PROJ-105,Al Balad Al Rowais Water & Sewer Infrastructure Renewal,0,11835759,0,11835759,11835759
2026-01-31,JED-PROJ-106,King Abdulaziz Road Obhur Distribution Network Enhancement,0,0,0,0,0
2026-02-01,JED-PROJ-106,King Abdulaziz Road Obhur Distribution Network Enhancement,1274294,1422916,1274294,1422916,148622
2026-03-01,JED-PROJ-106,King Abdulaziz Road Obhur Distribution Network Enhancement,1277046,1282550,2551340,2705466,154126
2026-04-01,JED-PROJ-106,King Abdulaziz Road Obhur Distribution Network Enhancement,1274294,1585299,3825634,4290765,465131
2026-05-01,JED-PROJ-106,King Abdulaziz Road Obhur Distribution Network Enhancement,1277046,2388957,5102680,6679722,1577042
2026-06-01,JED-PROJ-106,King Abdulaziz Road Obhur Distribution Network Enhancement,1274294,1034848,6376974,7714570,1337596
2026-07-01,JED-PROJ-106,King Abdulaziz Road Obhur Distribution Network Enhancement,1274294,1830249,7651268,9544819,1893551
2026-08-01,JED-PROJ-106,King Abdulaziz Road Obhur Distribution Network Enhancement,1277046,1370623,8928314,10915442,1987128
2026-09-01,JED-PROJ-106,King Abdulaziz Road Obhur Distribution Network Enhancement,1274294,9154621,10202608,20070063,9867455
2024-08-04,JED-PROJ-107,Prince Majed Corridor Al Zahra Utility Network Upgrade,0,0,0,0,0
2024-09-01,JED-PROJ-107,Prince Majed Corridor Al Zahra Utility Network Upgrade,1932138,1222078,1932138,1222078,-710060
2024-10-01,JED-PROJ-107,Prince Majed Corridor Al Zahra Utility Network Upgrade,1932139,2110861,3864277,3332939,-531338
2024-11-01,JED-PROJ-107,Prince Majed Corridor Al Zahra Utility Network Upgrade,1932138,1289702,5796415,4622641,-1173774
2024-12-01,JED-PROJ-107,Prince Majed Corridor Al Zahra Utility Network Upgrade,1932138,198044,7728553,4820685,-2907868
2025-01-01,JED-PROJ-107,Prince Majed Corridor Al Zahra Utility Network Upgrade,1932139,2415173,9660692,7235858,-2424834
2025-02-01,JED-PROJ-107,Prince Majed Corridor Al Zahra Utility Network Upgrade,1932138,743873,11592830,7979731,-3613099
2025-03-01,JED-PROJ-107,Prince Majed Corridor Al Zahra Utility Network Upgrade,1932139,1386310,13524969,9366041,-4158928
2025-04-01,JED-PROJ-107,Prince Majed Corridor Al Zahra Utility Network Upgrade,1932138,734212,15457107,10100253,-5356854
2025-05-01,JED-PROJ-107,Prince Majed Corridor Al Zahra Utility Network Upgrade,1932138,1251060,17389245,11351313,-6037932
2025-06-01,JED-PROJ-107,Prince Majed Corridor Al Zahra Utility Network Upgrade,1932139,2463476,19321384,13814789,-5506595
2025-07-01,JED-PROJ-107,Prince Majed Corridor Al Zahra Utility Network Upgrade,1932138,941918,21253522,14756707,-6496815
2025-08-01,JED-PROJ-107,Prince Majed Corridor Al Zahra Utility Network Upgrade,1932138,1236568,23185660,15993275,-7192385
2025-09-01,JED-PROJ-107,Prince Majed Corridor Al Zahra Utility Network Upgrade,1932139,1854853,25117799,17848128,-7269671
2025-10-01,JED-PROJ-107,Prince Majed Corridor Al Zahra Utility Network Upgrade,1932138,1400800,27049937,19248928,-7801009
2025-11-01,JED-PROJ-107,Prince Majed Corridor Al Zahra Utility Network Upgrade,1932138,289821,28982075,19538749,-9443326
2025-12-01,JED-PROJ-107,Prince Majed Corridor Al Zahra Utility Network Upgrade,1932139,2125352,30914214,21664101,-9250113
2026-01-01,JED-PROJ-107,Prince Majed Corridor Al Zahra Utility Network Upgrade,1932138,516847,32846352,22180948,-10665404
2026-02-01,JED-PROJ-107,Prince Majed Corridor Al Zahra Utility Network Upgrade,1932138,2415173,34778490,24596121,-10182369
2026-03-01,JED-PROJ-107,Prince Majed Corridor Al Zahra Utility Network Upgrade,1932139,1173774,36710629,25769895,-10940734
2026-04-01,JED-PROJ-107,Prince Majed Corridor Al Zahra Utility Network Upgrade,1932138,1864514,38642767,27634409,-11008358
2026-05-01,JED-PROJ-107,Prince Majed Corridor Al Zahra Utility Network Upgrade,1932139,0,40574906,27634409,-12940497
2026-06-01,JED-PROJ-107,Prince Majed Corridor Al Zahra Utility Network Upgrade,1932138,1120640,42507044,28755049,-13751995
2026-07-01,JED-PROJ-107,Prince Majed Corridor Al Zahra Utility Network Upgrade,1932138,1734094,44439182,30489143,-13950039
2026-08-01,JED-PROJ-107,Prince Majed Corridor Al Zahra Utility Network Upgrade,1932139,1304194,46371321,31793337,-14577984
2026-09-01,JED-PROJ-107,Prince Majed Corridor Al Zahra Utility Network Upgrade,1932138,6127268,48303459,37920605,-10382854
2026-06-27,JED-PROJ-108,Haramain Gateway Al Rehab Underground Utility Development,0,2125296,0,2125296,2125296
2026-07-01,JED-PROJ-108,Haramain Gateway Al Rehab Underground Utility Development,8486628,0,8486628,2125296,-6361332
2026-08-01,JED-PROJ-108,Haramain Gateway Al Rehab Underground Utility Development,8472072,3158831,16958700,5284127,-11674573
2026-09-01,JED-PROJ-108,Haramain Gateway Al Rehab Underground Utility Development,8486628,27475383,25445328,32759510,7314182
2025-02-18,JED-PROJ-109,Northern Jeddah Al Rawabi Substation Access Improvement,0,0,0,0,0
2025-03-01,JED-PROJ-109,Northern Jeddah Al Rawabi Substation Access Improvement,988252,1129078,988252,1129078,140826
2025-04-01,JED-PROJ-109,Northern Jeddah Al Rawabi Substation Access Improvement,985782,249534,1974034,1378612,-595422
2025-05-01,JED-PROJ-109,Northern Jeddah Al Rawabi Substation Access Improvement,988252,1257550,2962286,2636162,-326124
2025-06-01,JED-PROJ-109,Northern Jeddah Al Rawabi Substation Access Improvement,988252,479303,3950538,3115465,-835073
2025-07-01,JED-PROJ-109,Northern Jeddah Al Rawabi Substation Access Improvement,988252,909192,4938790,4024657,-914133
2025-08-01,JED-PROJ-109,Northern Jeddah Al Rawabi Substation Access Improvement,985781,1633086,5924571,5657743,-266828
2025-09-01,JED-PROJ-109,Northern Jeddah Al Rawabi Substation Access Improvement,988252,200121,6912823,5857864,-1054959
2025-10-01,JED-PROJ-109,Northern Jeddah Al Rawabi Substation Access Improvement,988252,1232845,7901075,7090709,-810366
2025-11-01,JED-PROJ-109,Northern Jeddah Al Rawabi Substation Access Improvement,988252,775778,8889327,7866487,-1022840
2025-12-01,JED-PROJ-109,Northern Jeddah Al Rawabi Substation Access Improvement,985782,825190,9875109,8691677,-1183432
2026-01-01,JED-PROJ-109,Northern Jeddah Al Rawabi Substation Access Improvement,988252,1373670,10863361,10065347,-798014
2026-02-01,JED-PROJ-109,Northern Jeddah Al Rawabi Substation Access Improvement,988252,103767,11851613,10169114,-1682499
2026-03-01,JED-PROJ-109,Northern Jeddah Al Rawabi Substation Access Improvement,988252,1452730,12839865,11621844,-1218021
2026-04-01,JED-PROJ-109,Northern Jeddah Al Rawabi Substation Access Improvement,985782,1148844,13825647,12770688,-1054959
2026-05-01,JED-PROJ-109,Northern Jeddah Al Rawabi Substation Access Improvement,988252,523773,14813899,13294461,-1519438
2026-06-01,JED-PROJ-109,Northern Jeddah Al Rawabi Substation Access Improvement,988252,1218021,15802151,14512482,-1289669
2026-07-01,JED-PROJ-109,Northern Jeddah Al Rawabi Substation Access Improvement,988252,96354,16790403,14608836,-2181567
2026-08-01,JED-PROJ-109,Northern Jeddah Al Rawabi Substation Access Improvement,985781,1208139,17776184,15816975,-1959209
2026-09-01,JED-PROJ-109,Northern Jeddah Al Rawabi Substation Access Improvement,988252,6373664,18764436,22190639,3426203
2025-12-22,JED-PROJ-110,Southern Jeddah Al Waha Distribution Network Enhancement,0,144579,0,144579,144579
2026-01-01,JED-PROJ-110,Southern Jeddah Al Waha Distribution Network Enhancement,1707073,2133841,1707073,2278420,571347
2026-02-01,JED-PROJ-110,Southern Jeddah Al Waha Distribution Network Enhancement,1708815,1522430,3415888,3800850,384962
2026-03-01,JED-PROJ-110,Southern Jeddah Al Waha Distribution Network Enhancement,1707073,2226163,5122961,6027013,904052
2026-04-01,JED-PROJ-110,Southern Jeddah Al Waha Distribution Network Enhancement,1708815,1689654,6831776,7716667,884891
2026-05-01,JED-PROJ-110,Southern Jeddah Al Waha Distribution Network Enhancement,1707073,2207002,8538849,9923669,1384820
2026-06-01,JED-PROJ-110,Southern Jeddah Al Waha Distribution Network Enhancement,1708815,1912618,10247664,11836287,1588623
2026-07-01,JED-PROJ-110,Southern Jeddah Al Waha Distribution Network Enhancement,1707073,2295839,11954737,14132126,2177389
2026-08-01,JED-PROJ-110,Southern Jeddah Al Waha Distribution Network Enhancement,1708815,1747137,13663552,15879263,2215711
2026-09-01,JED-PROJ-110,Southern Jeddah Al Waha Distribution Network Enhancement,1707073,3341855,15370625,19221118,3850493
2026-06-23,JED-PROJ-111,Eastern Jeddah Al Samer Underground Utility Development,0,0,0,0,0
2026-07-01,JED-PROJ-111,Eastern Jeddah Al Samer Underground Utility Development,1032260,127966,1032260,127966,-904294
2026-08-01,JED-PROJ-111,Eastern Jeddah Al Samer Underground Utility Development,1032259,560207,2064519,688173,-1376346
2026-09-01,JED-PROJ-111,Eastern Jeddah Al Samer Underground Utility Development,1032260,6035245,3096779,6723418,3626639
2025-04-08,JED-PROJ-112,Western Jeddah Al Sanabel Underground Utility Development,0,246165,0,246165,246165
2025-05-01,JED-PROJ-112,Western Jeddah Al Sanabel Underground Utility Development,1137050,564618,1137050,810783,-326267
2025-06-01,JED-PROJ-112,Western Jeddah Al Sanabel Underground Utility Development,1139004,740450,2276054,1551233,-724821
2025-07-01,JED-PROJ-112,Western Jeddah Al Sanabel Underground Utility Development,1137050,480609,3413104,2031842,-1381262
2025-08-01,JED-PROJ-112,Western Jeddah Al Sanabel Underground Utility Development,1137050,1291392,4550154,3323234,-1226920
2025-09-01,JED-PROJ-112,Western Jeddah Al Sanabel Underground Utility Development,1139003,670117,5689157,3993351,-1695806
2025-10-01,JED-PROJ-112,Western Jeddah Al Sanabel Underground Utility Development,1137050,306730,6826207,4300081,-2526126
2025-11-01,JED-PROJ-112,Western Jeddah Al Sanabel Underground Utility Development,1137050,1219105,7963257,5519186,-2444071
2025-12-01,JED-PROJ-112,Western Jeddah Al Sanabel Underground Utility Development,1139004,650580,9102261,6169766,-2932495
2026-01-01,JED-PROJ-112,Western Jeddah Al Sanabel Underground Utility Development,1137050,443489,10239311,6613255,-3626056
2026-02-01,JED-PROJ-112,Western Jeddah Al Sanabel Underground Utility Development,1139003,1031550,11378314,7644805,-3733509
2026-03-01,JED-PROJ-112,Western Jeddah Al Sanabel Underground Utility Development,1137050,787339,12515364,8432144,-4083220
2026-04-01,JED-PROJ-112,Western Jeddah Al Sanabel Underground Utility Development,1137050,543127,13652414,8975271,-4677143
2026-05-01,JED-PROJ-112,Western Jeddah Al Sanabel Underground Utility Development,1139004,1314836,14791418,10290107,-4501311
2026-06-01,JED-PROJ-112,Western Jeddah Al Sanabel Underground Utility Development,1137050,701376,15928468,10991483,-4936985
2026-07-01,JED-PROJ-112,Western Jeddah Al Sanabel Underground Utility Development,1137050,638858,17065518,11630341,-5435177
2026-08-01,JED-PROJ-112,Western Jeddah Al Sanabel Underground Utility Development,1139004,623228,18204522,12253569,-5950953
2026-09-01,JED-PROJ-112,Western Jeddah Al Sanabel Underground Utility Development,1137050,6337268,19341572,18590837,-750735
2025-06-14,JED-PROJ-113,Central Jeddah Al Kandarah Underground Utility Development,0,1173733,0,1173733,1173733
2025-07-01,JED-PROJ-113,Central Jeddah Al Kandarah Underground Utility Development,10281028,5542626,10281028,6716359,-3564669
2025-08-01,JED-PROJ-113,Central Jeddah Al Kandarah Underground Utility Development,10302764,2608294,20583792,9324653,-11259139
2025-09-01,JED-PROJ-113,Central Jeddah Al Kandarah Underground Utility Development,10281028,9889784,30864820,19214437,-11650383
2025-10-01,JED-PROJ-113,Central Jeddah Al Kandarah Underground Utility Development,10302763,8672580,41167583,27887017,-13280566
2025-11-01,JED-PROJ-113,Central Jeddah Al Kandarah Underground Utility Development,10281028,3651612,51448611,31538629,-19909982
2025-12-01,JED-PROJ-113,Central Jeddah Al Kandarah Underground Utility Development,10302764,3173425,61751375,34712054,-27039321
2026-01-01,JED-PROJ-113,Central Jeddah Al Kandarah Underground Utility Development,10281028,12128570,72032403,46840624,-25191779
2026-02-01,JED-PROJ-113,Central Jeddah Al Kandarah Underground Utility Development,10302763,1782335,82335166,48622959,-33712207
2026-03-01,JED-PROJ-113,Central Jeddah Al Kandarah Underground Utility Development,10281028,6825037,92616194,55447996,-37168198
2026-04-01,JED-PROJ-113,Central Jeddah Al Kandarah Underground Utility Development,10302764,5629569,102918958,61077565,-41841393
2026-05-01,JED-PROJ-113,Central Jeddah Al Kandarah Underground Utility Development,10281028,7672734,113199986,68750299,-44449687
2026-06-01,JED-PROJ-113,Central Jeddah Al Kandarah Underground Utility Development,10302764,9694161,123502750,78444460,-45058290
2026-07-01,JED-PROJ-113,Central Jeddah Al Kandarah Underground Utility Development,10281028,4521044,133783778,82965504,-50818274
2026-08-01,JED-PROJ-113,Central Jeddah Al Kandarah Underground Utility Development,10302763,3912442,144086541,86877946,-57208595
2026-09-01,JED-PROJ-113,Central Jeddah Al Kandarah Underground Utility Development,10281028,109363990,154367569,196241936,41874367
2026-10-21,JED-PROJ-114,Corniche Al Shati Utility Network Upgrade,0,19698347,0,19698347,19698347
2026-04-18,JED-PROJ-115,Airport District Al Naseem Underground Utility Development,0,0,0,0,0
2026-05-01,JED-PROJ-115,Airport District Al Naseem Underground Utility Development,4021804,0,4021804,0,-4021804
2026-06-01,JED-PROJ-115,Airport District Al Naseem Underground Utility Development,4012385,0,8034189,0,-8034189
2026-07-01,JED-PROJ-115,Airport District Al Naseem Underground Utility Development,4021804,0,12055993,0,-12055993
2026-08-01,JED-PROJ-115,Airport District Al Naseem Underground Utility Development,4012385,0,16068378,0,-16068378
2026-09-01,JED-PROJ-115,Airport District Al Naseem Underground Utility Development,4021804,21437558,20090182,21437558,1347376
2025-11-10,JED-PROJ-116,Obhur Al Faisaliyah Utility Network Upgrade,0,0,0,0,0
2025-12-01,JED-PROJ-116,Obhur Al Faisaliyah Utility Network Upgrade,7751904,10784478,7751904,10784478,3032574
2026-01-01,JED-PROJ-116,Obhur Al Faisaliyah Utility Network Upgrade,7769849,5760095,15521753,16544573,1022820
2026-02-01,JED-PROJ-116,Obhur Al Faisaliyah Utility Network Upgrade,7751904,7895458,23273657,24440031,1166374
2026-03-01,JED-PROJ-116,Obhur Al Faisaliyah Utility Network Upgrade,7751904,5598598,31025561,30038629,-986932
2026-04-01,JED-PROJ-116,Obhur Al Faisaliyah Utility Network Upgrade,7769849,11717577,38795410,41756206,2960796
2026-05-01,JED-PROJ-116,Obhur Al Faisaliyah Utility Network Upgrade,7751904,9223331,46547314,50979537,4432223
2026-06-01,JED-PROJ-116,Obhur Al Faisaliyah Utility Network Upgrade,7751904,5293546,54299218,56273083,1973865
2026-07-01,JED-PROJ-116,Obhur Al Faisaliyah Utility Network Upgrade,7751904,10694756,62051122,66967839,4916717
2026-08-01,JED-PROJ-116,Obhur Al Faisaliyah Utility Network Upgrade,7769849,9366885,69820971,76334724,6513753
2026-09-01,JED-PROJ-116,Obhur Al Faisaliyah Utility Network Upgrade,7751904,14049562,77572875,90384286,12811411
2026-04-01,JED-PROJ-117,Al Balad Al Manar Neighborhood Services Improvement,0,84060,0,84060,84060
2026-05-01,JED-PROJ-117,Al Balad Al Manar Neighborhood Services Improvement,7554935,0,7554935,84060,-7470875
2026-06-01,JED-PROJ-117,Al Balad Al Manar Neighborhood Services Improvement,7554935,0,15109870,84060,-15025810
2026-07-01,JED-PROJ-117,Al Balad Al Manar Neighborhood Services Improvement,7565443,0,22675313,84060,-22591253
2026-08-01,JED-PROJ-117,Al Balad Al Manar Neighborhood Services Improvement,7554935,0,30230248,84060,-30146188
2026-09-01,JED-PROJ-117,Al Balad Al Manar Neighborhood Services Improvement,7554935,13982525,37785183,14066585,-23718598
2025-03-07,JED-PROJ-118,King Abdulaziz Road Prince Fawaz Emergency Services Facility Enhancement,0,0,0,0,0
2025-04-01,JED-PROJ-118,King Abdulaziz Road Prince Fawaz Emergency Services Facility Enhancement,612589,578491,612589,578491,-34098
2025-05-01,JED-PROJ-118,King Abdulaziz Road Prince Fawaz Emergency Services Facility Enhancement,612589,239862,1225178,818353,-406825
2025-06-01,JED-PROJ-118,King Abdulaziz Road Prince Fawaz Emergency Services Facility Enhancement,611413,243389,1836591,1061742,-774849
2025-07-01,JED-PROJ-118,King Abdulaziz Road Prince Fawaz Emergency Services Facility Enhancement,612588,630226,2449179,1691968,-757211
2025-08-01,JED-PROJ-118,King Abdulaziz Road Prince Fawaz Emergency Services Facility Enhancement,612589,443274,3061768,2135242,-926526
2025-09-01,JED-PROJ-118,King Abdulaziz Road Prince Fawaz Emergency Services Facility Enhancement,612589,201061,3674357,2336303,-1338054
2025-10-01,JED-PROJ-118,King Abdulaziz Road Prince Fawaz Emergency Services Facility Enhancement,612589,631402,4286946,2967705,-1319241
2025-11-01,JED-PROJ-118,King Abdulaziz Road Prince Fawaz Emergency Services Facility Enhancement,612588,423285,4899534,3390990,-1508544
2025-12-01,JED-PROJ-118,King Abdulaziz Road Prince Fawaz Emergency Services Facility Enhancement,612589,135217,5512123,3526207,-1985916
2026-01-01,JED-PROJ-118,King Abdulaziz Road Prince Fawaz Emergency Services Facility Enhancement,611413,701949,6123536,4228156,-1895380
2026-02-01,JED-PROJ-118,King Abdulaziz Road Prince Fawaz Emergency Services Facility Enhancement,612589,44680,6736125,4272836,-2463289
2026-03-01,JED-PROJ-118,King Abdulaziz Road Prince Fawaz Emergency Services Facility Enhancement,612589,429165,7348714,4702001,-2646713
2026-04-01,JED-PROJ-118,King Abdulaziz Road Prince Fawaz Emergency Services Facility Enhancement,612589,393891,7961303,5095892,-2865411
2026-05-01,JED-PROJ-118,King Abdulaziz Road Prince Fawaz Emergency Services Facility Enhancement,612588,703125,8573891,5799017,-2774874
2026-06-01,JED-PROJ-118,King Abdulaziz Road Prince Fawaz Emergency Services Facility Enhancement,611413,301003,9185304,6100020,-3085284
2026-07-01,JED-PROJ-118,King Abdulaziz Road Prince Fawaz Emergency Services Facility Enhancement,612589,189303,9797893,6289323,-3508570
2026-08-01,JED-PROJ-118,King Abdulaziz Road Prince Fawaz Emergency Services Facility Enhancement,612589,524404,10410482,6813727,-3596755
2026-09-01,JED-PROJ-118,King Abdulaziz Road Prince Fawaz Emergency Services Facility Enhancement,612589,3924547,11023071,10738274,-284797
2023-06-08,JED-PROJ-119,Prince Majed Corridor Al Balad Neighborhood Services Improvement,0,0,0,0,0
2023-07-01,JED-PROJ-119,Prince Majed Corridor Al Balad Neighborhood Services Improvement,6574549,8480615,6574549,8480615,1906066
2023-08-01,JED-PROJ-119,Prince Majed Corridor Al Balad Neighborhood Services Improvement,6574548,6187811,13149097,14668426,1519329
2023-09-01,JED-PROJ-119,Prince Majed Corridor Al Balad Neighborhood Services Improvement,6588361,5082844,19737458,19751270,13812
2023-10-01,JED-PROJ-119,Prince Majed Corridor Al Balad Neighborhood Services Improvement,6574548,8881165,26312006,28632435,2320429
2023-11-01,JED-PROJ-119,Prince Majed Corridor Al Balad Neighborhood Services Improvement,6574549,3839758,32886555,32472193,-414362
2023-12-01,JED-PROJ-119,Prince Majed Corridor Al Balad Neighborhood Services Improvement,6574549,9392212,39461104,41864405,2403301
2024-01-01,JED-PROJ-119,Prince Majed Corridor Al Balad Neighborhood Services Improvement,6574548,5013784,46035652,46878189,842537
2024-02-01,JED-PROJ-119,Prince Majed Corridor Al Balad Neighborhood Services Improvement,6588361,6408804,52624013,53286993,662980
2024-03-01,JED-PROJ-119,Prince Majed Corridor Al Balad Neighborhood Services Improvement,6574549,4240307,59198562,57527300,-1671262
2024-04-01,JED-PROJ-119,Prince Majed Corridor Al Balad Neighborhood Services Improvement,6574548,10138065,65773110,67665365,1892255
2024-05-01,JED-PROJ-119,Prince Majed Corridor Al Balad Neighborhood Services Improvement,6574549,4323180,72347659,71988545,-359114
2024-06-01,JED-PROJ-119,Prince Majed Corridor Al Balad Neighborhood Services Improvement,6574548,5262401,78922207,77250946,-1671261
2024-07-01,JED-PROJ-119,Prince Majed Corridor Al Balad Neighborhood Services Improvement,6574549,5828697,85496756,83079643,-2417113
2024-08-01,JED-PROJ-119,Prince Majed Corridor Al Balad Neighborhood Services Improvement,6588361,9295527,92085117,92375170,290053
2024-09-01,JED-PROJ-119,Prince Majed Corridor Al Balad Neighborhood Services Improvement,6574548,6422616,98659665,98797786,138121
2024-10-01,JED-PROJ-119,Prince Majed Corridor Al Balad Neighborhood Services Improvement,6574549,7527582,105234214,106325368,1091154
2024-11-01,JED-PROJ-119,Prince Majed Corridor Al Balad Neighborhood Services Improvement,6574549,7430897,111808763,113756265,1947502
2024-12-01,JED-PROJ-119,Prince Majed Corridor Al Balad Neighborhood Services Improvement,6574548,2541422,118383311,116297687,-2085624
2025-01-01,JED-PROJ-119,Prince Majed Corridor Al Balad Neighborhood Services Improvement,6588361,9820387,124971672,126118074,1146402
2025-02-01,JED-PROJ-119,Prince Majed Corridor Al Balad Neighborhood Services Improvement,6574548,3867382,131546220,129985456,-1560764
2025-03-01,JED-PROJ-119,Prince Majed Corridor Al Balad Neighborhood Services Improvement,6574549,5499571,138120769,135485027,-2635742
2025-09-16,JED-PROJ-120,Haramain Gateway Al Khalidiyah Neighborhood Services Improvement,0,436338,0,436338,436338
2025-10-01,JED-PROJ-120,Haramain Gateway Al Khalidiyah Neighborhood Services Improvement,1825031,0,1825031,436338,-1388693
2025-11-01,JED-PROJ-120,Haramain Gateway Al Khalidiyah Neighborhood Services Improvement,1825031,0,3650062,436338,-3213724
2025-12-01,JED-PROJ-120,Haramain Gateway Al Khalidiyah Neighborhood Services Improvement,1821237,0,5471299,436338,-5034961
2026-01-01,JED-PROJ-120,Haramain Gateway Al Khalidiyah Neighborhood Services Improvement,1825031,0,7296330,436338,-6859992
2026-02-01,JED-PROJ-120,Haramain Gateway Al Khalidiyah Neighborhood Services Improvement,1825032,0,9121362,436338,-8685024
2026-03-01,JED-PROJ-120,Haramain Gateway Al Khalidiyah Neighborhood Services Improvement,1825031,0,10946393,436338,-10510055
2026-04-01,JED-PROJ-120,Haramain Gateway Al Khalidiyah Neighborhood Services Improvement,1825031,0,12771424,436338,-12335086
2026-05-01,JED-PROJ-120,Haramain Gateway Al Khalidiyah Neighborhood Services Improvement,1825031,0,14596455,436338,-14160117
2026-06-01,JED-PROJ-120,Haramain Gateway Al Khalidiyah Neighborhood Services Improvement,1825031,0,16421486,436338,-15985148
2026-07-01,JED-PROJ-120,Haramain Gateway Al Khalidiyah Neighborhood Services Improvement,1821237,0,18242723,436338,-17806385
2026-08-01,JED-PROJ-120,Haramain Gateway Al Khalidiyah Neighborhood Services Improvement,1825031,0,20067754,436338,-19631416
2026-09-01,JED-PROJ-120,Haramain Gateway Al Khalidiyah Neighborhood Services Improvement,1825032,17889778,21892786,18326116,-3566670
2026-03-25,JED-PROJ-121,Northern Jeddah Al Hamdaniyah Sports Facility Rehabilitation,0,1069101,0,1069101,1069101
2026-04-01,JED-PROJ-121,Northern Jeddah Al Hamdaniyah Sports Facility Rehabilitation,6597357,1014275,6597357,2083376,-4513981
2026-05-01,JED-PROJ-121,Northern Jeddah Al Hamdaniyah Sports Facility Rehabilitation,6597357,3856073,13194714,5939449,-7255265
2026-06-01,JED-PROJ-121,Northern Jeddah Al Hamdaniyah Sports Facility Rehabilitation,6597357,3070238,19792071,9009687,-10782384
2026-07-01,JED-PROJ-121,Northern Jeddah Al Hamdaniyah Sports Facility Rehabilitation,6597357,4075376,26389428,13085063,-13304365
2026-08-01,JED-PROJ-121,Northern Jeddah Al Hamdaniyah Sports Facility Rehabilitation,6597357,3728146,32986785,16813209,-16173576
2026-09-01,JED-PROJ-121,Northern Jeddah Al Hamdaniyah Sports Facility Rehabilitation,6597357,25445562,39584142,42258771,2674629
2024-04-04,JED-PROJ-122,Southern Jeddah Al Rawdah Public Facilities Upgrade,0,675769,0,675769,675769
2024-05-01,JED-PROJ-122,Southern Jeddah Al Rawdah Public Facilities Upgrade,4317412,2640504,4317412,3316273,-1001139
2024-06-01,JED-PROJ-122,Southern Jeddah Al Rawdah Public Facilities Upgrade,4317412,1564280,8634824,4880553,-3754271
2024-07-01,JED-PROJ-122,Southern Jeddah Al Rawdah Public Facilities Upgrade,4304898,4968152,12939722,9848705,-3091017
2024-08-01,JED-PROJ-122,Southern Jeddah Al Rawdah Public Facilities Upgrade,4317412,1101253,17257134,10949958,-6307176
2024-09-01,JED-PROJ-122,Southern Jeddah Al Rawdah Public Facilities Upgrade,4317412,5068267,21574546,16018225,-5556321
2024-10-01,JED-PROJ-122,Southern Jeddah Al Rawdah Public Facilities Upgrade,4317412,1213881,25891958,17232106,-8659852
2024-11-01,JED-PROJ-122,Southern Jeddah Al Rawdah Public Facilities Upgrade,4317412,488055,30209370,17720161,-12489209
2024-12-01,JED-PROJ-122,Southern Jeddah Al Rawdah Public Facilities Upgrade,4317412,5243466,34526782,22963627,-11563155
2025-01-01,JED-PROJ-122,Southern Jeddah Al Rawdah Public Facilities Upgrade,4304898,1188852,38831680,24152479,-14679201
2025-02-01,JED-PROJ-122,Southern Jeddah Al Rawdah Public Facilities Upgrade,4317412,4405012,43149092,28557491,-14591601
2025-03-01,JED-PROJ-122,Southern Jeddah Al Rawdah Public Facilities Upgrade,4317412,0,47466504,28557491,-18909013
2025-04-01,JED-PROJ-122,Southern Jeddah Al Rawdah Public Facilities Upgrade,4317412,3228673,51783916,31786164,-19997752
2025-05-01,JED-PROJ-122,Southern Jeddah Al Rawdah Public Facilities Upgrade,4317413,5844149,56101329,37630313,-18471016
2025-06-01,JED-PROJ-122,Southern Jeddah Al Rawdah Public Facilities Upgrade,4317412,0,60418741,37630313,-22788428
2025-07-01,JED-PROJ-122,Southern Jeddah Al Rawdah Public Facilities Upgrade,4304897,5456208,64723638,43086521,-21637117
2025-08-01,JED-PROJ-122,Southern Jeddah Al Rawdah Public Facilities Upgrade,4317412,262799,69041050,43349320,-25691730
2025-09-01,JED-PROJ-122,Southern Jeddah Al Rawdah Public Facilities Upgrade,4317413,4405012,73358463,47754332,-25604131
2025-10-01,JED-PROJ-122,Southern Jeddah Al Rawdah Public Facilities Upgrade,4317412,3003417,77675875,50757749,-26918126
2025-11-01,JED-PROJ-122,Southern Jeddah Al Rawdah Public Facilities Upgrade,4317412,1952221,81993287,52709970,-29283317
2025-12-01,JED-PROJ-122,Southern Jeddah Al Rawdah Public Facilities Upgrade,4317412,1839593,86310699,54549563,-31761136
2026-01-01,JED-PROJ-122,Southern Jeddah Al Rawdah Public Facilities Upgrade,4304898,2352677,90615597,56902240,-33713357
2026-02-01,JED-PROJ-122,Southern Jeddah Al Rawdah Public Facilities Upgrade,4317412,1964735,94933009,58866975,-36066034
2026-03-01,JED-PROJ-122,Southern Jeddah Al Rawdah Public Facilities Upgrade,4317412,3992042,99250421,62859017,-36391404
2026-04-01,JED-PROJ-122,Southern Jeddah Al Rawdah Public Facilities Upgrade,4317412,4342441,103567833,67201458,-36366375
2026-05-01,JED-PROJ-122,Southern Jeddah Al Rawdah Public Facilities Upgrade,4317412,4054613,107885245,71256071,-36629174
2026-06-01,JED-PROJ-122,Southern Jeddah Al Rawdah Public Facilities Upgrade,4317412,2465304,112202657,73721375,-38481282
2026-07-01,JED-PROJ-122,Southern Jeddah Al Rawdah Public Facilities Upgrade,4304898,2302620,116507555,76023995,-40483560
2026-08-01,JED-PROJ-122,Southern Jeddah Al Rawdah Public Facilities Upgrade,4317412,2865761,120824967,78889756,-41935211
2026-09-01,JED-PROJ-122,Southern Jeddah Al Rawdah Public Facilities Upgrade,4317412,61077636,125142379,139967392,14825013
2024-08-30,JED-PROJ-123,Eastern Jeddah Al Jamiah Emergency Services Facility Enhancement,0,0,0,0,0
2024-09-01,JED-PROJ-123,Eastern Jeddah Al Jamiah Emergency Services Facility Enhancement,929337,1189056,929337,1189056,259719
2024-10-01,JED-PROJ-123,Eastern Jeddah Al Jamiah Emergency Services Facility Enhancement,931103,779159,1860440,1968215,107775
2024-11-01,JED-PROJ-123,Eastern Jeddah Al Jamiah Emergency Services Facility Enhancement,929337,860432,2789777,2828647,38870
2024-12-01,JED-PROJ-123,Eastern Jeddah Al Jamiah Emergency Services Facility Enhancement,929337,643115,3719114,3471762,-247352
2025-01-01,JED-PROJ-123,Eastern Jeddah Al Jamiah Emergency Services Facility Enhancement,931103,1144886,4650217,4616648,-33569
2025-02-01,JED-PROJ-123,Eastern Jeddah Al Jamiah Emergency Services Facility Enhancement,929337,938171,5579554,5554819,-24735
2025-03-01,JED-PROJ-123,Eastern Jeddah Al Jamiah Emergency Services Facility Enhancement,929337,1185523,6508891,6740342,231451
2025-04-01,JED-PROJ-123,Eastern Jeddah Al Jamiah Emergency Services Facility Enhancement,931103,727921,7439994,7468263,28269
2025-05-01,JED-PROJ-123,Eastern Jeddah Al Jamiah Emergency Services Facility Enhancement,929337,825096,8369331,8293359,-75972
2025-06-01,JED-PROJ-123,Eastern Jeddah Al Jamiah Emergency Services Facility Enhancement,929337,1309198,9298668,9602557,303889
2025-07-01,JED-PROJ-123,Eastern Jeddah Al Jamiah Emergency Services Facility Enhancement,929337,378096,10228005,9980653,-247352
2025-08-01,JED-PROJ-123,Eastern Jeddah Al Jamiah Emergency Services Facility Enhancement,931103,1128985,11159108,11109638,-49470
2025-09-01,JED-PROJ-123,Eastern Jeddah Al Jamiah Emergency Services Facility Enhancement,929337,687285,12088445,11796923,-291522
2025-10-01,JED-PROJ-123,Eastern Jeddah Al Jamiah Emergency Services Facility Enhancement,929337,1374570,13017782,13171493,153711
2025-11-01,JED-PROJ-123,Eastern Jeddah Al Jamiah Emergency Services Facility Enhancement,931103,1042412,13948885,14213905,265020
2025-12-01,JED-PROJ-123,Eastern Jeddah Al Jamiah Emergency Services Facility Enhancement,929337,524740,14878222,14738645,-139577
2026-01-01,JED-PROJ-123,Eastern Jeddah Al Jamiah Emergency Services Facility Enhancement,929337,1296831,15807559,16035476,227917
2026-02-01,JED-PROJ-123,Eastern Jeddah Al Jamiah Emergency Services Facility Enhancement,931103,570676,16738662,16606152,-132510
2026-03-01,JED-PROJ-123,Eastern Jeddah Al Jamiah Emergency Services Facility Enhancement,929337,1338694,17667999,17944846,276847
2026-01-19,JED-PROJ-124,Western Jeddah Al Rabwah Public Facilities Upgrade,0,86558,0,86558,86558
2026-02-01,JED-PROJ-124,Western Jeddah Al Rabwah Public Facilities Upgrade,431841,141728,431841,228286,-203555
2026-03-01,JED-PROJ-124,Western Jeddah Al Rabwah Public Facilities Upgrade,431841,0,863682,228286,-635396
2026-04-01,JED-PROJ-124,Western Jeddah Al Rabwah Public Facilities Upgrade,431841,301528,1295523,529814,-765709
2026-05-01,JED-PROJ-124,Western Jeddah Al Rabwah Public Facilities Upgrade,431841,42803,1727364,572617,-1154747
2026-06-01,JED-PROJ-124,Western Jeddah Al Rabwah Public Facilities Upgrade,431841,0,2159205,572617,-1586588
2026-07-01,JED-PROJ-124,Western Jeddah Al Rabwah Public Facilities Upgrade,431841,282504,2591046,855121,-1735925
2026-08-01,JED-PROJ-124,Western Jeddah Al Rabwah Public Facilities Upgrade,431841,0,3022887,855121,-2167766
2026-09-01,JED-PROJ-124,Western Jeddah Al Rabwah Public Facilities Upgrade,431841,1553192,3454728,2408313,-1046415
2025-10-13,JED-PROJ-125,Central Jeddah Al Salamah Emergency Services Facility Enhancement,0,0,0,0,0
2025-11-01,JED-PROJ-125,Central Jeddah Al Salamah Emergency Services Facility Enhancement,818210,1073983,818210,1073983,255773
2025-12-01,JED-PROJ-125,Central Jeddah Al Salamah Emergency Services Facility Enhancement,819516,900423,1637726,1974406,336680
2026-01-01,JED-PROJ-125,Central Jeddah Al Salamah Emergency Services Facility Enhancement,818210,769927,2455936,2744333,288397
2026-02-01,JED-PROJ-125,Central Jeddah Al Salamah Emergency Services Facility Enhancement,818211,1045273,3274147,3789606,515459
2026-03-01,JED-PROJ-125,Central Jeddah Al Salamah Emergency Services Facility Enhancement,818210,870409,4092357,4660015,567658
2026-04-01,JED-PROJ-125,Central Jeddah Al Salamah Emergency Services Facility Enhancement,819515,1191429,4911872,5851444,939572
2026-05-01,JED-PROJ-125,Central Jeddah Al Salamah Emergency Services Facility Enhancement,818211,899118,5730083,6750562,1020479
2026-06-01,JED-PROJ-125,Central Jeddah Al Salamah Emergency Services Facility Enhancement,818210,1118352,6548293,7868914,1320621
2026-07-01,JED-PROJ-125,Central Jeddah Al Salamah Emergency Services Facility Enhancement,818211,835175,7366504,8704089,1337585
2026-08-01,JED-PROJ-125,Central Jeddah Al Salamah Emergency Services Facility Enhancement,819515,980025,8186019,9684114,1498095
2026-09-01,JED-PROJ-125,Central Jeddah Al Salamah Emergency Services Facility Enhancement,818211,0,9004230,9401608,397378
2026-02-10,JED-PROJ-126,Corniche Al Rowais Public Facilities Upgrade,0,0,0,0,0
2026-03-01,JED-PROJ-126,Corniche Al Rowais Public Facilities Upgrade,1058316,1335375,1058316,1335375,277059
2026-04-01,JED-PROJ-126,Corniche Al Rowais Public Facilities Upgrade,1058316,928523,2116632,2263898,147266
2026-05-01,JED-PROJ-126,Corniche Al Rowais Public Facilities Upgrade,1058316,808713,3174948,3072611,-102337
2026-06-01,JED-PROJ-126,Corniche Al Rowais Public Facilities Upgrade,1055820,906058,4230768,3978669,-252099
2026-07-01,JED-PROJ-126,Corniche Al Rowais Public Facilities Upgrade,1058316,1243023,5289084,5221692,-67392
2026-08-01,JED-PROJ-126,Corniche Al Rowais Public Facilities Upgrade,1058316,339459,6347400,5561151,-786249
2026-09-01,JED-PROJ-126,Corniche Al Rowais Public Facilities Upgrade,1058317,2827217,7405717,8388368,982651
2026-05-11,JED-PROJ-127,Airport District Al Basateen Neighborhood Services Improvement,0,0,0,0,0
2026-06-01,JED-PROJ-127,Airport District Al Basateen Neighborhood Services Improvement,6911344,7929079,6911344,7929079,1017735
2026-07-01,JED-PROJ-127,Airport District Al Basateen Neighborhood Services Improvement,6911345,4413268,13822689,12342347,-1480342
2026-08-01,JED-PROJ-127,Airport District Al Basateen Neighborhood Services Improvement,6902092,8771023,20724781,21113370,388589
2026-09-01,JED-PROJ-127,Airport District Al Basateen Neighborhood Services Improvement,6911344,17988057,27636125,39101427,11465302
2025-12-30,JED-PROJ-128,Obhur Al Zahra Sports Facility Rehabilitation,0,1476486,0,1476486,1476486
2026-01-01,JED-PROJ-128,Obhur Al Zahra Sports Facility Rehabilitation,5398400,0,5398400,1476486,-3921914
2026-02-01,JED-PROJ-128,Obhur Al Zahra Sports Facility Rehabilitation,5386865,0,10785265,1476486,-9308779
2026-03-01,JED-PROJ-128,Obhur Al Zahra Sports Facility Rehabilitation,5398400,3010646,16183665,4487132,-11696533
2026-04-01,JED-PROJ-128,Obhur Al Zahra Sports Facility Rehabilitation,5386866,80745,21570531,4567877,-17002654
2026-05-01,JED-PROJ-128,Obhur Al Zahra Sports Facility Rehabilitation,5398400,0,26968931,4567877,-22401054
2026-06-01,JED-PROJ-128,Obhur Al Zahra Sports Facility Rehabilitation,5386865,0,32355796,4567877,-27787919
2026-07-01,JED-PROJ-128,Obhur Al Zahra Sports Facility Rehabilitation,5398400,4394851,37754196,8962728,-28791468
2026-08-01,JED-PROJ-128,Obhur Al Zahra Sports Facility Rehabilitation,5386865,46141,43141061,9008869,-34132192
2026-09-01,JED-PROJ-128,Obhur Al Zahra Sports Facility Rehabilitation,5398400,18184779,48539461,27193648,-21345813
2024-04-11,JED-PROJ-129,Al Balad Al Bawadi Neighborhood Services Improvement,0,87021,0,87021,87021
2024-05-01,JED-PROJ-129,Al Balad Al Bawadi Neighborhood Services Improvement,492051,421666,492051,508687,16636
2024-06-01,JED-PROJ-129,Al Balad Al Bawadi Neighborhood Services Improvement,492051,479894,984102,988581,4479
2024-07-01,JED-PROJ-129,Al Balad Al Bawadi Neighborhood Services Improvement,492691,472216,1476793,1460797,-15996
2024-08-01,JED-PROJ-129,Al Balad Al Bawadi Neighborhood Services Improvement,492051,465817,1968844,1926614,-42230
2024-09-01,JED-PROJ-129,Al Balad Al Bawadi Neighborhood Services Improvement,492051,519565,2460895,2446179,-14716
2024-10-01,JED-PROJ-129,Al Balad Al Bawadi Neighborhood Services Improvement,492052,570113,2952947,3016292,63345
2024-11-01,JED-PROJ-129,Al Balad Al Bawadi Neighborhood Services Improvement,492690,452380,3445637,3468672,23035
2024-12-01,JED-PROJ-129,Al Balad Al Bawadi Neighborhood Services Improvement,492052,559237,3937689,4027909,90220
2025-01-01,JED-PROJ-129,Al Balad Al Bawadi Neighborhood Services Improvement,492051,389034,4429740,4416943,-12797
2025-02-01,JED-PROJ-129,Al Balad Al Bawadi Neighborhood Services Improvement,492051,529802,4921791,4946745,24954
2025-03-01,JED-PROJ-129,Al Balad Al Bawadi Neighborhood Services Improvement,492691,497810,5414482,5444555,30073
2025-04-01,JED-PROJ-129,Al Balad Al Bawadi Neighborhood Services Improvement,492051,483093,5906533,5927648,21115
2025-05-01,JED-PROJ-129,Al Balad Al Bawadi Neighborhood Services Improvement,492051,560009,6398584,6487657,89073
2027-02-16,JED-PROJ-130,King Abdulaziz Road Al Naeem Public Facilities Upgrade,0,0,0,0,0
2023-09-14,JED-PROJ-131,Prince Majed Corridor Al Waha Open Space Rehabilitation,0,0,0,0,0
2023-10-01,JED-PROJ-131,Prince Majed Corridor Al Waha Open Space Rehabilitation,716553,650409,716553,650409,-66144
2023-11-01,JED-PROJ-131,Prince Majed Corridor Al Waha Open Space Rehabilitation,714978,774822,1431531,1425231,-6300
2023-12-01,JED-PROJ-131,Prince Majed Corridor Al Waha Open Space Rehabilitation,716552,807894,2148083,2233125,85042
2024-01-01,JED-PROJ-131,Prince Majed Corridor Al Waha Open Space Rehabilitation,714978,885061,2863061,3118186,255125
2024-02-01,JED-PROJ-131,Prince Majed Corridor Al Waha Open Space Rehabilitation,716553,518122,3579614,3636308,56694
2024-03-01,JED-PROJ-131,Prince Majed Corridor Al Waha Open Space Rehabilitation,714978,796870,4294592,4433178,138586
2024-04-01,JED-PROJ-131,Prince Majed Corridor Al Waha Open Space Rehabilitation,716553,581116,5011145,5014294,3149
2024-05-01,JED-PROJ-131,Prince Majed Corridor Al Waha Open Space Rehabilitation,714978,788996,5726123,5803290,77167
2024-06-01,JED-PROJ-131,Prince Majed Corridor Al Waha Open Space Rehabilitation,716552,395285,6442675,6198575,-244100
2024-07-01,JED-PROJ-131,Prince Majed Corridor Al Waha Open Space Rehabilitation,714978,820492,7157653,7019067,-138586
2024-08-01,JED-PROJ-131,Prince Majed Corridor Al Waha Open Space Rehabilitation,716553,776397,7874206,7795464,-78742
2024-09-01,JED-PROJ-131,Prince Majed Corridor Al Waha Open Space Rehabilitation,716553,779546,8590759,8575010,-15749
2024-10-01,JED-PROJ-131,Prince Majed Corridor Al Waha Open Space Rehabilitation,714978,474028,9305737,9049038,-256699
2024-11-01,JED-PROJ-131,Prince Majed Corridor Al Waha Open Space Rehabilitation,716552,768522,10022289,9817560,-204729
2024-12-01,JED-PROJ-131,Prince Majed Corridor Al Waha Open Space Rehabilitation,714978,793720,10737267,10611280,-125987
2025-01-01,JED-PROJ-131,Prince Majed Corridor Al Waha Open Space Rehabilitation,716553,1108688,11453820,11719968,266148
2025-02-01,JED-PROJ-131,Prince Majed Corridor Al Waha Open Space Rehabilitation,714978,354339,12168798,12074307,-94491
2025-03-01,JED-PROJ-131,Prince Majed Corridor Al Waha Open Space Rehabilitation,716553,800020,12885351,12874327,-11024
2025-04-01,JED-PROJ-131,Prince Majed Corridor Al Waha Open Space Rehabilitation,714978,554344,13600329,13428671,-171658
2025-05-01,JED-PROJ-131,Prince Majed Corridor Al Waha Open Space Rehabilitation,716552,951204,14316881,14379875,62994
2025-06-01,JED-PROJ-131,Prince Majed Corridor Al Waha Open Space Rehabilitation,714978,529147,15031859,14909022,-122837
2025-07-01,JED-PROJ-131,Prince Majed Corridor Al Waha Open Space Rehabilitation,716553,0,15748412,14842051,-906361
2023-11-24,JED-PROJ-132,Haramain Gateway Al Baghdadiyah Open Space Rehabilitation,0,5577,0,5577,5577
2023-12-01,JED-PROJ-132,Haramain Gateway Al Baghdadiyah Open Space Rehabilitation,546558,375526,546558,381103,-165455
2024-01-01,JED-PROJ-132,Haramain Gateway Al Baghdadiyah Open Space Rehabilitation,546558,547488,1093116,928591,-164525
2024-02-01,JED-PROJ-132,Haramain Gateway Al Baghdadiyah Open Space Rehabilitation,547488,618131,1640604,1546722,-93882
2024-03-01,JED-PROJ-132,Haramain Gateway Al Baghdadiyah Open Space Rehabilitation,546558,485210,2187162,2031932,-155230
2024-04-01,JED-PROJ-132,Haramain Gateway Al Baghdadiyah Open Space Rehabilitation,546558,570726,2733720,2602658,-131062
2024-05-01,JED-PROJ-132,Haramain Gateway Al Baghdadiyah Open Space Rehabilitation,546558,623708,3280278,3226366,-53912
2024-06-01,JED-PROJ-132,Haramain Gateway Al Baghdadiyah Open Space Rehabilitation,547488,702718,3827766,3929084,101318
2024-07-01,JED-PROJ-132,Haramain Gateway Al Baghdadiyah Open Space Rehabilitation,546558,469407,4374324,4398491,24167
2024-08-01,JED-PROJ-132,Haramain Gateway Al Baghdadiyah Open Space Rehabilitation,546558,527039,4920882,4925530,4648
2024-09-01,JED-PROJ-132,Haramain Gateway Al Baghdadiyah Open Space Rehabilitation,546558,473126,5467440,5398656,-68784
2024-10-01,JED-PROJ-132,Haramain Gateway Al Baghdadiyah Open Space Rehabilitation,547488,760347,6014928,6159003,144075
2024-11-01,JED-PROJ-132,Haramain Gateway Al Baghdadiyah Open Space Rehabilitation,546558,368091,6561486,6527094,-34392
2024-12-01,JED-PROJ-132,Haramain Gateway Al Baghdadiyah Open Space Rehabilitation,546558,442451,7108044,6969545,-138499
2025-01-01,JED-PROJ-132,Haramain Gateway Al Baghdadiyah Open Space Rehabilitation,546558,724097,7654602,7693642,39040
2025-02-01,JED-PROJ-132,Haramain Gateway Al Baghdadiyah Open Space Rehabilitation,547488,379244,8202090,8072886,-129204
2025-03-01,JED-PROJ-132,Haramain Gateway Al Baghdadiyah Open Space Rehabilitation,546558,623709,8748648,8696595,-52053
2025-04-01,JED-PROJ-132,Haramain Gateway Al Baghdadiyah Open Space Rehabilitation,546558,911142,9295206,9607737,312531
2027-10-17,JED-PROJ-133,Northern Jeddah Al Sanabel Open Space Rehabilitation,0,0,0,0,0
2025-06-18,JED-PROJ-134,Southern Jeddah Al Ruwais Open Space Rehabilitation,0,99647,0,99647,99647
2025-07-01,JED-PROJ-134,Southern Jeddah Al Ruwais Open Space Rehabilitation,900919,786256,900919,885903,-15016
2025-08-01,JED-PROJ-134,Southern Jeddah Al Ruwais Open Space Rehabilitation,900918,219770,1801837,1105673,-696164
2025-09-01,JED-PROJ-134,Southern Jeddah Al Ruwais Open Space Rehabilitation,900919,713910,2702756,1819583,-883173
2025-10-01,JED-PROJ-134,Southern Jeddah Al Ruwais Open Space Rehabilitation,900918,701624,3603674,2521207,-1082467
2025-11-01,JED-PROJ-134,Southern Jeddah Al Ruwais Open Space Rehabilitation,900919,657944,4504593,3179151,-1325442
2025-12-01,JED-PROJ-134,Southern Jeddah Al Ruwais Open Space Rehabilitation,900919,637468,5405512,3816619,-1588893
2026-01-01,JED-PROJ-134,Southern Jeddah Al Ruwais Open Space Rehabilitation,900918,887268,6306430,4703887,-1602543
2026-02-01,JED-PROJ-134,Southern Jeddah Al Ruwais Open Space Rehabilitation,900919,548742,7207349,5252629,-1954720
2026-03-01,JED-PROJ-134,Southern Jeddah Al Ruwais Open Space Rehabilitation,900919,591057,8108268,5843686,-2264582
2026-04-01,JED-PROJ-134,Southern Jeddah Al Ruwais Open Space Rehabilitation,900918,496870,9009186,6340556,-2668630
2026-05-01,JED-PROJ-134,Southern Jeddah Al Ruwais Open Space Rehabilitation,900919,895458,9910105,7236014,-2674091
2026-06-01,JED-PROJ-134,Southern Jeddah Al Ruwais Open Space Rehabilitation,900918,708450,10811023,7944464,-2866559
2026-07-01,JED-PROJ-134,Southern Jeddah Al Ruwais Open Space Rehabilitation,900919,577407,11711942,8521871,-3190071
2026-08-01,JED-PROJ-134,Southern Jeddah Al Ruwais Open Space Rehabilitation,900919,240245,12612861,8762116,-3850745
2026-09-01,JED-PROJ-134,Southern Jeddah Al Ruwais Open Space Rehabilitation,900918,1160751,13513779,9922867,-3590912
2026-05-06,JED-PROJ-135,Eastern Jeddah Al Aziziyah Boulevard Landscaping Project,0,0,0,0,0
2026-06-01,JED-PROJ-135,Eastern Jeddah Al Aziziyah Boulevard Landscaping Project,11810011,10156609,11810011,10156609,-1653402
2026-07-01,JED-PROJ-135,Eastern Jeddah Al Aziziyah Boulevard Landscaping Project,11810010,10307777,23620021,20464386,-3155635
2026-08-01,JED-PROJ-135,Eastern Jeddah Al Aziziyah Boulevard Landscaping Project,11810011,12839844,35430032,33304230,-2125802
2026-09-01,JED-PROJ-135,Eastern Jeddah Al Aziziyah Boulevard Landscaping Project,11810010,18333298,47240042,51637528,4397486
2026-04-10,JED-PROJ-136,Western Jeddah Al Faisaliyah Open Space Rehabilitation,0,0,0,0,0
2026-05-01,JED-PROJ-136,Western Jeddah Al Faisaliyah Open Space Rehabilitation,754194,1037311,754194,1037311,283117
2026-06-01,JED-PROJ-136,Western Jeddah Al Faisaliyah Open Space Rehabilitation,754195,1116019,1508389,2153330,644941
2026-07-01,JED-PROJ-136,Western Jeddah Al Faisaliyah Open Space Rehabilitation,753019,1050233,2261408,3203563,942155
2026-08-01,JED-PROJ-136,Western Jeddah Al Faisaliyah Open Space Rehabilitation,754194,980923,3015602,4184486,1168884
2026-09-01,JED-PROJ-136,Western Jeddah Al Faisaliyah Open Space Rehabilitation,754194,0,3769796,3919930,150134
2026-05-03,JED-PROJ-137,Central Jeddah Al Manar Landscape Enhancement,0,219056,0,219056,219056
2026-06-01,JED-PROJ-137,Central Jeddah Al Manar Landscape Enhancement,3030273,3108160,3030273,3327216,296943
2026-07-01,JED-PROJ-137,Central Jeddah Al Manar Landscape Enhancement,3030273,3711780,6060546,7038996,978450
2026-08-01,JED-PROJ-137,Central Jeddah Al Manar Landscape Enhancement,3030274,3943006,9090820,10982002,1891182
2026-09-01,JED-PROJ-137,Central Jeddah Al Manar Landscape Enhancement,3030273,892284,12121093,11874286,-246807
2026-01-09,JED-PROJ-138,Corniche Al Marwah Landscape Enhancement,0,258432,0,258432,258432
2026-02-01,JED-PROJ-138,Corniche Al Marwah Landscape Enhancement,3897656,2355540,3897656,2613972,-1283684
2026-03-01,JED-PROJ-138,Corniche Al Marwah Landscape Enhancement,3897657,1855623,7795313,4469595,-3325718
2026-04-01,JED-PROJ-138,Corniche Al Marwah Landscape Enhancement,3897656,2694467,11692969,7164062,-4528907
2026-05-01,JED-PROJ-138,Corniche Al Marwah Landscape Enhancement,3897656,1453148,15590625,8617210,-6973415
2026-06-01,JED-PROJ-138,Corniche Al Marwah Landscape Enhancement,3897657,3291825,19488282,11909035,-7579247
2026-07-01,JED-PROJ-138,Corniche Al Marwah Landscape Enhancement,3897656,2766489,23385938,14675524,-8710414
2026-08-01,JED-PROJ-138,Corniche Al Marwah Landscape Enhancement,3897657,1881042,27283595,16556566,-10727029
2026-09-01,JED-PROJ-138,Corniche Al Marwah Landscape Enhancement,3897656,19064976,31181251,35621542,4440291
2026-03-19,JED-PROJ-139,Airport District Al Balad Boulevard Landscaping Project,0,107430,0,107430,107430
2026-04-01,JED-PROJ-139,Airport District Al Balad Boulevard Landscaping Project,931060,721505,931060,828935,-102125
2026-05-01,JED-PROJ-139,Airport District Al Balad Boulevard Landscaping Project,931060,1382001,1862120,2210936,348816
2026-06-01,JED-PROJ-139,Airport District Al Balad Boulevard Landscaping Project,931061,610097,2793181,2821033,27852
2026-07-01,JED-PROJ-139,Airport District Al Balad Boulevard Landscaping Project,929734,1233456,3722915,4054489,331574
2026-08-01,JED-PROJ-139,Airport District Al Balad Boulevard Landscaping Project,931060,822304,4653975,4876793,222818
2026-09-01,JED-PROJ-139,Airport District Al Balad Boulevard Landscaping Project,931060,0,5585035,2449729,-3135306
2027-04-26,JED-PROJ-140,Obhur Al Andalus Boulevard Landscaping Project,0,0,0,0,0
2026-05-02,JED-PROJ-141,Al Balad Al Hamdaniyah Boulevard Lighting Enhancement,0,0,0,0,0
2026-06-01,JED-PROJ-141,Al Balad Al Hamdaniyah Boulevard Lighting Enhancement,7120255,7895196,7120255,7895196,774941
2026-07-01,JED-PROJ-141,Al Balad Al Hamdaniyah Boulevard Lighting Enhancement,7127927,6207205,14248182,14102401,-145781
2026-08-01,JED-PROJ-141,Al Balad Al Hamdaniyah Boulevard Lighting Enhancement,7120255,7902869,21368437,22005270,636833
2026-09-01,JED-PROJ-141,Al Balad Al Hamdaniyah Boulevard Lighting Enhancement,7120255,21558454,28488692,43563724,15075032
2026-05-09,JED-PROJ-142,King Abdulaziz Road Al Rawdah Street Lighting Upgrade,0,0,0,0,0
2026-06-01,JED-PROJ-142,King Abdulaziz Road Al Rawdah Street Lighting Upgrade,995384,289459,995384,289459,-705925
2026-07-01,JED-PROJ-142,King Abdulaziz Road Al Rawdah Street Lighting Upgrade,995383,208233,1990767,497692,-1493075
2026-08-01,JED-PROJ-142,King Abdulaziz Road Al Rawdah Street Lighting Upgrade,995384,279859,2986151,777551,-2208600
2026-09-01,JED-PROJ-142,King Abdulaziz Road Al Rawdah Street Lighting Upgrade,995384,2756354,3981535,3533905,-447630
2026-05-30,JED-PROJ-143,Prince Majed Corridor Al Rabwah Pedestrian Lighting Improvement,0,0,0,0,0
2026-06-01,JED-PROJ-143,Prince Majed Corridor Al Rabwah Pedestrian Lighting Improvement,1751817,1481328,1751817,1481328,-270489
2026-07-01,JED-PROJ-143,Prince Majed Corridor Al Rabwah Pedestrian Lighting Improvement,1751817,1155149,3503634,2636477,-867157
2026-08-01,JED-PROJ-143,Prince Majed Corridor Al Rabwah Pedestrian Lighting Improvement,1751817,1400180,5255451,4036657,-1218794
2026-09-01,JED-PROJ-143,Prince Majed Corridor Al Rabwah Pedestrian Lighting Improvement,1751817,5287273,7007268,9323930,2316662
2026-05-19,JED-PROJ-144,Haramain Gateway Al Salamah Smart Lighting Deployment,0,0,0,0,0
2026-06-01,JED-PROJ-144,Haramain Gateway Al Salamah Smart Lighting Deployment,1074759,528094,1074759,528094,-546665
2026-07-01,JED-PROJ-144,Haramain Gateway Al Salamah Smart Lighting Deployment,1074759,448960,2149518,977054,-1172464
2026-08-01,JED-PROJ-144,Haramain Gateway Al Salamah Smart Lighting Deployment,1073952,451383,3223470,1428437,-1795033
2026-09-01,JED-PROJ-144,Haramain Gateway Al Salamah Smart Lighting Deployment,1074759,2367587,4298229,3796024,-502205
2026-12-27,JED-PROJ-145,Northern Jeddah Al Rowais Street Lighting Upgrade,0,0,0,0,0
2025-09-15,JED-PROJ-146,Southern Jeddah Al Zahra Street Lighting Upgrade,0,10185,0,10185,10185
2025-10-01,JED-PROJ-146,Southern Jeddah Al Zahra Street Lighting Upgrade,280083,81818,280083,92003,-188080
2025-11-01,JED-PROJ-146,Southern Jeddah Al Zahra Street Lighting Upgrade,280083,135458,560166,227461,-332705
2025-12-01,JED-PROJ-146,Southern Jeddah Al Zahra Street Lighting Upgrade,280082,120521,840248,347982,-492266
2026-01-01,JED-PROJ-146,Southern Jeddah Al Zahra Street Lighting Upgrade,280083,105582,1120331,453564,-666767
2026-02-01,JED-PROJ-146,Southern Jeddah Al Zahra Street Lighting Upgrade,280083,69257,1400414,522821,-877593
2026-03-01,JED-PROJ-146,Southern Jeddah Al Zahra Street Lighting Upgrade,280083,82158,1680497,604979,-1075518
2026-04-01,JED-PROJ-146,Southern Jeddah Al Zahra Street Lighting Upgrade,280083,139871,1960580,744850,-1215730
2026-05-01,JED-PROJ-146,Southern Jeddah Al Zahra Street Lighting Upgrade,280082,72313,2240662,817163,-1423499
2026-06-01,JED-PROJ-146,Southern Jeddah Al Zahra Street Lighting Upgrade,280083,198943,2520745,1016106,-1504639
2026-07-01,JED-PROJ-146,Southern Jeddah Al Zahra Street Lighting Upgrade,280083,41419,2800828,1057525,-1743303
2026-08-01,JED-PROJ-146,Southern Jeddah Al Zahra Street Lighting Upgrade,280083,84194,3080911,1141719,-1939192
2026-09-01,JED-PROJ-146,Southern Jeddah Al Zahra Street Lighting Upgrade,280083,1068238,3360994,2209957,-1151037
2024-12-25,JED-PROJ-147,Eastern Jeddah Al Rehab Street Lighting Upgrade,0,123180,0,123180,123180
2025-01-01,JED-PROJ-147,Eastern Jeddah Al Rehab Street Lighting Upgrade,3385074,3377967,3385074,3501147,116073
2025-02-01,JED-PROJ-147,Eastern Jeddah Al Rehab Street Lighting Upgrade,3382705,3131608,6767779,6632755,-135024
2025-03-01,JED-PROJ-147,Eastern Jeddah Al Rehab Street Lighting Upgrade,3385074,3155296,10152853,9788051,-364802
2025-04-01,JED-PROJ-147,Eastern Jeddah Al Rehab Street Lighting Upgrade,3382704,3671704,13535557,13459755,-75802
2025-05-01,JED-PROJ-147,Eastern Jeddah Al Rehab Street Lighting Upgrade,3385074,3299795,16920631,16759550,-161081
2025-06-01,JED-PROJ-147,Eastern Jeddah Al Rehab Street Lighting Upgrade,3382705,3695392,20303336,20454942,151606
2025-07-01,JED-PROJ-147,Eastern Jeddah Al Rehab Street Lighting Upgrade,3385074,4245854,23688410,24700796,1012386
2024-11-23,JED-PROJ-148,Western Jeddah Al Naeem Street Lighting Upgrade,0,0,0,0,0
2024-12-01,JED-PROJ-148,Western Jeddah Al Naeem Street Lighting Upgrade,1048798,877634,1048798,877634,-171164
2025-01-01,JED-PROJ-148,Western Jeddah Al Naeem Street Lighting Upgrade,1048797,1515303,2097595,2392937,295342
2025-02-01,JED-PROJ-148,Western Jeddah Al Naeem Street Lighting Upgrade,1048798,724928,3146393,3117865,-28528
2025-03-01,JED-PROJ-148,Western Jeddah Al Naeem Street Lighting Upgrade,1048797,1191434,4195190,4309299,114109
2025-04-01,JED-PROJ-148,Western Jeddah Al Naeem Street Lighting Upgrade,1048798,718217,5243988,5027516,-216472
2025-05-01,JED-PROJ-148,Western Jeddah Al Naeem Street Lighting Upgrade,1048797,1256879,6292785,6284395,-8390
2025-06-01,JED-PROJ-148,Western Jeddah Al Naeem Street Lighting Upgrade,1048798,771915,7341583,7056310,-285273
2025-07-01,JED-PROJ-148,Western Jeddah Al Naeem Street Lighting Upgrade,1048797,1337427,8390380,8393737,3357
2025-08-01,JED-PROJ-148,Western Jeddah Al Naeem Street Lighting Upgrade,1048798,1325680,9439178,9719417,280239
2025-09-01,JED-PROJ-148,Western Jeddah Al Naeem Street Lighting Upgrade,1048798,698079,10487976,10417496,-70480
2025-10-01,JED-PROJ-148,Western Jeddah Al Naeem Street Lighting Upgrade,1048797,840717,11536773,11258213,-278560
2025-11-01,JED-PROJ-148,Western Jeddah Al Naeem Street Lighting Upgrade,1048798,1043763,12585571,12301976,-283595
2025-12-01,JED-PROJ-148,Western Jeddah Al Naeem Street Lighting Upgrade,1048797,1265269,13634368,13567245,-67123
2026-01-01,JED-PROJ-148,Western Jeddah Al Naeem Street Lighting Upgrade,1048798,911196,14683166,14478441,-204725
2026-02-01,JED-PROJ-148,Western Jeddah Al Naeem Street Lighting Upgrade,1048797,964893,15731963,15443334,-288629
2026-03-01,JED-PROJ-148,Western Jeddah Al Naeem Street Lighting Upgrade,1048798,1697997,16780761,17141331,360570
2027-04-23,JED-PROJ-149,Central Jeddah Al Samer LED Lighting Retrofit,0,0,0,0,0
2026-02-28,JED-PROJ-150,Corniche Al Muhammadiyah Street Lighting Upgrade,0,121513,0,121513,121513
2026-03-01,JED-PROJ-150,Corniche Al Muhammadiyah Street Lighting Upgrade,967888,761991,967888,883504,-84384
2026-04-01,JED-PROJ-150,Corniche Al Muhammadiyah Street Lighting Upgrade,967045,1254795,1934933,2138299,203366
2026-05-01,JED-PROJ-150,Corniche Al Muhammadiyah Street Lighting Upgrade,967888,805027,2902821,2943326,40505
2026-06-01,JED-PROJ-150,Corniche Al Muhammadiyah Street Lighting Upgrade,967045,1174630,3869866,4117956,248090
2026-07-01,JED-PROJ-150,Corniche Al Muhammadiyah Street Lighting Upgrade,967888,913882,4837754,5031838,194084
2026-08-01,JED-PROJ-150,Corniche Al Muhammadiyah Street Lighting Upgrade,967045,1067462,5804799,6099300,294501
2026-09-01,JED-PROJ-150,Corniche Al Muhammadiyah Street Lighting Upgrade,967888,1108399,6772687,7207699,435012
