Date,Project_ID,Project_Name,Planned_Progress,Actual_Progress,Progress_Variance
2026-01-27,JED-PROJ-001,Northern Jeddah Al Bawadi Traffic Flow Optimization,0.0,1.47,1.47
2026-02-01,JED-PROJ-001,Northern Jeddah Al Bawadi Traffic Flow Optimization,5.59,1.47,-4.12
2026-03-01,JED-PROJ-001,Northern Jeddah Al Bawadi Traffic Flow Optimization,11.17,1.47,-9.7
2026-04-01,JED-PROJ-001,Northern Jeddah Al Bawadi Traffic Flow Optimization,16.76,3.04,-13.72
2026-05-01,JED-PROJ-001,Northern Jeddah Al Bawadi Traffic Flow Optimization,22.34,5.85,-16.49
2026-06-01,JED-PROJ-001,Northern Jeddah Al Bawadi Traffic Flow Optimization,27.93,5.85,-22.08
2026-07-01,JED-PROJ-001,Northern Jeddah Al Bawadi Traffic Flow Optimization,33.52,6.78,-26.74
2026-08-01,JED-PROJ-001,Northern Jeddah Al Bawadi Traffic Flow Optimization,39.1,8.13,-30.97
2026-09-01,JED-PROJ-001,Northern Jeddah Al Bawadi Traffic Flow Optimization,44.69,26.45,-18.24
2025-04-15,JED-PROJ-002,Southern Jeddah Al Naeem Corridor Enhancement,0.0,0.82,0.82
2025-05-01,JED-PROJ-002,Southern Jeddah Al Naeem Corridor Enhancement,3.32,2.82,-0.5
2025-06-01,JED-PROJ-002,Southern Jeddah Al Naeem Corridor Enhancement,6.64,7.06,0.42
2025-07-01,JED-PROJ-002,Southern Jeddah Al Naeem Corridor Enhancement,9.97,10.36,0.39
2025-08-01,JED-PROJ-002,Southern Jeddah Al Naeem Corridor Enhancement,13.29,13.3,0.01
2025-09-01,JED-PROJ-002,Southern Jeddah Al Naeem Corridor Enhancement,16.61,14.99,-1.62
2025-10-01,JED-PROJ-002,Southern Jeddah Al Naeem Corridor Enhancement,19.93,20.96,1.03
2025-11-01,JED-PROJ-002,Southern Jeddah Al Naeem Corridor Enhancement,23.25,22.4,-0.85
2025-12-01,JED-PROJ-002,Southern Jeddah Al Naeem Corridor Enhancement,26.57,25.21,-1.36
2026-01-01,JED-PROJ-002,Southern Jeddah Al Naeem Corridor Enhancement,29.9,27.98,-1.92
2026-02-01,JED-PROJ-002,Southern Jeddah Al Naeem Corridor Enhancement,33.22,33.25,0.03
2026-03-01,JED-PROJ-002,Southern Jeddah Al Naeem Corridor Enhancement,36.54,36.86,0.32
2026-04-01,JED-PROJ-002,Southern Jeddah Al Naeem Corridor Enhancement,39.86,37.77,-2.09
2026-05-01,JED-PROJ-002,Southern Jeddah Al Naeem Corridor Enhancement,43.18,42.84,-0.34
2026-06-01,JED-PROJ-002,Southern Jeddah Al Naeem Corridor Enhancement,46.5,45.11,-1.39
2026-07-01,JED-PROJ-002,Southern Jeddah Al Naeem Corridor Enhancement,49.83,49.91,0.08
2026-08-01,JED-PROJ-002,Southern Jeddah Al Naeem Corridor Enhancement,53.15,51.51,-1.64
2026-09-01,JED-PROJ-002,Southern Jeddah Al Naeem Corridor Enhancement,56.47,56.22,-0.25
2025-12-31,JED-PROJ-003,Eastern Jeddah Al Waha Traffic Flow Optimization,0.0,0.0,0.0
2026-01-01,JED-PROJ-003,Eastern Jeddah Al Waha Traffic Flow Optimization,3.63,4.36,0.73
2026-02-01,JED-PROJ-003,Eastern Jeddah Al Waha Traffic Flow Optimization,7.27,4.36,-2.91
2026-03-01,JED-PROJ-003,Eastern Jeddah Al Waha Traffic Flow Optimization,10.9,7.79,-3.11
2026-04-01,JED-PROJ-003,Eastern Jeddah Al Waha Traffic Flow Optimization,14.54,9.76,-4.78
2026-05-01,JED-PROJ-003,Eastern Jeddah Al Waha Traffic Flow Optimization,18.17,15.47,-2.7
2026-06-01,JED-PROJ-003,Eastern Jeddah Al Waha Traffic Flow Optimization,21.81,18.09,-3.72
2026-07-01,JED-PROJ-003,Eastern Jeddah Al Waha Traffic Flow Optimization,25.44,18.64,-6.8
2026-08-01,JED-PROJ-003,Eastern Jeddah Al Waha Traffic Flow Optimization,29.08,22.88,-6.2
2026-09-01,JED-PROJ-003,Eastern Jeddah Al Waha Traffic Flow Optimization,32.71,28.9,-3.81
2024-05-20,JED-PROJ-004,Western Jeddah Al Baghdadiyah Intersection Upgrade,0.0,0.2,0.2
2024-06-01,JED-PROJ-004,Western Jeddah Al Baghdadiyah Intersection Upgrade,3.02,2.38,-0.64
2024-07-01,JED-PROJ-004,Western Jeddah Al Baghdadiyah Intersection Upgrade,6.04,3.61,-2.43
2024-08-01,JED-PROJ-004,Western Jeddah Al Baghdadiyah Intersection Upgrade,9.07,5.35,-3.72
2024-09-01,JED-PROJ-004,Western Jeddah Al Baghdadiyah Intersection Upgrade,12.09,10.51,-1.58
2024-10-01,JED-PROJ-004,Western Jeddah Al Baghdadiyah Intersection Upgrade,15.11,12.8,-2.31
2024-11-01,JED-PROJ-004,Western Jeddah Al Baghdadiyah Intersection Upgrade,18.13,14.1,-4.03
2024-12-01,JED-PROJ-004,Western Jeddah Al Baghdadiyah Intersection Upgrade,21.16,15.32,-5.84
2025-01-01,JED-PROJ-004,Western Jeddah Al Baghdadiyah Intersection Upgrade,24.18,17.62,-6.56
2025-02-01,JED-PROJ-004,Western Jeddah Al Baghdadiyah Intersection Upgrade,27.2,21.25,-5.95
2025-03-01,JED-PROJ-004,Western Jeddah Al Baghdadiyah Intersection Upgrade,30.22,24.14,-6.08
2025-04-01,JED-PROJ-004,Western Jeddah Al Baghdadiyah Intersection Upgrade,33.24,26.37,-6.87
2025-05-01,JED-PROJ-004,Western Jeddah Al Baghdadiyah Intersection Upgrade,36.27,28.26,-8.01
2025-06-01,JED-PROJ-004,Western Jeddah Al Baghdadiyah Intersection Upgrade,39.29,30.03,-9.26
2025-07-01,JED-PROJ-004,Western Jeddah Al Baghdadiyah Intersection Upgrade,42.31,30.29,-12.02
2025-08-01,JED-PROJ-004,Western Jeddah Al Baghdadiyah Intersection Upgrade,45.33,32.84,-12.49
2025-09-01,JED-PROJ-004,Western Jeddah Al Baghdadiyah Intersection Upgrade,48.35,37.77,-10.58
2025-10-01,JED-PROJ-004,Western Jeddah Al Baghdadiyah Intersection Upgrade,51.38,38.99,-12.39
2025-11-01,JED-PROJ-004,Western Jeddah Al Baghdadiyah Intersection Upgrade,54.4,39.11,-15.29
2025-12-01,JED-PROJ-004,Western Jeddah Al Baghdadiyah Intersection Upgrade,57.42,41.71,-15.71
2026-01-01,JED-PROJ-004,Western Jeddah Al Baghdadiyah Intersection Upgrade,60.44,46.0,-14.44
2026-02-01,JED-PROJ-004,Western Jeddah Al Baghdadiyah Intersection Upgrade,63.46,46.0,-17.46
2026-03-01,JED-PROJ-004,Western Jeddah Al Baghdadiyah Intersection Upgrade,66.49,48.73,-17.76
2026-04-01,JED-PROJ-004,Western Jeddah Al Baghdadiyah Intersection Upgrade,69.51,52.4,-17.11
2026-05-01,JED-PROJ-004,Western Jeddah Al Baghdadiyah Intersection Upgrade,72.53,55.19,-17.34
2026-06-01,JED-PROJ-004,Western Jeddah Al Baghdadiyah Intersection Upgrade,75.55,57.31,-18.24
2026-07-01,JED-PROJ-004,Western Jeddah Al Baghdadiyah Intersection Upgrade,78.58,58.05,-20.53
2026-08-01,JED-PROJ-004,Western Jeddah Al Baghdadiyah Intersection Upgrade,81.6,62.07,-19.53
2026-09-01,JED-PROJ-004,Western Jeddah Al Baghdadiyah Intersection Upgrade,84.62,74.1,-10.52
2025-03-28,JED-PROJ-005,Central Jeddah Al Sanabel Intersection Upgrade,0.0,0.0,0.0
2025-04-01,JED-PROJ-005,Central Jeddah Al Sanabel Intersection Upgrade,3.73,5.13,1.4
2025-05-01,JED-PROJ-005,Central Jeddah Al Sanabel Intersection Upgrade,7.46,9.02,1.56
2025-06-01,JED-PROJ-005,Central Jeddah Al Sanabel Intersection Upgrade,11.2,13.97,2.77
2025-07-01,JED-PROJ-005,Central Jeddah Al Sanabel Intersection Upgrade,14.93,17.52,2.59
2025-08-01,JED-PROJ-005,Central Jeddah Al Sanabel Intersection Upgrade,18.66,21.44,2.78
2025-09-01,JED-PROJ-005,Central Jeddah Al Sanabel Intersection Upgrade,22.39,23.97,1.58
2025-10-01,JED-PROJ-005,Central Jeddah Al Sanabel Intersection Upgrade,26.13,29.2,3.07
2025-11-01,JED-PROJ-005,Central Jeddah Al Sanabel Intersection Upgrade,29.86,33.07,3.21
2025-12-01,JED-PROJ-005,Central Jeddah Al Sanabel Intersection Upgrade,33.59,37.23,3.64
2026-01-01,JED-PROJ-005,Central Jeddah Al Sanabel Intersection Upgrade,37.32,44.09,6.77
2026-02-01,JED-PROJ-005,Central Jeddah Al Sanabel Intersection Upgrade,41.05,46.24,5.19
2026-03-01,JED-PROJ-005,Central Jeddah Al Sanabel Intersection Upgrade,44.79,52.28,7.49
2026-04-01,JED-PROJ-005,Central Jeddah Al Sanabel Intersection Upgrade,48.52,55.58,7.06
2026-05-01,JED-PROJ-005,Central Jeddah Al Sanabel Intersection Upgrade,52.25,60.41,8.16
2026-06-01,JED-PROJ-005,Central Jeddah Al Sanabel Intersection Upgrade,55.98,63.59,7.61
2026-07-01,JED-PROJ-005,Central Jeddah Al Sanabel Intersection Upgrade,59.72,68.1,8.38
2026-08-01,JED-PROJ-005,Central Jeddah Al Sanabel Intersection Upgrade,63.45,72.03,8.58
2026-09-01,JED-PROJ-005,Central Jeddah Al Sanabel Intersection Upgrade,67.18,71.74,4.56
2025-05-05,JED-PROJ-006,Corniche Al Ruwais Traffic Flow Optimization,0.0,0.8,0.8
2025-06-01,JED-PROJ-006,Corniche Al Ruwais Traffic Flow Optimization,5.82,5.06,-0.76
2025-07-01,JED-PROJ-006,Corniche Al Ruwais Traffic Flow Optimization,11.64,9.99,-1.65
2025-08-01,JED-PROJ-006,Corniche Al Ruwais Traffic Flow Optimization,17.46,18.07,0.61
2025-09-01,JED-PROJ-006,Corniche Al Ruwais Traffic Flow Optimization,23.28,22.23,-1.05
2025-10-01,JED-PROJ-006,Corniche Al Ruwais Traffic Flow Optimization,29.09,30.83,1.74
2025-11-01,JED-PROJ-006,Corniche Al Ruwais Traffic Flow Optimization,34.91,36.73,1.82
2025-12-01,JED-PROJ-006,Corniche Al Ruwais Traffic Flow Optimization,40.73,42.43,1.7
2026-01-01,JED-PROJ-006,Corniche Al Ruwais Traffic Flow Optimization,46.55,46.32,-0.23
2026-02-01,JED-PROJ-006,Corniche Al Ruwais Traffic Flow Optimization,52.37,50.89,-1.48
2026-03-01,JED-PROJ-006,Corniche Al Ruwais Traffic Flow Optimization,58.19,60.03,1.84
2026-04-01,JED-PROJ-006,Corniche Al Ruwais Traffic Flow Optimization,64.01,64.08,0.07
2026-05-01,JED-PROJ-006,Corniche Al Ruwais Traffic Flow Optimization,69.82,71.86,2.04
2026-06-01,JED-PROJ-006,Corniche Al Ruwais Traffic Flow Optimization,75.64,77.7,2.06
2026-07-01,JED-PROJ-006,Corniche Al Ruwais Traffic Flow Optimization,81.46,83.15,1.69
2026-08-01,JED-PROJ-006,Corniche Al Ruwais Traffic Flow Optimization,87.28,86.99,-0.29
2026-09-01,JED-PROJ-006,Corniche Al Ruwais Traffic Flow Optimization,93.1,93.34,0.24
2025-05-04,JED-PROJ-007,Airport District Al Aziziyah Mobility Improvement,0.0,1.26,1.26
2025-06-01,JED-PROJ-007,Airport District Al Aziziyah Mobility Improvement,6.19,2.98,-3.21
2025-07-01,JED-PROJ-007,Airport District Al Aziziyah Mobility Improvement,12.38,6.08,-6.3
2025-08-01,JED-PROJ-007,Airport District Al Aziziyah Mobility Improvement,18.56,11.11,-7.45
2025-09-01,JED-PROJ-007,Airport District Al Aziziyah Mobility Improvement,24.75,16.12,-8.63
2025-10-01,JED-PROJ-007,Airport District Al Aziziyah Mobility Improvement,30.94,18.89,-12.05
2025-11-01,JED-PROJ-007,Airport District Al Aziziyah Mobility Improvement,37.12,22.07,-15.05
2025-12-01,JED-PROJ-007,Airport District Al Aziziyah Mobility Improvement,43.31,24.0,-19.31
2026-01-01,JED-PROJ-007,Airport District Al Aziziyah Mobility Improvement,49.5,29.5,-20.0
2026-02-01,JED-PROJ-007,Airport District Al Aziziyah Mobility Improvement,55.69,34.49,-21.2
2026-03-01,JED-PROJ-007,Airport District Al Aziziyah Mobility Improvement,61.88,35.07,-26.81
2026-04-01,JED-PROJ-007,Airport District Al Aziziyah Mobility Improvement,68.06,40.06,-28.0
2026-05-01,JED-PROJ-007,Airport District Al Aziziyah Mobility Improvement,74.25,44.99,-29.26
2026-06-01,JED-PROJ-007,Airport District Al Aziziyah Mobility Improvement,80.44,48.14,-32.3
2026-07-01,JED-PROJ-007,Airport District Al Aziziyah Mobility Improvement,86.62,51.62,-35.0
2026-08-01,JED-PROJ-007,Airport District Al Aziziyah Mobility Improvement,92.81,55.27,-37.54
2026-09-01,JED-PROJ-007,Airport District Al Aziziyah Mobility Improvement,99.0,78.59,-20.41
2025-09-13,JED-PROJ-008,Obhur Al Naseem Transport Link Upgrade,0.0,0.0,0.0
2025-10-01,JED-PROJ-008,Obhur Al Naseem Transport Link Upgrade,5.84,1.35,-4.49
2025-11-01,JED-PROJ-008,Obhur Al Naseem Transport Link Upgrade,11.67,1.6,-10.07
2025-12-01,JED-PROJ-008,Obhur Al Naseem Transport Link Upgrade,17.5,2.04,-15.46
2026-01-01,JED-PROJ-008,Obhur Al Naseem Transport Link Upgrade,23.34,2.45,-20.89
2026-02-01,JED-PROJ-008,Obhur Al Naseem Transport Link Upgrade,29.18,2.45,-26.73
2026-03-01,JED-PROJ-008,Obhur Al Naseem Transport Link Upgrade,35.01,2.45,-32.56
2026-04-01,JED-PROJ-008,Obhur Al Naseem Transport Link Upgrade,40.84,2.75,-38.09
2026-05-01,JED-PROJ-008,Obhur Al Naseem Transport Link Upgrade,46.68,2.75,-43.93
2026-06-01,JED-PROJ-008,Obhur Al Naseem Transport Link Upgrade,52.52,2.89,-49.63
2026-07-01,JED-PROJ-008,Obhur Al Naseem Transport Link Upgrade,58.35,3.46,-54.89
2026-08-01,JED-PROJ-008,Obhur Al Naseem Transport Link Upgrade,64.18,4.04,-60.14
2026-09-01,JED-PROJ-008,Obhur Al Naseem Transport Link Upgrade,70.02,36.45,-33.57
2025-06-10,JED-PROJ-009,Al Balad Al Manar Intersection Upgrade,0.0,0.0,0.0
2025-07-01,JED-PROJ-009,Al Balad Al Manar Intersection Upgrade,5.76,3.77,-1.99
2025-08-01,JED-PROJ-009,Al Balad Al Manar Intersection Upgrade,11.52,10.74,-0.78
2025-09-01,JED-PROJ-009,Al Balad Al Manar Intersection Upgrade,17.27,14.02,-3.25
2025-10-01,JED-PROJ-009,Al Balad Al Manar Intersection Upgrade,23.03,20.79,-2.24
2025-11-01,JED-PROJ-009,Al Balad Al Manar Intersection Upgrade,28.79,26.3,-2.49
2025-12-01,JED-PROJ-009,Al Balad Al Manar Intersection Upgrade,34.55,30.6,-3.95
2026-01-01,JED-PROJ-009,Al Balad Al Manar Intersection Upgrade,40.31,36.93,-3.38
2026-02-01,JED-PROJ-009,Al Balad Al Manar Intersection Upgrade,46.06,40.14,-5.92
2026-03-01,JED-PROJ-009,Al Balad Al Manar Intersection Upgrade,51.82,45.39,-6.43
2026-04-01,JED-PROJ-009,Al Balad Al Manar Intersection Upgrade,57.58,53.45,-4.13
2026-05-01,JED-PROJ-009,Al Balad Al Manar Intersection Upgrade,63.34,57.01,-6.33
2026-06-01,JED-PROJ-009,Al Balad Al Manar Intersection Upgrade,69.1,61.4,-7.7
2026-07-01,JED-PROJ-009,Al Balad Al Manar Intersection Upgrade,74.85,68.05,-6.8
2026-08-01,JED-PROJ-009,Al Balad Al Manar Intersection Upgrade,80.61,74.17,-6.44
2026-09-01,JED-PROJ-009,Al Balad Al Manar Intersection Upgrade,86.37,82.4,-3.97
2025-03-28,JED-PROJ-010,King Abdulaziz Road Al Marwah Intersection Upgrade,0.0,0.44,0.44
2025-04-01,JED-PROJ-010,King Abdulaziz Road Al Marwah Intersection Upgrade,4.11,3.2,-0.91
2025-05-01,JED-PROJ-010,King Abdulaziz Road Al Marwah Intersection Upgrade,8.21,7.76,-0.45
2025-06-01,JED-PROJ-010,King Abdulaziz Road Al Marwah Intersection Upgrade,12.32,14.18,1.86
2025-07-01,JED-PROJ-010,King Abdulaziz Road Al Marwah Intersection Upgrade,16.42,18.9,2.48
2025-08-01,JED-PROJ-010,King Abdulaziz Road Al Marwah Intersection Upgrade,20.53,23.94,3.41
2025-09-01,JED-PROJ-010,King Abdulaziz Road Al Marwah Intersection Upgrade,24.64,28.95,4.31
2025-10-01,JED-PROJ-010,King Abdulaziz Road Al Marwah Intersection Upgrade,28.74,34.54,5.8
2025-11-01,JED-PROJ-010,King Abdulaziz Road Al Marwah Intersection Upgrade,32.85,37.57,4.72
2025-12-01,JED-PROJ-010,King Abdulaziz Road Al Marwah Intersection Upgrade,36.96,41.57,4.61
2026-01-01,JED-PROJ-010,King Abdulaziz Road Al Marwah Intersection Upgrade,41.06,47.96,6.9
2026-02-01,JED-PROJ-010,King Abdulaziz Road Al Marwah Intersection Upgrade,45.17,50.76,5.59
2026-03-01,JED-PROJ-010,King Abdulaziz Road Al Marwah Intersection Upgrade,49.27,56.05,6.78
2026-04-01,JED-PROJ-010,King Abdulaziz Road Al Marwah Intersection Upgrade,53.38,59.45,6.07
2026-05-01,JED-PROJ-010,King Abdulaziz Road Al Marwah Intersection Upgrade,57.49,63.94,6.45
2026-06-01,JED-PROJ-010,King Abdulaziz Road Al Marwah Intersection Upgrade,61.59,72.01,10.42
2026-07-01,JED-PROJ-010,King Abdulaziz Road Al Marwah Intersection Upgrade,65.7,76.24,10.54
2026-08-01,JED-PROJ-010,King Abdulaziz Road Al Marwah Intersection Upgrade,69.8,80.43,10.63
2026-09-01,JED-PROJ-010,King Abdulaziz Road Al Marwah Intersection Upgrade,73.91,79.16,5.25
2026-05-30,JED-PROJ-011,Prince Majed Corridor Al Khalidiyah Mobility Improvement,0.0,0.0,0.0
2026-06-01,JED-PROJ-011,Prince Majed Corridor Al Khalidiyah Mobility Improvement,4.25,5.01,0.76
2026-07-01,JED-PROJ-011,Prince Majed Corridor Al Khalidiyah Mobility Improvement,8.49,11.59,3.1
2026-08-01,JED-PROJ-011,Prince Majed Corridor Al Khalidiyah Mobility Improvement,12.74,18.9,6.16
2026-09-01,JED-PROJ-011,Prince Majed Corridor Al Khalidiyah Mobility Improvement,16.99,20.98,3.99
2026-05-26,JED-PROJ-012,Haramain Gateway Al Rawdah Traffic Flow Optimization,0.0,0.58,0.58
2026-06-01,JED-PROJ-012,Haramain Gateway Al Rawdah Traffic Flow Optimization,2.42,3.14,0.72
2026-07-01,JED-PROJ-012,Haramain Gateway Al Rawdah Traffic Flow Optimization,4.84,9.49,4.65
2026-08-01,JED-PROJ-012,Haramain Gateway Al Rawdah Traffic Flow Optimization,7.27,12.64,5.37
2026-09-01,JED-PROJ-012,Haramain Gateway Al Rawdah Traffic Flow Optimization,9.69,12.7,3.01
2025-11-07,JED-PROJ-013,Northern Jeddah Al Rabwah Bridge Rehabilitation,0.0,0.4,0.4
2025-12-01,JED-PROJ-013,Northern Jeddah Al Rabwah Bridge Rehabilitation,5.01,4.14,-0.87
2026-01-01,JED-PROJ-013,Northern Jeddah Al Rabwah Bridge Rehabilitation,10.02,7.96,-2.06
2026-02-01,JED-PROJ-013,Northern Jeddah Al Rabwah Bridge Rehabilitation,15.02,12.78,-2.24
2026-03-01,JED-PROJ-013,Northern Jeddah Al Rabwah Bridge Rehabilitation,20.03,18.66,-1.37
2026-04-01,JED-PROJ-013,Northern Jeddah Al Rabwah Bridge Rehabilitation,25.04,20.41,-4.63
2026-05-01,JED-PROJ-013,Northern Jeddah Al Rabwah Bridge Rehabilitation,30.05,25.21,-4.84
2026-06-01,JED-PROJ-013,Northern Jeddah Al Rabwah Bridge Rehabilitation,35.06,29.39,-5.67
2026-07-01,JED-PROJ-013,Northern Jeddah Al Rabwah Bridge Rehabilitation,40.06,33.8,-6.26
2026-08-01,JED-PROJ-013,Northern Jeddah Al Rabwah Bridge Rehabilitation,45.07,41.17,-3.9
2026-09-01,JED-PROJ-013,Northern Jeddah Al Rabwah Bridge Rehabilitation,50.08,47.2,-2.88
2024-08-03,JED-PROJ-014,Southern Jeddah Al Salamah Intersection Upgrade,0.0,0.0,0.0
2024-09-01,JED-PROJ-014,Southern Jeddah Al Salamah Intersection Upgrade,3.96,0.0,-3.96
2024-10-01,JED-PROJ-014,Southern Jeddah Al Salamah Intersection Upgrade,7.92,2.42,-5.5
2024-11-01,JED-PROJ-014,Southern Jeddah Al Salamah Intersection Upgrade,11.88,3.58,-8.3
2024-12-01,JED-PROJ-014,Southern Jeddah Al Salamah Intersection Upgrade,15.84,3.73,-12.11
2025-01-01,JED-PROJ-014,Southern Jeddah Al Salamah Intersection Upgrade,19.8,5.89,-13.91
2025-02-01,JED-PROJ-014,Southern Jeddah Al Salamah Intersection Upgrade,23.76,6.99,-16.77
2025-03-01,JED-PROJ-014,Southern Jeddah Al Salamah Intersection Upgrade,27.72,9.0,-18.72
2025-04-01,JED-PROJ-014,Southern Jeddah Al Salamah Intersection Upgrade,31.68,10.29,-21.39
2025-05-01,JED-PROJ-014,Southern Jeddah Al Salamah Intersection Upgrade,35.64,10.29,-25.35
2025-06-01,JED-PROJ-014,Southern Jeddah Al Salamah Intersection Upgrade,39.6,11.8,-27.8
2025-07-01,JED-PROJ-014,Southern Jeddah Al Salamah Intersection Upgrade,43.56,13.93,-29.63
2025-08-01,JED-PROJ-014,Southern Jeddah Al Salamah Intersection Upgrade,47.52,14.72,-32.8
2025-09-01,JED-PROJ-014,Southern Jeddah Al Salamah Intersection Upgrade,51.48,17.22,-34.26
2025-10-01,JED-PROJ-014,Southern Jeddah Al Salamah Intersection Upgrade,55.44,17.73,-37.71
2025-11-01,JED-PROJ-014,Southern Jeddah Al Salamah Intersection Upgrade,59.4,17.73,-41.67
2025-12-01,JED-PROJ-014,Southern Jeddah Al Salamah Intersection Upgrade,63.36,18.06,-45.3
2026-01-01,JED-PROJ-014,Southern Jeddah Al Salamah Intersection Upgrade,67.32,21.35,-45.97
2026-02-01,JED-PROJ-014,Southern Jeddah Al Salamah Intersection Upgrade,71.28,21.35,-49.93
2026-03-01,JED-PROJ-014,Southern Jeddah Al Salamah Intersection Upgrade,75.24,23.6,-51.64
2026-04-01,JED-PROJ-014,Southern Jeddah Al Salamah Intersection Upgrade,79.2,26.1,-53.1
2026-05-01,JED-PROJ-014,Southern Jeddah Al Salamah Intersection Upgrade,83.16,26.1,-57.06
2026-06-01,JED-PROJ-014,Southern Jeddah Al Salamah Intersection Upgrade,87.12,26.56,-60.56
2026-07-01,JED-PROJ-014,Southern Jeddah Al Salamah Intersection Upgrade,91.08,28.7,-62.38
2026-08-01,JED-PROJ-014,Southern Jeddah Al Salamah Intersection Upgrade,95.04,29.26,-65.78
2026-09-01,JED-PROJ-014,Southern Jeddah Al Salamah Intersection Upgrade,99.0,64.82,-34.18
2026-01-24,JED-PROJ-015,Eastern Jeddah Al Rowais Bridge Rehabilitation,0.0,1.59,1.59
2026-02-01,JED-PROJ-015,Eastern Jeddah Al Rowais Bridge Rehabilitation,4.53,1.59,-2.94
2026-03-01,JED-PROJ-015,Eastern Jeddah Al Rowais Bridge Rehabilitation,9.07,1.59,-7.48
2026-04-01,JED-PROJ-015,Eastern Jeddah Al Rowais Bridge Rehabilitation,13.6,1.59,-12.01
2026-05-01,JED-PROJ-015,Eastern Jeddah Al Rowais Bridge Rehabilitation,18.14,1.59,-16.55
2026-06-01,JED-PROJ-015,Eastern Jeddah Al Rowais Bridge Rehabilitation,22.67,1.59,-21.08
2026-07-01,JED-PROJ-015,Eastern Jeddah Al Rowais Bridge Rehabilitation,27.2,1.59,-25.61
2026-08-01,JED-PROJ-015,Eastern Jeddah Al Rowais Bridge Rehabilitation,31.74,1.59,-30.15
2026-09-01,JED-PROJ-015,Eastern Jeddah Al Rowais Bridge Rehabilitation,36.27,16.22,-20.05
2025-05-14,JED-PROJ-016,Western Jeddah Obhur Intersection Upgrade,0.0,0.66,0.66
2025-06-01,JED-PROJ-016,Western Jeddah Obhur Intersection Upgrade,3.03,1.44,-1.59
2025-07-01,JED-PROJ-016,Western Jeddah Obhur Intersection Upgrade,6.05,5.32,-0.73
2025-08-01,JED-PROJ-016,Western Jeddah Obhur Intersection Upgrade,9.08,10.21,1.13
2025-09-01,JED-PROJ-016,Western Jeddah Obhur Intersection Upgrade,12.11,10.24,-1.87
2025-10-01,JED-PROJ-016,Western Jeddah Obhur Intersection Upgrade,15.13,16.07,0.94
2025-11-01,JED-PROJ-016,Western Jeddah Obhur Intersection Upgrade,18.16,17.14,-1.02
2025-12-01,JED-PROJ-016,Western Jeddah Obhur Intersection Upgrade,21.19,19.54,-1.65
2026-01-01,JED-PROJ-016,Western Jeddah Obhur Intersection Upgrade,24.22,24.61,0.39
2026-02-01,JED-PROJ-016,Western Jeddah Obhur Intersection Upgrade,27.24,27.36,0.12
2026-03-01,JED-PROJ-016,Western Jeddah Obhur Intersection Upgrade,30.27,31.24,0.97
2026-04-01,JED-PROJ-016,Western Jeddah Obhur Intersection Upgrade,33.3,33.72,0.42
2026-05-01,JED-PROJ-016,Western Jeddah Obhur Intersection Upgrade,36.32,36.95,0.63
2026-06-01,JED-PROJ-016,Western Jeddah Obhur Intersection Upgrade,39.35,38.06,-1.29
2026-07-01,JED-PROJ-016,Western Jeddah Obhur Intersection Upgrade,42.38,40.67,-1.71
2026-08-01,JED-PROJ-016,Western Jeddah Obhur Intersection Upgrade,45.4,45.72,0.32
2026-09-01,JED-PROJ-016,Western Jeddah Obhur Intersection Upgrade,48.43,48.12,-0.31
2026-02-07,JED-PROJ-017,Central Jeddah Al Zahra Intersection Upgrade,0.0,1.77,1.77
2026-03-01,JED-PROJ-017,Central Jeddah Al Zahra Intersection Upgrade,3.02,1.84,-1.18
2026-04-01,JED-PROJ-017,Central Jeddah Al Zahra Intersection Upgrade,6.04,3.85,-2.19
2026-05-01,JED-PROJ-017,Central Jeddah Al Zahra Intersection Upgrade,9.06,7.46,-1.6
2026-06-01,JED-PROJ-017,Central Jeddah Al Zahra Intersection Upgrade,12.08,8.04,-4.04
2026-07-01,JED-PROJ-017,Central Jeddah Al Zahra Intersection Upgrade,15.1,12.32,-2.78
2026-08-01,JED-PROJ-017,Central Jeddah Al Zahra Intersection Upgrade,18.12,14.22,-3.9
2026-09-01,JED-PROJ-017,Central Jeddah Al Zahra Intersection Upgrade,21.14,18.11,-3.03
2024-11-19,JED-PROJ-018,Corniche Al Bawadi Mobility Improvement,0.0,0.9,0.9
2024-12-01,JED-PROJ-018,Corniche Al Bawadi Mobility Improvement,2.91,2.83,-0.08
2025-01-01,JED-PROJ-018,Corniche Al Bawadi Mobility Improvement,5.81,2.83,-2.98
2025-02-01,JED-PROJ-018,Corniche Al Bawadi Mobility Improvement,8.72,7.18,-1.54
2025-03-01,JED-PROJ-018,Corniche Al Bawadi Mobility Improvement,11.63,7.66,-3.97
2025-04-01,JED-PROJ-018,Corniche Al Bawadi Mobility Improvement,14.54,10.72,-3.82
2025-05-01,JED-PROJ-018,Corniche Al Bawadi Mobility Improvement,17.44,10.81,-6.63
2025-06-01,JED-PROJ-018,Corniche Al Bawadi Mobility Improvement,20.35,14.79,-5.56
2025-07-01,JED-PROJ-018,Corniche Al Bawadi Mobility Improvement,23.26,14.87,-8.39
2025-08-01,JED-PROJ-018,Corniche Al Bawadi Mobility Improvement,26.17,15.42,-10.75
2025-09-01,JED-PROJ-018,Corniche Al Bawadi Mobility Improvement,29.07,20.55,-8.52
2025-10-01,JED-PROJ-018,Corniche Al Bawadi Mobility Improvement,31.98,20.55,-11.43
2025-11-01,JED-PROJ-018,Corniche Al Bawadi Mobility Improvement,34.89,22.26,-12.63
2025-12-01,JED-PROJ-018,Corniche Al Bawadi Mobility Improvement,37.79,26.44,-11.35
2026-01-01,JED-PROJ-018,Corniche Al Bawadi Mobility Improvement,40.7,28.35,-12.35
2026-02-01,JED-PROJ-018,Corniche Al Bawadi Mobility Improvement,43.61,28.9,-14.71
2026-03-01,JED-PROJ-018,Corniche Al Bawadi Mobility Improvement,46.52,31.02,-15.5
2026-04-01,JED-PROJ-018,Corniche Al Bawadi Mobility Improvement,49.42,32.27,-17.15
2026-05-01,JED-PROJ-018,Corniche Al Bawadi Mobility Improvement,52.33,33.62,-18.71
2026-06-01,JED-PROJ-018,Corniche Al Bawadi Mobility Improvement,55.24,35.66,-19.58
2026-07-01,JED-PROJ-018,Corniche Al Bawadi Mobility Improvement,58.15,38.8,-19.35
2026-08-01,JED-PROJ-018,Corniche Al Bawadi Mobility Improvement,61.05,41.0,-20.05
2026-09-01,JED-PROJ-018,Corniche Al Bawadi Mobility Improvement,63.96,52.98,-10.98
2025-03-08,JED-PROJ-019,Airport District Al Naeem Traffic Flow Optimization,0.0,1.04,1.04
2025-04-01,JED-PROJ-019,Airport District Al Naeem Traffic Flow Optimization,4.06,3.07,-0.99
2025-05-01,JED-PROJ-019,Airport District Al Naeem Traffic Flow Optimization,8.11,9.07,0.96
2025-06-01,JED-PROJ-019,Airport District Al Naeem Traffic Flow Optimization,12.17,12.04,-0.13
2025-07-01,JED-PROJ-019,Airport District Al Naeem Traffic Flow Optimization,16.23,18.36,2.13
2025-08-01,JED-PROJ-019,Airport District Al Naeem Traffic Flow Optimization,20.28,22.51,2.23
2025-09-01,JED-PROJ-019,Airport District Al Naeem Traffic Flow Optimization,24.34,28.66,4.32
2025-10-01,JED-PROJ-019,Airport District Al Naeem Traffic Flow Optimization,28.4,31.27,2.87
2025-11-01,JED-PROJ-019,Airport District Al Naeem Traffic Flow Optimization,32.45,34.98,2.53
2025-12-01,JED-PROJ-019,Airport District Al Naeem Traffic Flow Optimization,36.51,39.61,3.1
2026-01-01,JED-PROJ-019,Airport District Al Naeem Traffic Flow Optimization,40.57,46.39,5.82
2026-02-01,JED-PROJ-019,Airport District Al Naeem Traffic Flow Optimization,44.62,50.41,5.79
2026-03-01,JED-PROJ-019,Airport District Al Naeem Traffic Flow Optimization,48.68,53.1,4.42
2026-04-01,JED-PROJ-019,Airport District Al Naeem Traffic Flow Optimization,52.74,57.58,4.84
2026-05-01,JED-PROJ-019,Airport District Al Naeem Traffic Flow Optimization,56.79,64.35,7.56
2026-06-01,JED-PROJ-019,Airport District Al Naeem Traffic Flow Optimization,60.85,66.63,5.78
2026-07-01,JED-PROJ-019,Airport District Al Naeem Traffic Flow Optimization,64.91,73.87,8.96
2026-08-01,JED-PROJ-019,Airport District Al Naeem Traffic Flow Optimization,68.96,78.0,9.04
2026-09-01,JED-PROJ-019,Airport District Al Naeem Traffic Flow Optimization,73.02,77.41,4.39
2024-02-14,JED-PROJ-020,Obhur Al Waha Traffic Flow Optimization,0.0,0.0,0.0
2024-03-01,JED-PROJ-020,Obhur Al Waha Traffic Flow Optimization,3.23,4.98,1.75
2024-04-01,JED-PROJ-020,Obhur Al Waha Traffic Flow Optimization,6.45,6.0,-0.45
2024-05-01,JED-PROJ-020,Obhur Al Waha Traffic Flow Optimization,9.68,9.21,-0.47
2024-06-01,JED-PROJ-020,Obhur Al Waha Traffic Flow Optimization,12.9,14.03,1.13
2024-07-01,JED-PROJ-020,Obhur Al Waha Traffic Flow Optimization,16.13,17.74,1.61
2024-08-01,JED-PROJ-020,Obhur Al Waha Traffic Flow Optimization,19.35,21.1,1.75
2024-09-01,JED-PROJ-020,Obhur Al Waha Traffic Flow Optimization,22.58,23.49,0.91
2024-10-01,JED-PROJ-020,Obhur Al Waha Traffic Flow Optimization,25.81,25.36,-0.45
2024-11-01,JED-PROJ-020,Obhur Al Waha Traffic Flow Optimization,29.03,27.53,-1.5
2024-12-01,JED-PROJ-020,Obhur Al Waha Traffic Flow Optimization,32.26,33.26,1.0
2025-01-01,JED-PROJ-020,Obhur Al Waha Traffic Flow Optimization,35.48,35.69,0.21
2025-02-01,JED-PROJ-020,Obhur Al Waha Traffic Flow Optimization,38.71,38.44,-0.27
2025-03-01,JED-PROJ-020,Obhur Al Waha Traffic Flow Optimization,41.94,43.4,1.46
2025-04-01,JED-PROJ-020,Obhur Al Waha Traffic Flow Optimization,45.16,43.76,-1.4
2025-05-01,JED-PROJ-020,Obhur Al Waha Traffic Flow Optimization,48.39,48.36,-0.03
2025-06-01,JED-PROJ-020,Obhur Al Waha Traffic Flow Optimization,51.61,49.85,-1.76
2025-07-01,JED-PROJ-020,Obhur Al Waha Traffic Flow Optimization,54.84,54.73,-0.11
2025-08-01,JED-PROJ-020,Obhur Al Waha Traffic Flow Optimization,58.06,56.47,-1.59
2025-09-01,JED-PROJ-020,Obhur Al Waha Traffic Flow Optimization,61.29,59.92,-1.37
2025-10-01,JED-PROJ-020,Obhur Al Waha Traffic Flow Optimization,64.52,63.14,-1.38
2025-11-01,JED-PROJ-020,Obhur Al Waha Traffic Flow Optimization,67.74,68.28,0.54
2025-12-01,JED-PROJ-020,Obhur Al Waha Traffic Flow Optimization,70.97,71.85,0.88
2026-01-01,JED-PROJ-020,Obhur Al Waha Traffic Flow Optimization,74.19,74.49,0.3
2026-02-01,JED-PROJ-020,Obhur Al Waha Traffic Flow Optimization,77.42,79.08,1.66
2026-03-01,JED-PROJ-020,Obhur Al Waha Traffic Flow Optimization,80.65,80.19,-0.46
2026-04-01,JED-PROJ-020,Obhur Al Waha Traffic Flow Optimization,83.87,83.1,-0.77
2026-05-01,JED-PROJ-020,Obhur Al Waha Traffic Flow Optimization,87.1,88.42,1.32
2026-06-01,JED-PROJ-020,Obhur Al Waha Traffic Flow Optimization,90.32,89.33,-0.99
2026-07-01,JED-PROJ-020,Obhur Al Waha Traffic Flow Optimization,93.55,95.22,1.67
2026-08-01,JED-PROJ-020,Obhur Al Waha Traffic Flow Optimization,96.77,95.22,-1.55
2026-09-01,JED-PROJ-020,Obhur Al Waha Traffic Flow Optimization,100.0,100.0,0.0
2025-06-11,JED-PROJ-021,Al Balad Al Samer Bridge Rehabilitation,0.0,0.0,0.0
2025-07-01,JED-PROJ-021,Al Balad Al Samer Bridge Rehabilitation,3.1,5.56,2.46
2025-08-01,JED-PROJ-021,Al Balad Al Samer Bridge Rehabilitation,6.2,8.41,2.21
2025-09-01,JED-PROJ-021,Al Balad Al Samer Bridge Rehabilitation,9.3,14.24,4.94
2025-10-01,JED-PROJ-021,Al Balad Al Samer Bridge Rehabilitation,12.39,15.08,2.69
2025-11-01,JED-PROJ-021,Al Balad Al Samer Bridge Rehabilitation,15.49,20.97,5.48
2025-12-01,JED-PROJ-021,Al Balad Al Samer Bridge Rehabilitation,18.59,26.62,8.03
2026-01-01,JED-PROJ-021,Al Balad Al Samer Bridge Rehabilitation,21.69,29.17,7.48
2026-02-01,JED-PROJ-021,Al Balad Al Samer Bridge Rehabilitation,24.79,33.7,8.91
2026-03-01,JED-PROJ-021,Al Balad Al Samer Bridge Rehabilitation,27.89,38.1,10.21
2026-04-01,JED-PROJ-021,Al Balad Al Samer Bridge Rehabilitation,30.99,41.38,10.39
2026-05-01,JED-PROJ-021,Al Balad Al Samer Bridge Rehabilitation,34.09,46.16,12.07
2026-06-01,JED-PROJ-021,Al Balad Al Samer Bridge Rehabilitation,37.18,50.16,12.98
2026-07-01,JED-PROJ-021,Al Balad Al Samer Bridge Rehabilitation,40.28,55.45,15.17
2026-08-01,JED-PROJ-021,Al Balad Al Samer Bridge Rehabilitation,43.38,56.53,13.15
2026-09-01,JED-PROJ-021,Al Balad Al Samer Bridge Rehabilitation,46.48,54.4,7.92
2024-06-11,JED-PROJ-022,King Abdulaziz Road Al Ruwais Mobility Improvement,0.0,1.62,1.62
2024-07-01,JED-PROJ-022,King Abdulaziz Road Al Ruwais Mobility Improvement,2.67,2.05,-0.62
2024-08-01,JED-PROJ-022,King Abdulaziz Road Al Ruwais Mobility Improvement,5.34,2.05,-3.29
2024-09-01,JED-PROJ-022,King Abdulaziz Road Al Ruwais Mobility Improvement,8.0,2.37,-5.63
2024-10-01,JED-PROJ-022,King Abdulaziz Road Al Ruwais Mobility Improvement,10.67,2.37,-8.3
2024-11-01,JED-PROJ-022,King Abdulaziz Road Al Ruwais Mobility Improvement,13.34,2.37,-10.97
2024-12-01,JED-PROJ-022,King Abdulaziz Road Al Ruwais Mobility Improvement,16.01,3.74,-12.27
2025-01-01,JED-PROJ-022,King Abdulaziz Road Al Ruwais Mobility Improvement,18.68,3.98,-14.7
2025-02-01,JED-PROJ-022,King Abdulaziz Road Al Ruwais Mobility Improvement,21.35,5.46,-15.89
2025-03-01,JED-PROJ-022,King Abdulaziz Road Al Ruwais Mobility Improvement,24.01,5.46,-18.55
2025-04-01,JED-PROJ-022,King Abdulaziz Road Al Ruwais Mobility Improvement,26.68,8.15,-18.53
2025-05-01,JED-PROJ-022,King Abdulaziz Road Al Ruwais Mobility Improvement,29.35,8.84,-20.51
2025-06-01,JED-PROJ-022,King Abdulaziz Road Al Ruwais Mobility Improvement,32.02,8.84,-23.18
2025-07-01,JED-PROJ-022,King Abdulaziz Road Al Ruwais Mobility Improvement,34.69,8.84,-25.85
2025-08-01,JED-PROJ-022,King Abdulaziz Road Al Ruwais Mobility Improvement,37.35,8.84,-28.51
2025-09-01,JED-PROJ-022,King Abdulaziz Road Al Ruwais Mobility Improvement,40.02,10.8,-29.22
2025-10-01,JED-PROJ-022,King Abdulaziz Road Al Ruwais Mobility Improvement,42.69,10.98,-31.71
2025-11-01,JED-PROJ-022,King Abdulaziz Road Al Ruwais Mobility Improvement,45.36,10.98,-34.38
2025-12-01,JED-PROJ-022,King Abdulaziz Road Al Ruwais Mobility Improvement,48.03,13.08,-34.95
2026-01-01,JED-PROJ-022,King Abdulaziz Road Al Ruwais Mobility Improvement,50.69,13.41,-37.28
2026-02-01,JED-PROJ-022,King Abdulaziz Road Al Ruwais Mobility Improvement,53.36,14.51,-38.85
2026-03-01,JED-PROJ-022,King Abdulaziz Road Al Ruwais Mobility Improvement,56.03,14.51,-41.52
2026-04-01,JED-PROJ-022,King Abdulaziz Road Al Ruwais Mobility Improvement,58.7,14.59,-44.11
2026-05-01,JED-PROJ-022,King Abdulaziz Road Al Ruwais Mobility Improvement,61.37,14.59,-46.78
2026-06-01,JED-PROJ-022,King Abdulaziz Road Al Ruwais Mobility Improvement,64.04,17.02,-47.02
2026-07-01,JED-PROJ-022,King Abdulaziz Road Al Ruwais Mobility Improvement,66.7,17.43,-49.27
2026-08-01,JED-PROJ-022,King Abdulaziz Road Al Ruwais Mobility Improvement,69.37,17.43,-51.94
2026-09-01,JED-PROJ-022,King Abdulaziz Road Al Ruwais Mobility Improvement,72.04,44.72,-27.32
2023-10-15,JED-PROJ-023,Prince Majed Corridor Al Aziziyah Intersection Upgrade,0.0,0.0,0.0
2023-11-01,JED-PROJ-023,Prince Majed Corridor Al Aziziyah Intersection Upgrade,2.83,2.5,-0.33
2023-12-01,JED-PROJ-023,Prince Majed Corridor Al Aziziyah Intersection Upgrade,5.66,4.52,-1.14
2024-01-01,JED-PROJ-023,Prince Majed Corridor Al Aziziyah Intersection Upgrade,8.49,4.52,-3.97
2024-02-01,JED-PROJ-023,Prince Majed Corridor Al Aziziyah Intersection Upgrade,11.31,5.87,-5.44
2024-03-01,JED-PROJ-023,Prince Majed Corridor Al Aziziyah Intersection Upgrade,14.14,6.49,-7.65
2024-04-01,JED-PROJ-023,Prince Majed Corridor Al Aziziyah Intersection Upgrade,16.97,9.99,-6.98
2024-05-01,JED-PROJ-023,Prince Majed Corridor Al Aziziyah Intersection Upgrade,19.8,10.91,-8.89
2024-06-01,JED-PROJ-023,Prince Majed Corridor Al Aziziyah Intersection Upgrade,22.63,12.28,-10.35
2024-07-01,JED-PROJ-023,Prince Majed Corridor Al Aziziyah Intersection Upgrade,25.46,12.33,-13.13
2024-08-01,JED-PROJ-023,Prince Majed Corridor Al Aziziyah Intersection Upgrade,28.29,13.52,-14.77
2024-09-01,JED-PROJ-023,Prince Majed Corridor Al Aziziyah Intersection Upgrade,31.11,14.4,-16.71
2024-10-01,JED-PROJ-023,Prince Majed Corridor Al Aziziyah Intersection Upgrade,33.94,15.0,-18.94
2024-11-01,JED-PROJ-023,Prince Majed Corridor Al Aziziyah Intersection Upgrade,36.77,19.29,-17.48
2024-12-01,JED-PROJ-023,Prince Majed Corridor Al Aziziyah Intersection Upgrade,39.6,20.49,-19.11
2025-01-01,JED-PROJ-023,Prince Majed Corridor Al Aziziyah Intersection Upgrade,42.43,22.54,-19.89
2025-02-01,JED-PROJ-023,Prince Majed Corridor Al Aziziyah Intersection Upgrade,45.26,23.91,-21.35
2025-03-01,JED-PROJ-023,Prince Majed Corridor Al Aziziyah Intersection Upgrade,48.09,23.91,-24.18
2025-04-01,JED-PROJ-023,Prince Majed Corridor Al Aziziyah Intersection Upgrade,50.91,25.86,-25.05
2025-05-01,JED-PROJ-023,Prince Majed Corridor Al Aziziyah Intersection Upgrade,53.74,27.88,-25.86
2025-06-01,JED-PROJ-023,Prince Majed Corridor Al Aziziyah Intersection Upgrade,56.57,28.92,-27.65
2025-07-01,JED-PROJ-023,Prince Majed Corridor Al Aziziyah Intersection Upgrade,59.4,28.92,-30.48
2025-08-01,JED-PROJ-023,Prince Majed Corridor Al Aziziyah Intersection Upgrade,62.23,30.24,-31.99
2025-09-01,JED-PROJ-023,Prince Majed Corridor Al Aziziyah Intersection Upgrade,65.06,30.47,-34.59
2025-10-01,JED-PROJ-023,Prince Majed Corridor Al Aziziyah Intersection Upgrade,67.89,34.82,-33.07
2025-11-01,JED-PROJ-023,Prince Majed Corridor Al Aziziyah Intersection Upgrade,70.71,34.95,-35.76
2025-12-01,JED-PROJ-023,Prince Majed Corridor Al Aziziyah Intersection Upgrade,73.54,34.98,-38.56
2026-01-01,JED-PROJ-023,Prince Majed Corridor Al Aziziyah Intersection Upgrade,76.37,37.96,-38.41
2026-02-01,JED-PROJ-023,Prince Majed Corridor Al Aziziyah Intersection Upgrade,79.2,39.15,-40.05
2026-03-01,JED-PROJ-023,Prince Majed Corridor Al Aziziyah Intersection Upgrade,82.03,39.59,-42.44
2026-04-01,JED-PROJ-023,Prince Majed Corridor Al Aziziyah Intersection Upgrade,84.86,40.09,-44.77
2026-05-01,JED-PROJ-023,Prince Majed Corridor Al Aziziyah Intersection Upgrade,87.69,43.49,-44.2
2026-06-01,JED-PROJ-023,Prince Majed Corridor Al Aziziyah Intersection Upgrade,90.51,44.32,-46.19
2026-07-01,JED-PROJ-023,Prince Majed Corridor Al Aziziyah Intersection Upgrade,93.34,46.61,-46.73
2026-08-01,JED-PROJ-023,Prince Majed Corridor Al Aziziyah Intersection Upgrade,96.17,47.09,-49.08
2026-09-01,JED-PROJ-023,Prince Majed Corridor Al Aziziyah Intersection Upgrade,99.0,73.7,-25.3
2026-12-23,JED-PROJ-024,Haramain Gateway Al Faisaliyah Corridor Enhancement,0.0,0.0,0.0
2022-06-27,JED-PROJ-025,Northern Jeddah Al Marwah Bridge Rehabilitation,0.0,1.36,1.36
2022-07-01,JED-PROJ-025,Northern Jeddah Al Marwah Bridge Rehabilitation,2.78,2.43,-0.35
2022-08-01,JED-PROJ-025,Northern Jeddah Al Marwah Bridge Rehabilitation,5.56,4.24,-1.32
2022-09-01,JED-PROJ-025,Northern Jeddah Al Marwah Bridge Rehabilitation,8.33,6.64,-1.69
2022-10-01,JED-PROJ-025,Northern Jeddah Al Marwah Bridge Rehabilitation,11.11,12.03,0.92
2022-11-01,JED-PROJ-025,Northern Jeddah Al Marwah Bridge Rehabilitation,13.89,14.32,0.43
2022-12-01,JED-PROJ-025,Northern Jeddah Al Marwah Bridge Rehabilitation,16.67,17.4,0.73
2023-01-01,JED-PROJ-025,Northern Jeddah Al Marwah Bridge Rehabilitation,19.44,18.41,-1.03
2023-02-01,JED-PROJ-025,Northern Jeddah Al Marwah Bridge Rehabilitation,22.22,20.91,-1.31
2023-03-01,JED-PROJ-025,Northern Jeddah Al Marwah Bridge Rehabilitation,25.0,23.25,-1.75
2023-04-01,JED-PROJ-025,Northern Jeddah Al Marwah Bridge Rehabilitation,27.78,27.24,-0.54
2023-05-01,JED-PROJ-025,Northern Jeddah Al Marwah Bridge Rehabilitation,30.56,30.88,0.32
2023-06-01,JED-PROJ-025,Northern Jeddah Al Marwah Bridge Rehabilitation,33.33,32.95,-0.38
2023-07-01,JED-PROJ-025,Northern Jeddah Al Marwah Bridge Rehabilitation,36.11,35.89,-0.22
2023-08-01,JED-PROJ-025,Northern Jeddah Al Marwah Bridge Rehabilitation,38.89,40.34,1.45
2023-09-01,JED-PROJ-025,Northern Jeddah Al Marwah Bridge Rehabilitation,41.67,41.12,-0.55
2023-10-01,JED-PROJ-025,Northern Jeddah Al Marwah Bridge Rehabilitation,44.44,44.49,0.05
2023-11-01,JED-PROJ-025,Northern Jeddah Al Marwah Bridge Rehabilitation,47.22,48.24,1.02
2023-12-01,JED-PROJ-025,Northern Jeddah Al Marwah Bridge Rehabilitation,50.0,49.63,-0.37
2024-01-01,JED-PROJ-025,Northern Jeddah Al Marwah Bridge Rehabilitation,52.78,53.22,0.44
2024-02-01,JED-PROJ-025,Northern Jeddah Al Marwah Bridge Rehabilitation,55.56,56.86,1.3
2024-03-01,JED-PROJ-025,Northern Jeddah Al Marwah Bridge Rehabilitation,58.33,59.95,1.62
2024-04-01,JED-PROJ-025,Northern Jeddah Al Marwah Bridge Rehabilitation,61.11,59.95,-1.16
2024-05-01,JED-PROJ-025,Northern Jeddah Al Marwah Bridge Rehabilitation,63.89,65.42,1.53
2024-06-01,JED-PROJ-025,Northern Jeddah Al Marwah Bridge Rehabilitation,66.67,66.64,-0.03
2024-07-01,JED-PROJ-025,Northern Jeddah Al Marwah Bridge Rehabilitation,69.44,68.57,-0.87
2024-08-01,JED-PROJ-025,Northern Jeddah Al Marwah Bridge Rehabilitation,72.22,72.08,-0.14
2024-09-01,JED-PROJ-025,Northern Jeddah Al Marwah Bridge Rehabilitation,75.0,76.73,1.73
2024-10-01,JED-PROJ-025,Northern Jeddah Al Marwah Bridge Rehabilitation,77.78,77.75,-0.03
2024-11-01,JED-PROJ-025,Northern Jeddah Al Marwah Bridge Rehabilitation,80.56,79.94,-0.62
2024-12-01,JED-PROJ-025,Northern Jeddah Al Marwah Bridge Rehabilitation,83.33,83.81,0.48
2025-01-01,JED-PROJ-025,Northern Jeddah Al Marwah Bridge Rehabilitation,86.11,85.18,-0.93
2025-02-01,JED-PROJ-025,Northern Jeddah Al Marwah Bridge Rehabilitation,88.89,87.36,-1.53
2025-03-01,JED-PROJ-025,Northern Jeddah Al Marwah Bridge Rehabilitation,91.67,90.33,-1.34
2025-04-01,JED-PROJ-025,Northern Jeddah Al Marwah Bridge Rehabilitation,94.44,93.11,-1.33
2025-05-01,JED-PROJ-025,Northern Jeddah Al Marwah Bridge Rehabilitation,97.22,95.97,-1.25
2025-06-01,JED-PROJ-025,Northern Jeddah Al Marwah Bridge Rehabilitation,100.0,100.0,0.0
2025-10-22,JED-PROJ-026,Southern Jeddah Al Balad Transport Link Upgrade,0.0,0.51,0.51
2025-11-01,JED-PROJ-026,Southern Jeddah Al Balad Transport Link Upgrade,4.68,1.63,-3.05
2025-12-01,JED-PROJ-026,Southern Jeddah Al Balad Transport Link Upgrade,9.36,5.0,-4.36
2026-01-01,JED-PROJ-026,Southern Jeddah Al Balad Transport Link Upgrade,14.04,9.75,-4.29
2026-02-01,JED-PROJ-026,Southern Jeddah Al Balad Transport Link Upgrade,18.72,11.01,-7.71
2026-03-01,JED-PROJ-026,Southern Jeddah Al Balad Transport Link Upgrade,23.4,14.48,-8.92
2026-04-01,JED-PROJ-026,Southern Jeddah Al Balad Transport Link Upgrade,28.07,15.47,-12.6
2026-05-01,JED-PROJ-026,Southern Jeddah Al Balad Transport Link Upgrade,32.75,18.32,-14.43
2026-06-01,JED-PROJ-026,Southern Jeddah Al Balad Transport Link Upgrade,37.43,20.55,-16.88
2026-07-01,JED-PROJ-026,Southern Jeddah Al Balad Transport Link Upgrade,42.11,23.79,-18.32
2026-08-01,JED-PROJ-026,Southern Jeddah Al Balad Transport Link Upgrade,46.79,26.96,-19.83
2026-09-01,JED-PROJ-026,Southern Jeddah Al Balad Transport Link Upgrade,51.47,41.0,-10.47
2025-06-26,JED-PROJ-027,Eastern Jeddah Al Khalidiyah Mobility Improvement,0.0,0.0,0.0
2025-07-01,JED-PROJ-027,Eastern Jeddah Al Khalidiyah Mobility Improvement,2.98,1.14,-1.84
2025-08-01,JED-PROJ-027,Eastern Jeddah Al Khalidiyah Mobility Improvement,5.95,4.86,-1.09
2025-09-01,JED-PROJ-027,Eastern Jeddah Al Khalidiyah Mobility Improvement,8.93,6.45,-2.48
2025-10-01,JED-PROJ-027,Eastern Jeddah Al Khalidiyah Mobility Improvement,11.91,9.52,-2.39
2025-11-01,JED-PROJ-027,Eastern Jeddah Al Khalidiyah Mobility Improvement,14.88,12.52,-2.36
2025-12-01,JED-PROJ-027,Eastern Jeddah Al Khalidiyah Mobility Improvement,17.86,15.7,-2.16
2026-01-01,JED-PROJ-027,Eastern Jeddah Al Khalidiyah Mobility Improvement,20.84,15.86,-4.98
2026-02-01,JED-PROJ-027,Eastern Jeddah Al Khalidiyah Mobility Improvement,23.81,21.09,-2.72
2026-03-01,JED-PROJ-027,Eastern Jeddah Al Khalidiyah Mobility Improvement,26.79,22.98,-3.81
2026-04-01,JED-PROJ-027,Eastern Jeddah Al Khalidiyah Mobility Improvement,29.77,23.51,-6.26
2026-05-01,JED-PROJ-027,Eastern Jeddah Al Khalidiyah Mobility Improvement,32.74,28.87,-3.87
2026-06-01,JED-PROJ-027,Eastern Jeddah Al Khalidiyah Mobility Improvement,35.72,31.54,-4.18
2026-07-01,JED-PROJ-027,Eastern Jeddah Al Khalidiyah Mobility Improvement,38.7,31.54,-7.16
2026-08-01,JED-PROJ-027,Eastern Jeddah Al Khalidiyah Mobility Improvement,41.67,34.22,-7.45
2026-09-01,JED-PROJ-027,Eastern Jeddah Al Khalidiyah Mobility Improvement,44.65,41.09,-3.56
2023-09-12,JED-PROJ-028,Western Jeddah Al Rawdah Access Road Development,0.0,0.89,0.89
2023-10-01,JED-PROJ-028,Western Jeddah Al Rawdah Access Road Development,4.35,3.21,-1.14
2023-11-01,JED-PROJ-028,Western Jeddah Al Rawdah Access Road Development,8.7,7.65,-1.05
2023-12-01,JED-PROJ-028,Western Jeddah Al Rawdah Access Road Development,13.04,12.58,-0.46
2024-01-01,JED-PROJ-028,Western Jeddah Al Rawdah Access Road Development,17.39,17.34,-0.05
2024-02-01,JED-PROJ-028,Western Jeddah Al Rawdah Access Road Development,21.74,22.16,0.42
2024-03-01,JED-PROJ-028,Western Jeddah Al Rawdah Access Road Development,26.09,25.62,-0.47
2024-04-01,JED-PROJ-028,Western Jeddah Al Rawdah Access Road Development,30.43,30.3,-0.13
2024-05-01,JED-PROJ-028,Western Jeddah Al Rawdah Access Road Development,34.78,35.67,0.89
2024-06-01,JED-PROJ-028,Western Jeddah Al Rawdah Access Road Development,39.13,37.46,-1.67
2024-07-01,JED-PROJ-028,Western Jeddah Al Rawdah Access Road Development,43.48,42.59,-0.89
2024-08-01,JED-PROJ-028,Western Jeddah Al Rawdah Access Road Development,47.83,48.59,0.76
2024-09-01,JED-PROJ-028,Western Jeddah Al Rawdah Access Road Development,52.17,53.6,1.43
2024-10-01,JED-PROJ-028,Western Jeddah Al Rawdah Access Road Development,56.52,56.56,0.04
2024-11-01,JED-PROJ-028,Western Jeddah Al Rawdah Access Road Development,60.87,60.99,0.12
2024-12-01,JED-PROJ-028,Western Jeddah Al Rawdah Access Road Development,65.22,63.8,-1.42
2025-01-01,JED-PROJ-028,Western Jeddah Al Rawdah Access Road Development,69.57,69.38,-0.19
2025-02-01,JED-PROJ-028,Western Jeddah Al Rawdah Access Road Development,73.91,74.03,0.12
2025-03-01,JED-PROJ-028,Western Jeddah Al Rawdah Access Road Development,78.26,77.33,-0.93
2025-04-01,JED-PROJ-028,Western Jeddah Al Rawdah Access Road Development,82.61,81.78,-0.83
2025-05-01,JED-PROJ-028,Western Jeddah Al Rawdah Access Road Development,86.96,86.51,-0.45
2025-06-01,JED-PROJ-028,Western Jeddah Al Rawdah Access Road Development,91.3,89.58,-1.72
2025-07-01,JED-PROJ-028,Western Jeddah Al Rawdah Access Road Development,95.65,95.01,-0.64
2025-08-01,JED-PROJ-028,Western Jeddah Al Rawdah Access Road Development,100.0,100.0,0.0
2024-06-26,JED-PROJ-029,Central Jeddah Mishrifah Traffic Flow Optimization,0.0,0.0,0.0
2024-07-01,JED-PROJ-029,Central Jeddah Mishrifah Traffic Flow Optimization,5.56,4.19,-1.37
2024-08-01,JED-PROJ-029,Central Jeddah Mishrifah Traffic Flow Optimization,11.11,12.52,1.41
2024-09-01,JED-PROJ-029,Central Jeddah Mishrifah Traffic Flow Optimization,16.67,17.0,0.33
2024-10-01,JED-PROJ-029,Central Jeddah Mishrifah Traffic Flow Optimization,22.22,22.87,0.65
2024-11-01,JED-PROJ-029,Central Jeddah Mishrifah Traffic Flow Optimization,27.78,28.82,1.04
2024-12-01,JED-PROJ-029,Central Jeddah Mishrifah Traffic Flow Optimization,33.33,33.33,0.0
2025-01-01,JED-PROJ-029,Central Jeddah Mishrifah Traffic Flow Optimization,38.89,37.4,-1.49
2025-02-01,JED-PROJ-029,Central Jeddah Mishrifah Traffic Flow Optimization,44.44,44.58,0.14
2025-03-01,JED-PROJ-029,Central Jeddah Mishrifah Traffic Flow Optimization,50.0,50.31,0.31
2025-04-01,JED-PROJ-029,Central Jeddah Mishrifah Traffic Flow Optimization,55.56,56.44,0.88
2025-05-01,JED-PROJ-029,Central Jeddah Mishrifah Traffic Flow Optimization,61.11,60.87,-0.24
2025-06-01,JED-PROJ-029,Central Jeddah Mishrifah Traffic Flow Optimization,66.67,65.33,-1.34
2025-07-01,JED-PROJ-029,Central Jeddah Mishrifah Traffic Flow Optimization,72.22,71.44,-0.78
2025-08-01,JED-PROJ-029,Central Jeddah Mishrifah Traffic Flow Optimization,77.78,77.28,-0.5
2025-09-01,JED-PROJ-029,Central Jeddah Mishrifah Traffic Flow Optimization,83.33,83.86,0.53
2025-10-01,JED-PROJ-029,Central Jeddah Mishrifah Traffic Flow Optimization,88.89,89.14,0.25
2025-11-01,JED-PROJ-029,Central Jeddah Mishrifah Traffic Flow Optimization,94.44,93.93,-0.51
2025-12-01,JED-PROJ-029,Central Jeddah Mishrifah Traffic Flow Optimization,100.0,100.0,0.0
2026-01-31,JED-PROJ-030,Corniche Al Jamiah Bridge Rehabilitation,0.0,0.38,0.38
2026-02-01,JED-PROJ-030,Corniche Al Jamiah Bridge Rehabilitation,5.87,3.66,-2.21
2026-03-01,JED-PROJ-030,Corniche Al Jamiah Bridge Rehabilitation,11.74,7.78,-3.96
2026-04-01,JED-PROJ-030,Corniche Al Jamiah Bridge Rehabilitation,17.6,12.57,-5.03
2026-05-01,JED-PROJ-030,Corniche Al Jamiah Bridge Rehabilitation,23.47,17.52,-5.95
2026-06-01,JED-PROJ-030,Corniche Al Jamiah Bridge Rehabilitation,29.34,21.82,-7.52
2026-07-01,JED-PROJ-030,Corniche Al Jamiah Bridge Rehabilitation,35.2,26.52,-8.68
2026-08-01,JED-PROJ-030,Corniche Al Jamiah Bridge Rehabilitation,41.07,31.48,-9.59
2026-09-01,JED-PROJ-030,Corniche Al Jamiah Bridge Rehabilitation,46.94,41.9,-5.04
2026-04-16,JED-PROJ-031,Airport District Al Rabwah Traffic Flow Optimization,0.0,1.43,1.43
2026-05-01,JED-PROJ-031,Airport District Al Rabwah Traffic Flow Optimization,2.57,1.43,-1.14
2026-06-01,JED-PROJ-031,Airport District Al Rabwah Traffic Flow Optimization,5.14,1.43,-3.71
2026-07-01,JED-PROJ-031,Airport District Al Rabwah Traffic Flow Optimization,7.7,1.43,-6.27
2026-08-01,JED-PROJ-031,Airport District Al Rabwah Traffic Flow Optimization,10.27,1.43,-8.84
2026-09-01,JED-PROJ-031,Airport District Al Rabwah Traffic Flow Optimization,12.84,0.0,-12.84
2025-04-27,JED-PROJ-032,Obhur Al Ajwad Mobility Improvement,0.0,0.0,0.0
2025-05-01,JED-PROJ-032,Obhur Al Ajwad Mobility Improvement,5.33,7.03,1.7
2025-06-01,JED-PROJ-032,Obhur Al Ajwad Mobility Improvement,10.66,11.99,1.33
2025-07-01,JED-PROJ-032,Obhur Al Ajwad Mobility Improvement,16.0,17.16,1.16
2025-08-01,JED-PROJ-032,Obhur Al Ajwad Mobility Improvement,21.33,20.48,-0.85
2025-09-01,JED-PROJ-032,Obhur Al Ajwad Mobility Improvement,26.66,25.51,-1.15
2025-10-01,JED-PROJ-032,Obhur Al Ajwad Mobility Improvement,31.99,32.64,0.65
2025-11-01,JED-PROJ-032,Obhur Al Ajwad Mobility Improvement,37.32,38.92,1.6
2025-12-01,JED-PROJ-032,Obhur Al Ajwad Mobility Improvement,42.65,42.91,0.26
2026-01-01,JED-PROJ-032,Obhur Al Ajwad Mobility Improvement,47.99,48.31,0.32
2026-02-01,JED-PROJ-032,Obhur Al Ajwad Mobility Improvement,53.32,52.6,-0.72
2026-03-01,JED-PROJ-032,Obhur Al Ajwad Mobility Improvement,58.65,59.7,1.05
2026-04-01,JED-PROJ-032,Obhur Al Ajwad Mobility Improvement,63.98,62.94,-1.04
2026-05-01,JED-PROJ-032,Obhur Al Ajwad Mobility Improvement,69.31,68.77,-0.54
2026-06-01,JED-PROJ-032,Obhur Al Ajwad Mobility Improvement,74.64,74.48,-0.16
2026-07-01,JED-PROJ-032,Obhur Al Ajwad Mobility Improvement,79.98,80.11,0.13
2026-08-01,JED-PROJ-032,Obhur Al Ajwad Mobility Improvement,85.31,84.49,-0.82
2026-09-01,JED-PROJ-032,Obhur Al Ajwad Mobility Improvement,90.64,90.7,0.06
2025-08-03,JED-PROJ-033,Al Balad Al Salamah Mixed-Use Infrastructure Development,0.0,0.4,0.4
2025-09-01,JED-PROJ-033,Al Balad Al Salamah Mixed-Use Infrastructure Development,3.92,4.15,0.23
2025-10-01,JED-PROJ-033,Al Balad Al Salamah Mixed-Use Infrastructure Development,7.83,10.11,2.28
2025-11-01,JED-PROJ-033,Al Balad Al Salamah Mixed-Use Infrastructure Development,11.75,13.48,1.73
2025-12-01,JED-PROJ-033,Al Balad Al Salamah Mixed-Use Infrastructure Development,15.66,19.57,3.91
2026-01-01,JED-PROJ-033,Al Balad Al Salamah Mixed-Use Infrastructure Development,19.58,24.66,5.08
2026-02-01,JED-PROJ-033,Al Balad Al Salamah Mixed-Use Infrastructure Development,23.49,27.84,4.35
2026-03-01,JED-PROJ-033,Al Balad Al Salamah Mixed-Use Infrastructure Development,27.41,33.78,6.37
2026-04-01,JED-PROJ-033,Al Balad Al Salamah Mixed-Use Infrastructure Development,31.32,37.96,6.64
2026-05-01,JED-PROJ-033,Al Balad Al Salamah Mixed-Use Infrastructure Development,35.24,42.61,7.37
2026-06-01,JED-PROJ-033,Al Balad Al Salamah Mixed-Use Infrastructure Development,39.15,50.86,11.71
2026-07-01,JED-PROJ-033,Al Balad Al Salamah Mixed-Use Infrastructure Development,43.07,53.36,10.29
2026-08-01,JED-PROJ-033,Al Balad Al Salamah Mixed-Use Infrastructure Development,46.98,60.03,13.05
2026-09-01,JED-PROJ-033,Al Balad Al Salamah Mixed-Use Infrastructure Development,50.9,57.36,6.46
2026-04-07,JED-PROJ-034,King Abdulaziz Road Obhur Boulevard Development,0.0,0.65,0.65
2026-05-01,JED-PROJ-034,King Abdulaziz Road Obhur Boulevard Development,5.36,0.65,-4.71
2026-06-01,JED-PROJ-034,King Abdulaziz Road Obhur Boulevard Development,10.72,0.65,-10.07
2026-07-01,JED-PROJ-034,King Abdulaziz Road Obhur Boulevard Development,16.08,0.65,-15.43
2026-08-01,JED-PROJ-034,King Abdulaziz Road Obhur Boulevard Development,21.44,0.65,-20.79
2026-09-01,JED-PROJ-034,King Abdulaziz Road Obhur Boulevard Development,26.8,8.39,-18.41
2023-08-03,JED-PROJ-035,Prince Majed Corridor Al Zahra Neighborhood Renewal,0.0,1.55,1.55
2023-09-01,JED-PROJ-035,Prince Majed Corridor Al Zahra Neighborhood Renewal,2.27,3.79,1.52
2023-10-01,JED-PROJ-035,Prince Majed Corridor Al Zahra Neighborhood Renewal,4.54,6.87,2.33
2023-11-01,JED-PROJ-035,Prince Majed Corridor Al Zahra Neighborhood Renewal,6.81,6.87,0.06
2023-12-01,JED-PROJ-035,Prince Majed Corridor Al Zahra Neighborhood Renewal,9.08,11.22,2.14
2024-01-01,JED-PROJ-035,Prince Majed Corridor Al Zahra Neighborhood Renewal,11.35,14.56,3.21
2024-02-01,JED-PROJ-035,Prince Majed Corridor Al Zahra Neighborhood Renewal,13.62,14.56,0.94
2024-03-01,JED-PROJ-035,Prince Majed Corridor Al Zahra Neighborhood Renewal,15.89,16.62,0.73
2024-04-01,JED-PROJ-035,Prince Majed Corridor Al Zahra Neighborhood Renewal,18.16,21.65,3.49
2024-05-01,JED-PROJ-035,Prince Majed Corridor Al Zahra Neighborhood Renewal,20.43,23.64,3.21
2024-06-01,JED-PROJ-035,Prince Majed Corridor Al Zahra Neighborhood Renewal,22.7,27.2,4.5
2024-07-01,JED-PROJ-035,Prince Majed Corridor Al Zahra Neighborhood Renewal,24.97,27.27,2.3
2024-08-01,JED-PROJ-035,Prince Majed Corridor Al Zahra Neighborhood Renewal,27.24,32.23,4.99
2024-09-01,JED-PROJ-035,Prince Majed Corridor Al Zahra Neighborhood Renewal,29.51,32.69,3.18
2024-10-01,JED-PROJ-035,Prince Majed Corridor Al Zahra Neighborhood Renewal,31.78,35.15,3.37
2024-11-01,JED-PROJ-035,Prince Majed Corridor Al Zahra Neighborhood Renewal,34.05,37.75,3.7
2024-12-01,JED-PROJ-035,Prince Majed Corridor Al Zahra Neighborhood Renewal,36.32,42.69,6.37
2025-01-01,JED-PROJ-035,Prince Majed Corridor Al Zahra Neighborhood Renewal,38.59,44.75,6.16
2025-02-01,JED-PROJ-035,Prince Majed Corridor Al Zahra Neighborhood Renewal,40.86,46.83,5.97
2025-03-01,JED-PROJ-035,Prince Majed Corridor Al Zahra Neighborhood Renewal,43.12,48.84,5.72
2025-04-01,JED-PROJ-035,Prince Majed Corridor Al Zahra Neighborhood Renewal,45.39,53.3,7.91
2025-05-01,JED-PROJ-035,Prince Majed Corridor Al Zahra Neighborhood Renewal,47.66,54.16,6.5
2025-06-01,JED-PROJ-035,Prince Majed Corridor Al Zahra Neighborhood Renewal,49.93,58.28,8.35
2025-07-01,JED-PROJ-035,Prince Majed Corridor Al Zahra Neighborhood Renewal,52.2,59.52,7.32
2025-08-01,JED-PROJ-035,Prince Majed Corridor Al Zahra Neighborhood Renewal,54.47,61.89,7.42
2025-09-01,JED-PROJ-035,Prince Majed Corridor Al Zahra Neighborhood Renewal,56.74,64.8,8.06
2025-10-01,JED-PROJ-035,Prince Majed Corridor Al Zahra Neighborhood Renewal,59.01,66.81,7.8
2025-11-01,JED-PROJ-035,Prince Majed Corridor Al Zahra Neighborhood Renewal,61.28,71.02,9.74
2025-12-01,JED-PROJ-035,Prince Majed Corridor Al Zahra Neighborhood Renewal,63.55,72.73,9.18
2026-01-01,JED-PROJ-035,Prince Majed Corridor Al Zahra Neighborhood Renewal,65.82,74.36,8.54
2026-02-01,JED-PROJ-035,Prince Majed Corridor Al Zahra Neighborhood Renewal,68.09,79.36,11.27
2026-03-01,JED-PROJ-035,Prince Majed Corridor Al Zahra Neighborhood Renewal,70.36,80.1,9.74
2026-04-01,JED-PROJ-035,Prince Majed Corridor Al Zahra Neighborhood Renewal,72.63,83.27,10.64
2026-05-01,JED-PROJ-035,Prince Majed Corridor Al Zahra Neighborhood Renewal,74.9,87.17,12.27
2026-06-01,JED-PROJ-035,Prince Majed Corridor Al Zahra Neighborhood Renewal,77.17,88.76,11.59
2026-07-01,JED-PROJ-035,Prince Majed Corridor Al Zahra Neighborhood Renewal,79.44,89.53,10.09
2026-08-01,JED-PROJ-035,Prince Majed Corridor Al Zahra Neighborhood Renewal,81.71,95.09,13.38
2026-09-01,JED-PROJ-035,Prince Majed Corridor Al Zahra Neighborhood Renewal,83.98,90.04,6.06
2024-07-29,JED-PROJ-036,Haramain Gateway Al Bawadi Neighborhood Renewal,0.0,0.0,0.0
2024-08-01,JED-PROJ-036,Haramain Gateway Al Bawadi Neighborhood Renewal,4.35,3.05,-1.3
2024-09-01,JED-PROJ-036,Haramain Gateway Al Bawadi Neighborhood Renewal,8.7,9.75,1.05
2024-10-01,JED-PROJ-036,Haramain Gateway Al Bawadi Neighborhood Renewal,13.04,13.48,0.44
2024-11-01,JED-PROJ-036,Haramain Gateway Al Bawadi Neighborhood Renewal,17.39,17.51,0.12
2024-12-01,JED-PROJ-036,Haramain Gateway Al Bawadi Neighborhood Renewal,21.74,23.16,1.42
2025-01-01,JED-PROJ-036,Haramain Gateway Al Bawadi Neighborhood Renewal,26.09,27.13,1.04
2025-02-01,JED-PROJ-036,Haramain Gateway Al Bawadi Neighborhood Renewal,30.43,29.18,-1.25
2025-03-01,JED-PROJ-036,Haramain Gateway Al Bawadi Neighborhood Renewal,34.78,34.1,-0.68
2025-04-01,JED-PROJ-036,Haramain Gateway Al Bawadi Neighborhood Renewal,39.13,38.22,-0.91
2025-05-01,JED-PROJ-036,Haramain Gateway Al Bawadi Neighborhood Renewal,43.48,44.36,0.88
2025-06-01,JED-PROJ-036,Haramain Gateway Al Bawadi Neighborhood Renewal,47.83,46.15,-1.68
2025-07-01,JED-PROJ-036,Haramain Gateway Al Bawadi Neighborhood Renewal,52.17,52.43,0.26
2025-08-01,JED-PROJ-036,Haramain Gateway Al Bawadi Neighborhood Renewal,56.52,57.47,0.95
2025-09-01,JED-PROJ-036,Haramain Gateway Al Bawadi Neighborhood Renewal,60.87,62.23,1.36
2025-10-01,JED-PROJ-036,Haramain Gateway Al Bawadi Neighborhood Renewal,65.22,64.65,-0.57
2025-11-01,JED-PROJ-036,Haramain Gateway Al Bawadi Neighborhood Renewal,69.57,70.72,1.15
2025-12-01,JED-PROJ-036,Haramain Gateway Al Bawadi Neighborhood Renewal,73.91,72.51,-1.4
2026-01-01,JED-PROJ-036,Haramain Gateway Al Bawadi Neighborhood Renewal,78.26,79.51,1.25
2026-02-01,JED-PROJ-036,Haramain Gateway Al Bawadi Neighborhood Renewal,82.61,81.27,-1.34
2026-03-01,JED-PROJ-036,Haramain Gateway Al Bawadi Neighborhood Renewal,86.96,86.59,-0.37
2026-04-01,JED-PROJ-036,Haramain Gateway Al Bawadi Neighborhood Renewal,91.3,92.37,1.07
2026-05-01,JED-PROJ-036,Haramain Gateway Al Bawadi Neighborhood Renewal,95.65,94.39,-1.26
2026-06-01,JED-PROJ-036,Haramain Gateway Al Bawadi Neighborhood Renewal,100.0,100.0,0.0
2024-10-20,JED-PROJ-037,Northern Jeddah Al Rawabi Public Realm Improvement,0.0,0.8,0.8
2024-11-01,JED-PROJ-037,Northern Jeddah Al Rawabi Public Realm Improvement,2.36,0.8,-1.56
2024-12-01,JED-PROJ-037,Northern Jeddah Al Rawabi Public Realm Improvement,4.72,0.8,-3.92
2025-01-01,JED-PROJ-037,Northern Jeddah Al Rawabi Public Realm Improvement,7.08,0.8,-6.28
2025-02-01,JED-PROJ-037,Northern Jeddah Al Rawabi Public Realm Improvement,9.44,0.8,-8.64
2025-03-01,JED-PROJ-037,Northern Jeddah Al Rawabi Public Realm Improvement,11.8,0.8,-11.0
2025-04-01,JED-PROJ-037,Northern Jeddah Al Rawabi Public Realm Improvement,14.16,0.8,-13.36
2025-05-01,JED-PROJ-037,Northern Jeddah Al Rawabi Public Realm Improvement,16.52,0.8,-15.72
2025-06-01,JED-PROJ-037,Northern Jeddah Al Rawabi Public Realm Improvement,18.88,0.8,-18.08
2025-07-01,JED-PROJ-037,Northern Jeddah Al Rawabi Public Realm Improvement,21.24,0.8,-20.44
2025-08-01,JED-PROJ-037,Northern Jeddah Al Rawabi Public Realm Improvement,23.6,0.8,-22.8
2025-09-01,JED-PROJ-037,Northern Jeddah Al Rawabi Public Realm Improvement,25.96,0.8,-25.16
2025-10-01,JED-PROJ-037,Northern Jeddah Al Rawabi Public Realm Improvement,28.33,0.8,-27.53
2025-11-01,JED-PROJ-037,Northern Jeddah Al Rawabi Public Realm Improvement,30.69,0.8,-29.89
2025-12-01,JED-PROJ-037,Northern Jeddah Al Rawabi Public Realm Improvement,33.05,0.8,-32.25
2026-01-01,JED-PROJ-037,Northern Jeddah Al Rawabi Public Realm Improvement,35.41,0.8,-34.61
2026-02-01,JED-PROJ-037,Northern Jeddah Al Rawabi Public Realm Improvement,37.77,0.8,-36.97
2026-03-01,JED-PROJ-037,Northern Jeddah Al Rawabi Public Realm Improvement,40.13,0.8,-39.33
2026-04-01,JED-PROJ-037,Northern Jeddah Al Rawabi Public Realm Improvement,42.49,0.8,-41.69
2026-05-01,JED-PROJ-037,Northern Jeddah Al Rawabi Public Realm Improvement,44.85,0.8,-44.05
2026-06-01,JED-PROJ-037,Northern Jeddah Al Rawabi Public Realm Improvement,47.21,0.8,-46.41
2026-07-01,JED-PROJ-037,Northern Jeddah Al Rawabi Public Realm Improvement,49.57,0.8,-48.77
2026-08-01,JED-PROJ-037,Northern Jeddah Al Rawabi Public Realm Improvement,51.93,0.8,-51.13
2026-09-01,JED-PROJ-037,Northern Jeddah Al Rawabi Public Realm Improvement,54.29,16.31,-37.98
2025-08-22,JED-PROJ-038,Southern Jeddah Al Naeem Mixed-Use Infrastructure Development,0.0,0.0,0.0
2025-09-01,JED-PROJ-038,Southern Jeddah Al Naeem Mixed-Use Infrastructure Development,4.63,0.47,-4.16
2025-10-01,JED-PROJ-038,Southern Jeddah Al Naeem Mixed-Use Infrastructure Development,9.25,0.78,-8.47
2025-11-01,JED-PROJ-038,Southern Jeddah Al Naeem Mixed-Use Infrastructure Development,13.88,0.78,-13.1
2025-12-01,JED-PROJ-038,Southern Jeddah Al Naeem Mixed-Use Infrastructure Development,18.5,1.64,-16.86
2026-01-01,JED-PROJ-038,Southern Jeddah Al Naeem Mixed-Use Infrastructure Development,23.13,2.54,-20.59
2026-02-01,JED-PROJ-038,Southern Jeddah Al Naeem Mixed-Use Infrastructure Development,27.75,2.71,-25.04
2026-03-01,JED-PROJ-038,Southern Jeddah Al Naeem Mixed-Use Infrastructure Development,32.38,2.71,-29.67
2026-04-01,JED-PROJ-038,Southern Jeddah Al Naeem Mixed-Use Infrastructure Development,37.0,2.71,-34.29
2026-05-01,JED-PROJ-038,Southern Jeddah Al Naeem Mixed-Use Infrastructure Development,41.63,3.51,-38.12
2026-06-01,JED-PROJ-038,Southern Jeddah Al Naeem Mixed-Use Infrastructure Development,46.25,3.51,-42.74
2026-07-01,JED-PROJ-038,Southern Jeddah Al Naeem Mixed-Use Infrastructure Development,50.88,3.51,-47.37
2026-08-01,JED-PROJ-038,Southern Jeddah Al Naeem Mixed-Use Infrastructure Development,55.5,3.87,-51.63
2026-09-01,JED-PROJ-038,Southern Jeddah Al Naeem Mixed-Use Infrastructure Development,60.13,31.34,-28.79
2025-04-10,JED-PROJ-039,Eastern Jeddah Al Samer Public Realm Improvement,0.0,0.07,0.07
2025-05-01,JED-PROJ-039,Eastern Jeddah Al Samer Public Realm Improvement,3.34,0.07,-3.27
2025-06-01,JED-PROJ-039,Eastern Jeddah Al Samer Public Realm Improvement,6.68,0.07,-6.61
2025-07-01,JED-PROJ-039,Eastern Jeddah Al Samer Public Realm Improvement,10.02,0.07,-9.95
2025-08-01,JED-PROJ-039,Eastern Jeddah Al Samer Public Realm Improvement,13.36,0.07,-13.29
2025-09-01,JED-PROJ-039,Eastern Jeddah Al Samer Public Realm Improvement,16.7,0.07,-16.63
2025-10-01,JED-PROJ-039,Eastern Jeddah Al Samer Public Realm Improvement,20.04,0.07,-19.97
2025-11-01,JED-PROJ-039,Eastern Jeddah Al Samer Public Realm Improvement,23.38,0.07,-23.31
2025-12-01,JED-PROJ-039,Eastern Jeddah Al Samer Public Realm Improvement,26.72,0.07,-26.65
2026-01-01,JED-PROJ-039,Eastern Jeddah Al Samer Public Realm Improvement,30.06,0.07,-29.99
2026-02-01,JED-PROJ-039,Eastern Jeddah Al Samer Public Realm Improvement,33.4,0.07,-33.33
2026-03-01,JED-PROJ-039,Eastern Jeddah Al Samer Public Realm Improvement,36.74,0.07,-36.67
2026-04-01,JED-PROJ-039,Eastern Jeddah Al Samer Public Realm Improvement,40.08,0.07,-40.01
2026-05-01,JED-PROJ-039,Eastern Jeddah Al Samer Public Realm Improvement,43.42,0.07,-43.35
2026-06-01,JED-PROJ-039,Eastern Jeddah Al Samer Public Realm Improvement,46.76,0.07,-46.69
2026-07-01,JED-PROJ-039,Eastern Jeddah Al Samer Public Realm Improvement,50.1,0.07,-50.03
2026-08-01,JED-PROJ-039,Eastern Jeddah Al Samer Public Realm Improvement,53.44,0.07,-53.37
2026-09-01,JED-PROJ-039,Eastern Jeddah Al Samer Public Realm Improvement,56.78,21.15,-35.63
2025-01-04,JED-PROJ-040,Western Jeddah Al Ruwais Urban Gateway Upgrade,0.0,0.0,0.0
2025-02-01,JED-PROJ-040,Western Jeddah Al Ruwais Urban Gateway Upgrade,2.5,2.41,-0.09
2025-03-01,JED-PROJ-040,Western Jeddah Al Ruwais Urban Gateway Upgrade,5.0,4.55,-0.45
2025-04-01,JED-PROJ-040,Western Jeddah Al Ruwais Urban Gateway Upgrade,7.51,8.75,1.24
2025-05-01,JED-PROJ-040,Western Jeddah Al Ruwais Urban Gateway Upgrade,10.01,9.18,-0.83
2025-06-01,JED-PROJ-040,Western Jeddah Al Ruwais Urban Gateway Upgrade,12.51,12.39,-0.12
2025-07-01,JED-PROJ-040,Western Jeddah Al Ruwais Urban Gateway Upgrade,15.01,14.99,-0.02
2025-08-01,JED-PROJ-040,Western Jeddah Al Ruwais Urban Gateway Upgrade,17.51,15.18,-2.33
2025-09-01,JED-PROJ-040,Western Jeddah Al Ruwais Urban Gateway Upgrade,20.02,19.94,-0.08
2025-10-01,JED-PROJ-040,Western Jeddah Al Ruwais Urban Gateway Upgrade,22.52,20.61,-1.91
2025-11-01,JED-PROJ-040,Western Jeddah Al Ruwais Urban Gateway Upgrade,25.02,25.85,0.83
2025-12-01,JED-PROJ-040,Western Jeddah Al Ruwais Urban Gateway Upgrade,27.52,25.85,-1.67
2026-01-01,JED-PROJ-040,Western Jeddah Al Ruwais Urban Gateway Upgrade,30.02,28.72,-1.3
2026-02-01,JED-PROJ-040,Western Jeddah Al Ruwais Urban Gateway Upgrade,32.53,29.95,-2.58
2026-03-01,JED-PROJ-040,Western Jeddah Al Ruwais Urban Gateway Upgrade,35.03,35.65,0.62
2026-04-01,JED-PROJ-040,Western Jeddah Al Ruwais Urban Gateway Upgrade,37.53,36.29,-1.24
2026-05-01,JED-PROJ-040,Western Jeddah Al Ruwais Urban Gateway Upgrade,40.03,39.05,-0.98
2026-06-01,JED-PROJ-040,Western Jeddah Al Ruwais Urban Gateway Upgrade,42.53,39.56,-2.97
2026-07-01,JED-PROJ-040,Western Jeddah Al Ruwais Urban Gateway Upgrade,45.04,44.44,-0.6
2026-08-01,JED-PROJ-040,Western Jeddah Al Ruwais Urban Gateway Upgrade,47.54,44.92,-2.62
2026-09-01,JED-PROJ-040,Western Jeddah Al Ruwais Urban Gateway Upgrade,50.04,49.21,-0.83
2027-01-01,JED-PROJ-041,Central Jeddah Al Aziziyah Urban Gateway Upgrade,0.0,0.0,0.0
2026-03-26,JED-PROJ-042,Corniche Al Thaghr Mixed-Use Infrastructure Development,0.0,0.0,0.0
2026-04-01,JED-PROJ-042,Corniche Al Thaghr Mixed-Use Infrastructure Development,2.04,3.7,1.66
2026-05-01,JED-PROJ-042,Corniche Al Thaghr Mixed-Use Infrastructure Development,4.09,7.84,3.75
2026-06-01,JED-PROJ-042,Corniche Al Thaghr Mixed-Use Infrastructure Development,6.14,9.84,3.7
2026-07-01,JED-PROJ-042,Corniche Al Thaghr Mixed-Use Infrastructure Development,8.18,16.2,8.02
2026-08-01,JED-PROJ-042,Corniche Al Thaghr Mixed-Use Infrastructure Development,10.22,18.84,8.62
2026-09-01,JED-PROJ-042,Corniche Al Thaghr Mixed-Use Infrastructure Development,12.27,17.54,5.27
2024-10-12,JED-PROJ-043,Airport District Al Faisaliyah Neighborhood Renewal,0.0,0.0,0.0
2024-11-01,JED-PROJ-043,Airport District Al Faisaliyah Neighborhood Renewal,2.46,0.76,-1.7
2024-12-01,JED-PROJ-043,Airport District Al Faisaliyah Neighborhood Renewal,4.91,2.46,-2.45
2025-01-01,JED-PROJ-043,Airport District Al Faisaliyah Neighborhood Renewal,7.37,2.46,-4.91
2025-02-01,JED-PROJ-043,Airport District Al Faisaliyah Neighborhood Renewal,9.83,3.34,-6.49
2025-03-01,JED-PROJ-043,Airport District Al Faisaliyah Neighborhood Renewal,12.28,6.91,-5.37
2025-04-01,JED-PROJ-043,Airport District Al Faisaliyah Neighborhood Renewal,14.74,8.34,-6.4
2025-05-01,JED-PROJ-043,Airport District Al Faisaliyah Neighborhood Renewal,17.2,8.34,-8.86
2025-06-01,JED-PROJ-043,Airport District Al Faisaliyah Neighborhood Renewal,19.65,8.34,-11.31
2025-07-01,JED-PROJ-043,Airport District Al Faisaliyah Neighborhood Renewal,22.11,10.61,-11.5
2025-08-01,JED-PROJ-043,Airport District Al Faisaliyah Neighborhood Renewal,24.57,10.89,-13.68
2025-09-01,JED-PROJ-043,Airport District Al Faisaliyah Neighborhood Renewal,27.02,10.89,-16.13
2025-10-01,JED-PROJ-043,Airport District Al Faisaliyah Neighborhood Renewal,29.48,12.22,-17.26
2025-11-01,JED-PROJ-043,Airport District Al Faisaliyah Neighborhood Renewal,31.93,15.36,-16.57
2025-12-01,JED-PROJ-043,Airport District Al Faisaliyah Neighborhood Renewal,34.39,16.28,-18.11
2026-01-01,JED-PROJ-043,Airport District Al Faisaliyah Neighborhood Renewal,36.85,16.28,-20.57
2026-02-01,JED-PROJ-043,Airport District Al Faisaliyah Neighborhood Renewal,39.3,16.95,-22.35
2026-03-01,JED-PROJ-043,Airport District Al Faisaliyah Neighborhood Renewal,41.76,18.1,-23.66
2026-04-01,JED-PROJ-043,Airport District Al Faisaliyah Neighborhood Renewal,44.22,20.81,-23.41
2026-05-01,JED-PROJ-043,Airport District Al Faisaliyah Neighborhood Renewal,46.67,20.81,-25.86
2026-06-01,JED-PROJ-043,Airport District Al Faisaliyah Neighborhood Renewal,49.13,21.01,-28.12
2026-07-01,JED-PROJ-043,Airport District Al Faisaliyah Neighborhood Renewal,51.59,24.64,-26.95
2026-08-01,JED-PROJ-043,Airport District Al Faisaliyah Neighborhood Renewal,54.04,24.64,-29.4
2026-09-01,JED-PROJ-043,Airport District Al Faisaliyah Neighborhood Renewal,56.5,41.15,-15.35
2025-03-21,JED-PROJ-044,Obhur Al Manar Urban Regeneration,0.0,0.0,0.0
2025-04-01,JED-PROJ-044,Obhur Al Manar Urban Regeneration,2.34,1.48,-0.86
2025-05-01,JED-PROJ-044,Obhur Al Manar Urban Regeneration,4.68,4.91,0.23
2025-06-01,JED-PROJ-044,Obhur Al Manar Urban Regeneration,7.02,9.55,2.53
2025-07-01,JED-PROJ-044,Obhur Al Manar Urban Regeneration,9.36,12.95,3.59
2025-08-01,JED-PROJ-044,Obhur Al Manar Urban Regeneration,11.71,15.78,4.07
2025-09-01,JED-PROJ-044,Obhur Al Manar Urban Regeneration,14.05,17.14,3.09
2025-10-01,JED-PROJ-044,Obhur Al Manar Urban Regeneration,16.39,21.03,4.64
2025-11-01,JED-PROJ-044,Obhur Al Manar Urban Regeneration,18.73,22.28,3.55
2025-12-01,JED-PROJ-044,Obhur Al Manar Urban Regeneration,21.07,25.52,4.45
2026-01-01,JED-PROJ-044,Obhur Al Manar Urban Regeneration,23.41,30.6,7.19
2026-02-01,JED-PROJ-044,Obhur Al Manar Urban Regeneration,25.75,30.6,4.85
2026-03-01,JED-PROJ-044,Obhur Al Manar Urban Regeneration,28.09,33.52,5.43
2026-04-01,JED-PROJ-044,Obhur Al Manar Urban Regeneration,30.43,36.88,6.45
2026-05-01,JED-PROJ-044,Obhur Al Manar Urban Regeneration,32.78,39.14,6.36
2026-06-01,JED-PROJ-044,Obhur Al Manar Urban Regeneration,35.12,42.62,7.5
2026-07-01,JED-PROJ-044,Obhur Al Manar Urban Regeneration,37.46,46.98,9.52
2026-08-01,JED-PROJ-044,Obhur Al Manar Urban Regeneration,39.8,49.32,9.52
2026-09-01,JED-PROJ-044,Obhur Al Manar Urban Regeneration,42.14,47.33,5.19
2024-03-02,JED-PROJ-045,Al Balad Prince Fawaz Waterfront Enhancement,0.0,1.14,1.14
2024-04-01,JED-PROJ-045,Al Balad Prince Fawaz Waterfront Enhancement,2.55,2.12,-0.43
2024-05-01,JED-PROJ-045,Al Balad Prince Fawaz Waterfront Enhancement,5.1,4.51,-0.59
2024-06-01,JED-PROJ-045,Al Balad Prince Fawaz Waterfront Enhancement,7.66,7.63,-0.03
2024-07-01,JED-PROJ-045,Al Balad Prince Fawaz Waterfront Enhancement,10.21,11.07,0.86
2024-08-01,JED-PROJ-045,Al Balad Prince Fawaz Waterfront Enhancement,12.76,12.6,-0.16
2024-09-01,JED-PROJ-045,Al Balad Prince Fawaz Waterfront Enhancement,15.31,16.57,1.26
2024-10-01,JED-PROJ-045,Al Balad Prince Fawaz Waterfront Enhancement,17.87,18.48,0.61
2024-11-01,JED-PROJ-045,Al Balad Prince Fawaz Waterfront Enhancement,20.42,21.68,1.26
2024-12-01,JED-PROJ-045,Al Balad Prince Fawaz Waterfront Enhancement,22.97,23.95,0.98
2025-01-01,JED-PROJ-045,Al Balad Prince Fawaz Waterfront Enhancement,25.52,26.13,0.61
2025-02-01,JED-PROJ-045,Al Balad Prince Fawaz Waterfront Enhancement,28.08,31.17,3.09
2025-03-01,JED-PROJ-045,Al Balad Prince Fawaz Waterfront Enhancement,30.63,33.19,2.56
2025-04-01,JED-PROJ-045,Al Balad Prince Fawaz Waterfront Enhancement,33.18,33.64,0.46
2025-05-01,JED-PROJ-045,Al Balad Prince Fawaz Waterfront Enhancement,35.73,38.94,3.21
2025-06-01,JED-PROJ-045,Al Balad Prince Fawaz Waterfront Enhancement,38.28,40.26,1.98
2025-07-01,JED-PROJ-045,Al Balad Prince Fawaz Waterfront Enhancement,40.84,44.41,3.57
2025-08-01,JED-PROJ-045,Al Balad Prince Fawaz Waterfront Enhancement,43.39,46.76,3.37
2025-09-01,JED-PROJ-045,Al Balad Prince Fawaz Waterfront Enhancement,45.94,48.1,2.16
2025-10-01,JED-PROJ-045,Al Balad Prince Fawaz Waterfront Enhancement,48.49,49.33,0.84
2025-11-01,JED-PROJ-045,Al Balad Prince Fawaz Waterfront Enhancement,51.05,52.91,1.86
2025-12-01,JED-PROJ-045,Al Balad Prince Fawaz Waterfront Enhancement,53.6,56.58,2.98
2026-01-01,JED-PROJ-045,Al Balad Prince Fawaz Waterfront Enhancement,56.15,59.59,3.44
2026-02-01,JED-PROJ-045,Al Balad Prince Fawaz Waterfront Enhancement,58.7,60.93,2.23
2026-03-01,JED-PROJ-045,Al Balad Prince Fawaz Waterfront Enhancement,61.26,63.19,1.93
2026-04-01,JED-PROJ-045,Al Balad Prince Fawaz Waterfront Enhancement,63.81,68.38,4.57
2026-05-01,JED-PROJ-045,Al Balad Prince Fawaz Waterfront Enhancement,66.36,71.61,5.25
2026-06-01,JED-PROJ-045,Al Balad Prince Fawaz Waterfront Enhancement,68.91,72.64,3.73
2026-07-01,JED-PROJ-045,Al Balad Prince Fawaz Waterfront Enhancement,71.47,74.05,2.58
2026-08-01,JED-PROJ-045,Al Balad Prince Fawaz Waterfront Enhancement,74.02,77.1,3.08
2026-09-01,JED-PROJ-045,Al Balad Prince Fawaz Waterfront Enhancement,76.57,78.59,2.02
2027-04-03,JED-PROJ-046,King Abdulaziz Road Al Safa Waterfront Enhancement,0.0,0.0,0.0
2027-08-09,JED-PROJ-047,Prince Majed Corridor Al Hamdaniyah Urban Gateway Upgrade,0.0,0.0,0.0
2025-01-16,JED-PROJ-048,Haramain Gateway Al Jamiah District Revitalization,0.0,0.2,0.2
2025-02-01,JED-PROJ-048,Haramain Gateway Al Jamiah District Revitalization,2.24,0.2,-2.04
2025-03-01,JED-PROJ-048,Haramain Gateway Al Jamiah District Revitalization,4.47,0.4,-4.07
2025-04-01,JED-PROJ-048,Haramain Gateway Al Jamiah District Revitalization,6.71,0.4,-6.31
2025-05-01,JED-PROJ-048,Haramain Gateway Al Jamiah District Revitalization,8.94,0.4,-8.54
2025-06-01,JED-PROJ-048,Haramain Gateway Al Jamiah District Revitalization,11.18,0.4,-10.78
2025-07-01,JED-PROJ-048,Haramain Gateway Al Jamiah District Revitalization,13.41,0.4,-13.01
2025-08-01,JED-PROJ-048,Haramain Gateway Al Jamiah District Revitalization,15.65,0.4,-15.25
2025-09-01,JED-PROJ-048,Haramain Gateway Al Jamiah District Revitalization,17.88,0.4,-17.48
2025-10-01,JED-PROJ-048,Haramain Gateway Al Jamiah District Revitalization,20.12,0.4,-19.72
2025-11-01,JED-PROJ-048,Haramain Gateway Al Jamiah District Revitalization,22.35,0.4,-21.95
2025-12-01,JED-PROJ-048,Haramain Gateway Al Jamiah District Revitalization,24.59,0.4,-24.19
2026-01-01,JED-PROJ-048,Haramain Gateway Al Jamiah District Revitalization,26.82,0.4,-26.42
2026-02-01,JED-PROJ-048,Haramain Gateway Al Jamiah District Revitalization,29.06,0.4,-28.66
2026-03-01,JED-PROJ-048,Haramain Gateway Al Jamiah District Revitalization,31.29,0.4,-30.89
2026-04-01,JED-PROJ-048,Haramain Gateway Al Jamiah District Revitalization,33.53,0.4,-33.13
2026-05-01,JED-PROJ-048,Haramain Gateway Al Jamiah District Revitalization,35.76,0.4,-35.36
2026-06-01,JED-PROJ-048,Haramain Gateway Al Jamiah District Revitalization,38.0,0.4,-37.6
2026-07-01,JED-PROJ-048,Haramain Gateway Al Jamiah District Revitalization,40.23,0.4,-39.83
2026-08-01,JED-PROJ-048,Haramain Gateway Al Jamiah District Revitalization,42.46,0.4,-42.06
2026-09-01,JED-PROJ-048,Haramain Gateway Al Jamiah District Revitalization,44.7,18.39,-26.31
2025-09-27,JED-PROJ-049,Northern Jeddah Al Hamra Urban Gateway Upgrade,0.0,0.0,0.0
2025-10-01,JED-PROJ-049,Northern Jeddah Al Hamra Urban Gateway Upgrade,3.34,3.98,0.64
2025-11-01,JED-PROJ-049,Northern Jeddah Al Hamra Urban Gateway Upgrade,6.69,8.0,1.31
2025-12-01,JED-PROJ-049,Northern Jeddah Al Hamra Urban Gateway Upgrade,10.03,12.62,2.59
2026-01-01,JED-PROJ-049,Northern Jeddah Al Hamra Urban Gateway Upgrade,13.37,18.31,4.94
2026-02-01,JED-PROJ-049,Northern Jeddah Al Hamra Urban Gateway Upgrade,16.72,21.17,4.45
2026-03-01,JED-PROJ-049,Northern Jeddah Al Hamra Urban Gateway Upgrade,20.06,26.52,6.46
2026-04-01,JED-PROJ-049,Northern Jeddah Al Hamra Urban Gateway Upgrade,23.4,30.57,7.17
2026-05-01,JED-PROJ-049,Northern Jeddah Al Hamra Urban Gateway Upgrade,26.75,35.63,8.88
2026-06-01,JED-PROJ-049,Northern Jeddah Al Hamra Urban Gateway Upgrade,30.09,40.99,10.9
2026-07-01,JED-PROJ-049,Northern Jeddah Al Hamra Urban Gateway Upgrade,33.43,44.64,11.21
2026-08-01,JED-PROJ-049,Northern Jeddah Al Hamra Urban Gateway Upgrade,36.78,47.15,10.37
2026-09-01,JED-PROJ-049,Northern Jeddah Al Hamra Urban Gateway Upgrade,40.12,46.34,6.22
2022-10-12,JED-PROJ-050,Southern Jeddah Al Rowais Neighborhood Renewal,0.0,0.0,0.0
2022-11-01,JED-PROJ-050,Southern Jeddah Al Rowais Neighborhood Renewal,2.17,2.52,0.35
2022-12-01,JED-PROJ-050,Southern Jeddah Al Rowais Neighborhood Renewal,4.35,2.73,-1.62
2023-01-01,JED-PROJ-050,Southern Jeddah Al Rowais Neighborhood Renewal,6.52,6.51,-0.01
2023-02-01,JED-PROJ-050,Southern Jeddah Al Rowais Neighborhood Renewal,8.7,9.04,0.34
2023-03-01,JED-PROJ-050,Southern Jeddah Al Rowais Neighborhood Renewal,10.87,10.27,-0.6
2023-04-01,JED-PROJ-050,Southern Jeddah Al Rowais Neighborhood Renewal,13.04,14.02,0.98
2023-05-01,JED-PROJ-050,Southern Jeddah Al Rowais Neighborhood Renewal,15.22,14.02,-1.2
2023-06-01,JED-PROJ-050,Southern Jeddah Al Rowais Neighborhood Renewal,17.39,15.86,-1.53
2023-07-01,JED-PROJ-050,Southern Jeddah Al Rowais Neighborhood Renewal,19.57,20.39,0.82
2023-08-01,JED-PROJ-050,Southern Jeddah Al Rowais Neighborhood Renewal,21.74,21.72,-0.02
2023-09-01,JED-PROJ-050,Southern Jeddah Al Rowais Neighborhood Renewal,23.91,24.59,0.68
2023-10-01,JED-PROJ-050,Southern Jeddah Al Rowais Neighborhood Renewal,26.09,25.85,-0.24
2023-11-01,JED-PROJ-050,Southern Jeddah Al Rowais Neighborhood Renewal,28.26,27.35,-0.91
2023-12-01,JED-PROJ-050,Southern Jeddah Al Rowais Neighborhood Renewal,30.43,31.58,1.15
2024-01-01,JED-PROJ-050,Southern Jeddah Al Rowais Neighborhood Renewal,32.61,33.69,1.08
2024-02-01,JED-PROJ-050,Southern Jeddah Al Rowais Neighborhood Renewal,34.78,35.48,0.7
2024-03-01,JED-PROJ-050,Southern Jeddah Al Rowais Neighborhood Renewal,36.96,36.14,-0.82
2024-04-01,JED-PROJ-050,Southern Jeddah Al Rowais Neighborhood Renewal,39.13,39.46,0.33
2024-05-01,JED-PROJ-050,Southern Jeddah Al Rowais Neighborhood Renewal,41.3,40.8,-0.5
2024-06-01,JED-PROJ-050,Southern Jeddah Al Rowais Neighborhood Renewal,43.48,42.01,-1.47
2024-07-01,JED-PROJ-050,Southern Jeddah Al Rowais Neighborhood Renewal,45.65,47.15,1.5
2024-08-01,JED-PROJ-050,Southern Jeddah Al Rowais Neighborhood Renewal,47.83,47.15,-0.68
2024-09-01,JED-PROJ-050,Southern Jeddah Al Rowais Neighborhood Renewal,50.0,51.62,1.62
2024-10-01,JED-PROJ-050,Southern Jeddah Al Rowais Neighborhood Renewal,52.17,51.98,-0.19
2024-11-01,JED-PROJ-050,Southern Jeddah Al Rowais Neighborhood Renewal,54.35,53.21,-1.14
2024-12-01,JED-PROJ-050,Southern Jeddah Al Rowais Neighborhood Renewal,56.52,56.67,0.15
2025-01-01,JED-PROJ-050,Southern Jeddah Al Rowais Neighborhood Renewal,58.7,60.04,1.34
2025-02-01,JED-PROJ-050,Southern Jeddah Al Rowais Neighborhood Renewal,60.87,61.71,0.84
2025-03-01,JED-PROJ-050,Southern Jeddah Al Rowais Neighborhood Renewal,63.04,64.15,1.11
2025-04-01,JED-PROJ-050,Southern Jeddah Al Rowais Neighborhood Renewal,65.22,65.79,0.57
2025-05-01,JED-PROJ-050,Southern Jeddah Al Rowais Neighborhood Renewal,67.39,68.08,0.69
2025-06-01,JED-PROJ-050,Southern Jeddah Al Rowais Neighborhood Renewal,69.57,70.82,1.25
2025-07-01,JED-PROJ-050,Southern Jeddah Al Rowais Neighborhood Renewal,71.74,70.84,-0.9
2025-08-01,JED-PROJ-050,Southern Jeddah Al Rowais Neighborhood Renewal,73.91,73.87,-0.04
2025-09-01,JED-PROJ-050,Southern Jeddah Al Rowais Neighborhood Renewal,76.09,75.08,-1.01
2025-10-01,JED-PROJ-050,Southern Jeddah Al Rowais Neighborhood Renewal,78.26,80.02,1.76
2025-11-01,JED-PROJ-050,Southern Jeddah Al Rowais Neighborhood Renewal,80.43,82.03,1.6
2025-12-01,JED-PROJ-050,Southern Jeddah Al Rowais Neighborhood Renewal,82.61,82.03,-0.58
2026-01-01,JED-PROJ-050,Southern Jeddah Al Rowais Neighborhood Renewal,84.78,85.52,0.74
2026-02-01,JED-PROJ-050,Southern Jeddah Al Rowais Neighborhood Renewal,86.96,88.49,1.53
2026-03-01,JED-PROJ-050,Southern Jeddah Al Rowais Neighborhood Renewal,89.13,88.49,-0.64
2026-04-01,JED-PROJ-050,Southern Jeddah Al Rowais Neighborhood Renewal,91.3,91.55,0.25
2026-05-01,JED-PROJ-050,Southern Jeddah Al Rowais Neighborhood Renewal,93.48,94.97,1.49
2026-06-01,JED-PROJ-050,Southern Jeddah Al Rowais Neighborhood Renewal,95.65,94.97,-0.68
2026-07-01,JED-PROJ-050,Southern Jeddah Al Rowais Neighborhood Renewal,97.83,98.54,0.71
2026-08-01,JED-PROJ-050,Southern Jeddah Al Rowais Neighborhood Renewal,100.0,100.0,0.0
2025-04-13,JED-PROJ-051,Eastern Jeddah Al Zahra Public Realm Improvement,0.0,1.53,1.53
2025-05-01,JED-PROJ-051,Eastern Jeddah Al Zahra Public Realm Improvement,3.77,5.51,1.74
2025-06-01,JED-PROJ-051,Eastern Jeddah Al Zahra Public Realm Improvement,7.54,9.23,1.69
2025-07-01,JED-PROJ-051,Eastern Jeddah Al Zahra Public Realm Improvement,11.3,11.36,0.06
2025-08-01,JED-PROJ-051,Eastern Jeddah Al Zahra Public Realm Improvement,15.07,16.57,1.5
2025-09-01,JED-PROJ-051,Eastern Jeddah Al Zahra Public Realm Improvement,18.84,20.32,1.48
2025-10-01,JED-PROJ-051,Eastern Jeddah Al Zahra Public Realm Improvement,22.61,22.25,-0.36
2025-11-01,JED-PROJ-051,Eastern Jeddah Al Zahra Public Realm Improvement,26.38,27.9,1.52
2025-12-01,JED-PROJ-051,Eastern Jeddah Al Zahra Public Realm Improvement,30.15,28.86,-1.29
2026-01-01,JED-PROJ-051,Eastern Jeddah Al Zahra Public Realm Improvement,33.91,34.69,0.78
2026-02-01,JED-PROJ-051,Eastern Jeddah Al Zahra Public Realm Improvement,37.68,37.19,-0.49
2026-03-01,JED-PROJ-051,Eastern Jeddah Al Zahra Public Realm Improvement,41.45,40.62,-0.83
2026-04-01,JED-PROJ-051,Eastern Jeddah Al Zahra Public Realm Improvement,45.22,44.27,-0.95
2026-05-01,JED-PROJ-051,Eastern Jeddah Al Zahra Public Realm Improvement,48.99,50.32,1.33
2026-06-01,JED-PROJ-051,Eastern Jeddah Al Zahra Public Realm Improvement,52.76,52.85,0.09
2026-07-01,JED-PROJ-051,Eastern Jeddah Al Zahra Public Realm Improvement,56.52,58.06,1.54
2026-08-01,JED-PROJ-051,Eastern Jeddah Al Zahra Public Realm Improvement,60.29,59.5,-0.79
2026-09-01,JED-PROJ-051,Eastern Jeddah Al Zahra Public Realm Improvement,64.06,64.47,0.41
2025-06-05,JED-PROJ-052,Western Jeddah Al Rawabi Urban Regeneration,0.0,0.14,0.14
2025-07-01,JED-PROJ-052,Western Jeddah Al Rawabi Urban Regeneration,4.77,5.65,0.88
2025-08-01,JED-PROJ-052,Western Jeddah Al Rawabi Urban Regeneration,9.54,8.55,-0.99
2025-09-01,JED-PROJ-052,Western Jeddah Al Rawabi Urban Regeneration,14.31,14.26,-0.05
2025-10-01,JED-PROJ-052,Western Jeddah Al Rawabi Urban Regeneration,19.08,19.79,0.71
2025-11-01,JED-PROJ-052,Western Jeddah Al Rawabi Urban Regeneration,23.85,23.42,-0.43
2025-12-01,JED-PROJ-052,Western Jeddah Al Rawabi Urban Regeneration,28.62,26.65,-1.97
2026-01-01,JED-PROJ-052,Western Jeddah Al Rawabi Urban Regeneration,33.39,30.5,-2.89
2026-02-01,JED-PROJ-052,Western Jeddah Al Rawabi Urban Regeneration,38.15,38.14,-0.01
2026-03-01,JED-PROJ-052,Western Jeddah Al Rawabi Urban Regeneration,42.92,39.69,-3.23
2026-04-01,JED-PROJ-052,Western Jeddah Al Rawabi Urban Regeneration,47.69,47.36,-0.33
2026-05-01,JED-PROJ-052,Western Jeddah Al Rawabi Urban Regeneration,52.46,50.72,-1.74
2026-06-01,JED-PROJ-052,Western Jeddah Al Rawabi Urban Regeneration,57.23,56.8,-0.43
2026-07-01,JED-PROJ-052,Western Jeddah Al Rawabi Urban Regeneration,62.0,60.89,-1.11
2026-08-01,JED-PROJ-052,Western Jeddah Al Rawabi Urban Regeneration,66.77,66.21,-0.56
2026-09-01,JED-PROJ-052,Western Jeddah Al Rawabi Urban Regeneration,71.54,70.28,-1.26
2023-08-27,JED-PROJ-053,Central Jeddah Al Baghdadiyah District Revitalization,0.0,0.96,0.96
2023-09-01,JED-PROJ-053,Central Jeddah Al Baghdadiyah District Revitalization,3.12,2.77,-0.35
2023-10-01,JED-PROJ-053,Central Jeddah Al Baghdadiyah District Revitalization,6.25,6.18,-0.07
2023-11-01,JED-PROJ-053,Central Jeddah Al Baghdadiyah District Revitalization,9.38,9.83,0.45
2023-12-01,JED-PROJ-053,Central Jeddah Al Baghdadiyah District Revitalization,12.5,13.85,1.35
2024-01-01,JED-PROJ-053,Central Jeddah Al Baghdadiyah District Revitalization,15.62,17.37,1.75
2024-02-01,JED-PROJ-053,Central Jeddah Al Baghdadiyah District Revitalization,18.75,19.72,0.97
2024-03-01,JED-PROJ-053,Central Jeddah Al Baghdadiyah District Revitalization,21.88,21.58,-0.3
2024-04-01,JED-PROJ-053,Central Jeddah Al Baghdadiyah District Revitalization,25.0,24.72,-0.28
2024-05-01,JED-PROJ-053,Central Jeddah Al Baghdadiyah District Revitalization,28.12,28.98,0.86
2024-06-01,JED-PROJ-053,Central Jeddah Al Baghdadiyah District Revitalization,31.25,30.31,-0.94
2024-07-01,JED-PROJ-053,Central Jeddah Al Baghdadiyah District Revitalization,34.38,32.97,-1.41
2024-08-01,JED-PROJ-053,Central Jeddah Al Baghdadiyah District Revitalization,37.5,36.98,-0.52
2024-09-01,JED-PROJ-053,Central Jeddah Al Baghdadiyah District Revitalization,40.62,39.86,-0.76
2024-10-01,JED-PROJ-053,Central Jeddah Al Baghdadiyah District Revitalization,43.75,43.02,-0.73
2024-11-01,JED-PROJ-053,Central Jeddah Al Baghdadiyah District Revitalization,46.88,45.92,-0.96
2024-12-01,JED-PROJ-053,Central Jeddah Al Baghdadiyah District Revitalization,50.0,48.35,-1.65
2025-01-01,JED-PROJ-053,Central Jeddah Al Baghdadiyah District Revitalization,53.12,51.39,-1.73
2025-02-01,JED-PROJ-053,Central Jeddah Al Baghdadiyah District Revitalization,56.25,58.01,1.76
2025-03-01,JED-PROJ-053,Central Jeddah Al Baghdadiyah District Revitalization,59.38,59.11,-0.27
2025-04-01,JED-PROJ-053,Central Jeddah Al Baghdadiyah District Revitalization,62.5,62.08,-0.42
2025-05-01,JED-PROJ-053,Central Jeddah Al Baghdadiyah District Revitalization,65.62,66.27,0.65
2025-06-01,JED-PROJ-053,Central Jeddah Al Baghdadiyah District Revitalization,68.75,67.74,-1.01
2025-07-01,JED-PROJ-053,Central Jeddah Al Baghdadiyah District Revitalization,71.88,73.49,1.61
2025-08-01,JED-PROJ-053,Central Jeddah Al Baghdadiyah District Revitalization,75.0,76.03,1.03
2025-09-01,JED-PROJ-053,Central Jeddah Al Baghdadiyah District Revitalization,78.12,76.65,-1.47
2025-10-01,JED-PROJ-053,Central Jeddah Al Baghdadiyah District Revitalization,81.25,80.95,-0.3
2025-11-01,JED-PROJ-053,Central Jeddah Al Baghdadiyah District Revitalization,84.38,85.74,1.36
2025-12-01,JED-PROJ-053,Central Jeddah Al Baghdadiyah District Revitalization,87.5,89.1,1.6
2026-01-01,JED-PROJ-053,Central Jeddah Al Baghdadiyah District Revitalization,90.62,90.51,-0.11
2026-02-01,JED-PROJ-053,Central Jeddah Al Baghdadiyah District Revitalization,93.75,94.16,0.41
2026-03-01,JED-PROJ-053,Central Jeddah Al Baghdadiyah District Revitalization,96.88,95.68,-1.2
2026-04-01,JED-PROJ-053,Central Jeddah Al Baghdadiyah District Revitalization,100.0,100.0,0.0
2026-01-01,JED-PROJ-054,Corniche Al Muhammadiyah Public Realm Improvement,0.0,0.0,0.0
2026-02-01,JED-PROJ-054,Corniche Al Muhammadiyah Public Realm Improvement,5.49,6.49,1.0
2026-03-01,JED-PROJ-054,Corniche Al Muhammadiyah Public Realm Improvement,10.98,10.34,-0.64
2026-04-01,JED-PROJ-054,Corniche Al Muhammadiyah Public Realm Improvement,16.47,15.08,-1.39
2026-05-01,JED-PROJ-054,Corniche Al Muhammadiyah Public Realm Improvement,21.96,19.64,-2.32
2026-06-01,JED-PROJ-054,Corniche Al Muhammadiyah Public Realm Improvement,27.44,23.52,-3.92
2026-07-01,JED-PROJ-054,Corniche Al Muhammadiyah Public Realm Improvement,32.93,28.23,-4.7
2026-08-01,JED-PROJ-054,Corniche Al Muhammadiyah Public Realm Improvement,38.42,33.29,-5.13
2026-09-01,JED-PROJ-054,Corniche Al Muhammadiyah Public Realm Improvement,43.91,41.55,-2.36
2026-05-28,JED-PROJ-055,Airport District Al Shati Boulevard Development,0.0,1.01,1.01
2026-06-01,JED-PROJ-055,Airport District Al Shati Boulevard Development,2.27,4.57,2.3
2026-07-01,JED-PROJ-055,Airport District Al Shati Boulevard Development,4.54,8.63,4.09
2026-08-01,JED-PROJ-055,Airport District Al Shati Boulevard Development,6.81,17.02,10.21
2026-09-01,JED-PROJ-055,Airport District Al Shati Boulevard Development,9.08,14.76,5.68
2022-06-07,JED-PROJ-056,Obhur Al Aziziyah Public Realm Improvement,0.0,1.54,1.54
2022-07-01,JED-PROJ-056,Obhur Al Aziziyah Public Realm Improvement,2.22,4.0,1.78
2022-08-01,JED-PROJ-056,Obhur Al Aziziyah Public Realm Improvement,4.44,4.0,-0.44
2022-09-01,JED-PROJ-056,Obhur Al Aziziyah Public Realm Improvement,6.67,6.29,-0.38
2022-10-01,JED-PROJ-056,Obhur Al Aziziyah Public Realm Improvement,8.89,9.82,0.93
2022-11-01,JED-PROJ-056,Obhur Al Aziziyah Public Realm Improvement,11.11,11.82,0.71
2022-12-01,JED-PROJ-056,Obhur Al Aziziyah Public Realm Improvement,13.33,12.09,-1.24
2023-01-01,JED-PROJ-056,Obhur Al Aziziyah Public Realm Improvement,15.56,16.69,1.13
2023-02-01,JED-PROJ-056,Obhur Al Aziziyah Public Realm Improvement,17.78,16.79,-0.99
2023-03-01,JED-PROJ-056,Obhur Al Aziziyah Public Realm Improvement,20.0,19.01,-0.99
2023-04-01,JED-PROJ-056,Obhur Al Aziziyah Public Realm Improvement,22.22,22.36,0.14
2023-05-01,JED-PROJ-056,Obhur Al Aziziyah Public Realm Improvement,24.44,24.78,0.34
2023-06-01,JED-PROJ-056,Obhur Al Aziziyah Public Realm Improvement,26.67,26.95,0.28
2023-07-01,JED-PROJ-056,Obhur Al Aziziyah Public Realm Improvement,28.89,27.42,-1.47
2023-08-01,JED-PROJ-056,Obhur Al Aziziyah Public Realm Improvement,31.11,32.47,1.36
2023-09-01,JED-PROJ-056,Obhur Al Aziziyah Public Realm Improvement,33.33,32.49,-0.84
2023-10-01,JED-PROJ-056,Obhur Al Aziziyah Public Realm Improvement,35.56,34.22,-1.34
2023-11-01,JED-PROJ-056,Obhur Al Aziziyah Public Realm Improvement,37.78,39.18,1.4
2023-12-01,JED-PROJ-056,Obhur Al Aziziyah Public Realm Improvement,40.0,41.64,1.64
2024-01-01,JED-PROJ-056,Obhur Al Aziziyah Public Realm Improvement,42.22,43.53,1.31
2024-02-01,JED-PROJ-056,Obhur Al Aziziyah Public Realm Improvement,44.44,45.56,1.12
2024-03-01,JED-PROJ-056,Obhur Al Aziziyah Public Realm Improvement,46.67,47.23,0.56
2024-04-01,JED-PROJ-056,Obhur Al Aziziyah Public Realm Improvement,48.89,49.07,0.18
2024-05-01,JED-PROJ-056,Obhur Al Aziziyah Public Realm Improvement,51.11,49.62,-1.49
2024-06-01,JED-PROJ-056,Obhur Al Aziziyah Public Realm Improvement,53.33,53.0,-0.33
2024-07-01,JED-PROJ-056,Obhur Al Aziziyah Public Realm Improvement,55.56,55.1,-0.46
2024-08-01,JED-PROJ-056,Obhur Al Aziziyah Public Realm Improvement,57.78,56.91,-0.87
2024-09-01,JED-PROJ-056,Obhur Al Aziziyah Public Realm Improvement,60.0,60.8,0.8
2024-10-01,JED-PROJ-056,Obhur Al Aziziyah Public Realm Improvement,62.22,62.21,-0.01
2024-11-01,JED-PROJ-056,Obhur Al Aziziyah Public Realm Improvement,64.44,62.94,-1.5
2024-12-01,JED-PROJ-056,Obhur Al Aziziyah Public Realm Improvement,66.67,65.66,-1.01
2025-01-01,JED-PROJ-056,Obhur Al Aziziyah Public Realm Improvement,68.89,69.55,0.66
2025-02-01,JED-PROJ-056,Obhur Al Aziziyah Public Realm Improvement,71.11,69.59,-1.52
2025-03-01,JED-PROJ-056,Obhur Al Aziziyah Public Realm Improvement,73.33,74.6,1.27
2025-04-01,JED-PROJ-056,Obhur Al Aziziyah Public Realm Improvement,75.56,75.54,-0.02
2025-05-01,JED-PROJ-056,Obhur Al Aziziyah Public Realm Improvement,77.78,77.71,-0.07
2025-06-01,JED-PROJ-056,Obhur Al Aziziyah Public Realm Improvement,80.0,80.33,0.33
2025-07-01,JED-PROJ-056,Obhur Al Aziziyah Public Realm Improvement,82.22,83.39,1.17
2025-08-01,JED-PROJ-056,Obhur Al Aziziyah Public Realm Improvement,84.44,83.9,-0.54
2025-09-01,JED-PROJ-056,Obhur Al Aziziyah Public Realm Improvement,86.67,87.31,0.64
2025-10-01,JED-PROJ-056,Obhur Al Aziziyah Public Realm Improvement,88.89,89.13,0.24
2025-11-01,JED-PROJ-056,Obhur Al Aziziyah Public Realm Improvement,91.11,90.27,-0.84
2025-12-01,JED-PROJ-056,Obhur Al Aziziyah Public Realm Improvement,93.33,94.7,1.37
2026-01-01,JED-PROJ-056,Obhur Al Aziziyah Public Realm Improvement,95.56,96.63,1.07
2026-02-01,JED-PROJ-056,Obhur Al Aziziyah Public Realm Improvement,97.78,98.35,0.57
2026-03-01,JED-PROJ-056,Obhur Al Aziziyah Public Realm Improvement,100.0,100.0,0.0
2024-05-09,JED-PROJ-057,Al Balad Al Thaghr Waterfront Enhancement,0.0,1.32,1.32
2024-06-01,JED-PROJ-057,Al Balad Al Thaghr Waterfront Enhancement,2.99,3.03,0.04
2024-07-01,JED-PROJ-057,Al Balad Al Thaghr Waterfront Enhancement,5.98,5.77,-0.21
2024-08-01,JED-PROJ-057,Al Balad Al Thaghr Waterfront Enhancement,8.97,7.55,-1.42
2024-09-01,JED-PROJ-057,Al Balad Al Thaghr Waterfront Enhancement,11.96,9.76,-2.2
2024-10-01,JED-PROJ-057,Al Balad Al Thaghr Waterfront Enhancement,14.95,11.82,-3.13
2024-11-01,JED-PROJ-057,Al Balad Al Thaghr Waterfront Enhancement,17.94,14.58,-3.36
2024-12-01,JED-PROJ-057,Al Balad Al Thaghr Waterfront Enhancement,20.92,14.72,-6.2
2025-01-01,JED-PROJ-057,Al Balad Al Thaghr Waterfront Enhancement,23.91,19.6,-4.31
2025-02-01,JED-PROJ-057,Al Balad Al Thaghr Waterfront Enhancement,26.9,21.85,-5.05
2025-03-01,JED-PROJ-057,Al Balad Al Thaghr Waterfront Enhancement,29.89,21.85,-8.04
2025-04-01,JED-PROJ-057,Al Balad Al Thaghr Waterfront Enhancement,32.88,26.24,-6.64
2025-05-01,JED-PROJ-057,Al Balad Al Thaghr Waterfront Enhancement,35.87,26.24,-9.63
2025-06-01,JED-PROJ-057,Al Balad Al Thaghr Waterfront Enhancement,38.86,29.03,-9.83
2025-07-01,JED-PROJ-057,Al Balad Al Thaghr Waterfront Enhancement,41.85,32.78,-9.07
2025-08-01,JED-PROJ-057,Al Balad Al Thaghr Waterfront Enhancement,44.84,32.96,-11.88
2025-09-01,JED-PROJ-057,Al Balad Al Thaghr Waterfront Enhancement,47.83,37.6,-10.23
2025-10-01,JED-PROJ-057,Al Balad Al Thaghr Waterfront Enhancement,50.82,39.93,-10.89
2025-11-01,JED-PROJ-057,Al Balad Al Thaghr Waterfront Enhancement,53.81,41.04,-12.77
2025-12-01,JED-PROJ-057,Al Balad Al Thaghr Waterfront Enhancement,56.8,41.52,-15.28
2026-01-01,JED-PROJ-057,Al Balad Al Thaghr Waterfront Enhancement,59.79,44.8,-14.99
2026-02-01,JED-PROJ-057,Al Balad Al Thaghr Waterfront Enhancement,62.78,48.27,-14.51
2026-03-01,JED-PROJ-057,Al Balad Al Thaghr Waterfront Enhancement,65.76,51.86,-13.9
2026-04-01,JED-PROJ-057,Al Balad Al Thaghr Waterfront Enhancement,68.75,52.88,-15.87
2026-05-01,JED-PROJ-057,Al Balad Al Thaghr Waterfront Enhancement,71.74,53.82,-17.92
2026-06-01,JED-PROJ-057,Al Balad Al Thaghr Waterfront Enhancement,74.73,57.45,-17.28
2026-07-01,JED-PROJ-057,Al Balad Al Thaghr Waterfront Enhancement,77.72,59.39,-18.33
2026-08-01,JED-PROJ-057,Al Balad Al Thaghr Waterfront Enhancement,80.71,62.53,-18.18
2026-09-01,JED-PROJ-057,Al Balad Al Thaghr Waterfront Enhancement,83.7,73.75,-9.95
2025-03-27,JED-PROJ-058,King Abdulaziz Road Al Manar Urban Regeneration,0.0,0.94,0.94
2025-04-01,JED-PROJ-058,King Abdulaziz Road Al Manar Urban Regeneration,2.73,0.94,-1.79
2025-05-01,JED-PROJ-058,King Abdulaziz Road Al Manar Urban Regeneration,5.46,1.96,-3.5
2025-06-01,JED-PROJ-058,King Abdulaziz Road Al Manar Urban Regeneration,8.19,1.96,-6.23
2025-07-01,JED-PROJ-058,King Abdulaziz Road Al Manar Urban Regeneration,10.92,1.96,-8.96
2025-08-01,JED-PROJ-058,King Abdulaziz Road Al Manar Urban Regeneration,13.66,2.28,-11.38
2025-09-01,JED-PROJ-058,King Abdulaziz Road Al Manar Urban Regeneration,16.39,2.28,-14.11
2025-10-01,JED-PROJ-058,King Abdulaziz Road Al Manar Urban Regeneration,19.12,2.59,-16.53
2025-11-01,JED-PROJ-058,King Abdulaziz Road Al Manar Urban Regeneration,21.85,2.59,-19.26
2025-12-01,JED-PROJ-058,King Abdulaziz Road Al Manar Urban Regeneration,24.58,2.59,-21.99
2026-01-01,JED-PROJ-058,King Abdulaziz Road Al Manar Urban Regeneration,27.31,2.59,-24.72
2026-02-01,JED-PROJ-058,King Abdulaziz Road Al Manar Urban Regeneration,30.04,2.59,-27.45
2026-03-01,JED-PROJ-058,King Abdulaziz Road Al Manar Urban Regeneration,32.77,2.59,-30.18
2026-04-01,JED-PROJ-058,King Abdulaziz Road Al Manar Urban Regeneration,35.5,2.59,-32.91
2026-05-01,JED-PROJ-058,King Abdulaziz Road Al Manar Urban Regeneration,38.24,2.59,-35.65
2026-06-01,JED-PROJ-058,King Abdulaziz Road Al Manar Urban Regeneration,40.97,2.62,-38.35
2026-07-01,JED-PROJ-058,King Abdulaziz Road Al Manar Urban Regeneration,43.7,2.62,-41.08
2026-08-01,JED-PROJ-058,King Abdulaziz Road Al Manar Urban Regeneration,46.43,3.81,-42.62
2026-09-01,JED-PROJ-058,King Abdulaziz Road Al Manar Urban Regeneration,49.16,25.89,-23.27
2024-12-04,JED-PROJ-059,Prince Majed Corridor Al Balad Public Building Rehabilitation,0.0,1.69,1.69
2025-01-01,JED-PROJ-059,Prince Majed Corridor Al Balad Public Building Rehabilitation,4.76,4.65,-0.11
2025-02-01,JED-PROJ-059,Prince Majed Corridor Al Balad Public Building Rehabilitation,9.52,6.16,-3.36
2025-03-01,JED-PROJ-059,Prince Majed Corridor Al Balad Public Building Rehabilitation,14.29,12.17,-2.12
2025-04-01,JED-PROJ-059,Prince Majed Corridor Al Balad Public Building Rehabilitation,19.05,13.28,-5.77
2025-05-01,JED-PROJ-059,Prince Majed Corridor Al Balad Public Building Rehabilitation,23.81,17.02,-6.79
2025-06-01,JED-PROJ-059,Prince Majed Corridor Al Balad Public Building Rehabilitation,28.57,21.85,-6.72
2025-07-01,JED-PROJ-059,Prince Majed Corridor Al Balad Public Building Rehabilitation,33.33,26.19,-7.14
2025-08-01,JED-PROJ-059,Prince Majed Corridor Al Balad Public Building Rehabilitation,38.1,30.95,-7.15
2025-09-01,JED-PROJ-059,Prince Majed Corridor Al Balad Public Building Rehabilitation,42.86,34.39,-8.47
2025-10-01,JED-PROJ-059,Prince Majed Corridor Al Balad Public Building Rehabilitation,47.62,37.28,-10.34
2025-11-01,JED-PROJ-059,Prince Majed Corridor Al Balad Public Building Rehabilitation,52.38,40.41,-11.97
2025-12-01,JED-PROJ-059,Prince Majed Corridor Al Balad Public Building Rehabilitation,57.14,46.76,-10.38
2026-01-01,JED-PROJ-059,Prince Majed Corridor Al Balad Public Building Rehabilitation,61.9,48.45,-13.45
2026-02-01,JED-PROJ-059,Prince Majed Corridor Al Balad Public Building Rehabilitation,66.67,52.29,-14.38
2026-03-01,JED-PROJ-059,Prince Majed Corridor Al Balad Public Building Rehabilitation,71.43,55.0,-16.43
2026-04-01,JED-PROJ-059,Prince Majed Corridor Al Balad Public Building Rehabilitation,76.19,61.02,-15.17
2026-05-01,JED-PROJ-059,Prince Majed Corridor Al Balad Public Building Rehabilitation,80.95,64.41,-16.54
2026-06-01,JED-PROJ-059,Prince Majed Corridor Al Balad Public Building Rehabilitation,85.71,66.45,-19.26
2026-07-01,JED-PROJ-059,Prince Majed Corridor Al Balad Public Building Rehabilitation,90.48,69.7,-20.78
2026-08-01,JED-PROJ-059,Prince Majed Corridor Al Balad Public Building Rehabilitation,95.24,75.6,-19.64
2026-09-01,JED-PROJ-059,Prince Majed Corridor Al Balad Public Building Rehabilitation,100.0,89.35,-10.65
2026-03-07,JED-PROJ-060,Haramain Gateway Al Khalidiyah Service Center Upgrade,0.0,0.0,0.0
2026-04-01,JED-PROJ-060,Haramain Gateway Al Khalidiyah Service Center Upgrade,9.96,2.95,-7.01
2026-05-01,JED-PROJ-060,Haramain Gateway Al Khalidiyah Service Center Upgrade,19.91,2.95,-16.96
2026-06-01,JED-PROJ-060,Haramain Gateway Al Khalidiyah Service Center Upgrade,29.86,3.74,-26.12
2026-07-01,JED-PROJ-060,Haramain Gateway Al Khalidiyah Service Center Upgrade,39.82,6.91,-32.91
2026-08-01,JED-PROJ-060,Haramain Gateway Al Khalidiyah Service Center Upgrade,49.78,6.91,-42.87
2026-09-01,JED-PROJ-060,Haramain Gateway Al Khalidiyah Service Center Upgrade,59.73,33.85,-25.88
2027-08-02,JED-PROJ-061,Northern Jeddah Al Andalus Service Center Upgrade,0.0,0.0,0.0
2025-10-10,JED-PROJ-062,Southern Jeddah Al Hamdaniyah Public Building Rehabilitation,0.0,1.74,1.74
2025-11-01,JED-PROJ-062,Southern Jeddah Al Hamdaniyah Public Building Rehabilitation,7.7,3.88,-3.82
2025-12-01,JED-PROJ-062,Southern Jeddah Al Hamdaniyah Public Building Rehabilitation,15.41,9.82,-5.59
2026-01-01,JED-PROJ-062,Southern Jeddah Al Hamdaniyah Public Building Rehabilitation,23.11,11.64,-11.47
2026-02-01,JED-PROJ-062,Southern Jeddah Al Hamdaniyah Public Building Rehabilitation,30.82,15.78,-15.04
2026-03-01,JED-PROJ-062,Southern Jeddah Al Hamdaniyah Public Building Rehabilitation,38.52,19.33,-19.19
2026-04-01,JED-PROJ-062,Southern Jeddah Al Hamdaniyah Public Building Rehabilitation,46.23,25.76,-20.47
2026-05-01,JED-PROJ-062,Southern Jeddah Al Hamdaniyah Public Building Rehabilitation,53.93,28.95,-24.98
2026-06-01,JED-PROJ-062,Southern Jeddah Al Hamdaniyah Public Building Rehabilitation,61.64,34.93,-26.71
2026-07-01,JED-PROJ-062,Southern Jeddah Al Hamdaniyah Public Building Rehabilitation,69.34,37.73,-31.61
2026-08-01,JED-PROJ-062,Southern Jeddah Al Hamdaniyah Public Building Rehabilitation,77.05,43.71,-33.34
2026-09-01,JED-PROJ-062,Southern Jeddah Al Hamdaniyah Public Building Rehabilitation,84.75,65.49,-19.26
2025-11-01,JED-PROJ-063,Eastern Jeddah Mishrifah Public Building Rehabilitation,0.0,1.33,1.33
2025-12-01,JED-PROJ-063,Eastern Jeddah Mishrifah Public Building Rehabilitation,4.69,6.93,2.24
2026-01-01,JED-PROJ-063,Eastern Jeddah Mishrifah Public Building Rehabilitation,9.37,12.85,3.48
2026-02-01,JED-PROJ-063,Eastern Jeddah Mishrifah Public Building Rehabilitation,14.06,19.06,5.0
2026-03-01,JED-PROJ-063,Eastern Jeddah Mishrifah Public Building Rehabilitation,18.74,24.69,5.95
2026-04-01,JED-PROJ-063,Eastern Jeddah Mishrifah Public Building Rehabilitation,23.43,30.14,6.71
2026-05-01,JED-PROJ-063,Eastern Jeddah Mishrifah Public Building Rehabilitation,28.12,34.3,6.18
2026-06-01,JED-PROJ-063,Eastern Jeddah Mishrifah Public Building Rehabilitation,32.8,39.88,7.08
2026-07-01,JED-PROJ-063,Eastern Jeddah Mishrifah Public Building Rehabilitation,37.49,49.02,11.53
2026-08-01,JED-PROJ-063,Eastern Jeddah Mishrifah Public Building Rehabilitation,42.17,53.86,11.69
2026-09-01,JED-PROJ-063,Eastern Jeddah Mishrifah Public Building Rehabilitation,46.86,53.12,6.26
2025-03-23,JED-PROJ-064,Western Jeddah Al Hamra Service Center Upgrade,0.0,0.0,0.0
2025-04-01,JED-PROJ-064,Western Jeddah Al Hamra Service Center Upgrade,5.56,2.77,-2.79
2025-05-01,JED-PROJ-064,Western Jeddah Al Hamra Service Center Upgrade,11.11,6.94,-4.17
2025-06-01,JED-PROJ-064,Western Jeddah Al Hamra Service Center Upgrade,16.67,13.11,-3.56
2025-07-01,JED-PROJ-064,Western Jeddah Al Hamra Service Center Upgrade,22.22,16.34,-5.88
2025-08-01,JED-PROJ-064,Western Jeddah Al Hamra Service Center Upgrade,27.78,19.66,-8.12
2025-09-01,JED-PROJ-064,Western Jeddah Al Hamra Service Center Upgrade,33.33,24.85,-8.48
2025-10-01,JED-PROJ-064,Western Jeddah Al Hamra Service Center Upgrade,38.89,27.46,-11.43
2025-11-01,JED-PROJ-064,Western Jeddah Al Hamra Service Center Upgrade,44.44,33.47,-10.97
2025-12-01,JED-PROJ-064,Western Jeddah Al Hamra Service Center Upgrade,50.0,36.49,-13.51
2026-01-01,JED-PROJ-064,Western Jeddah Al Hamra Service Center Upgrade,55.56,42.54,-13.02
2026-02-01,JED-PROJ-064,Western Jeddah Al Hamra Service Center Upgrade,61.11,44.93,-16.18
2026-03-01,JED-PROJ-064,Western Jeddah Al Hamra Service Center Upgrade,66.67,49.6,-17.07
2026-04-01,JED-PROJ-064,Western Jeddah Al Hamra Service Center Upgrade,72.22,52.15,-20.07
2026-05-01,JED-PROJ-064,Western Jeddah Al Hamra Service Center Upgrade,77.78,56.51,-21.27
2026-06-01,JED-PROJ-064,Western Jeddah Al Hamra Service Center Upgrade,83.33,61.81,-21.52
2026-07-01,JED-PROJ-064,Western Jeddah Al Hamra Service Center Upgrade,88.89,66.27,-22.62
2026-08-01,JED-PROJ-064,Western Jeddah Al Hamra Service Center Upgrade,94.44,70.85,-23.59
2026-09-01,JED-PROJ-064,Western Jeddah Al Hamra Service Center Upgrade,100.0,87.32,-12.68
2024-09-16,JED-PROJ-065,Central Jeddah Al Ajwad Administrative Complex Development,0.0,0.7,0.7
2024-10-01,JED-PROJ-065,Central Jeddah Al Ajwad Administrative Complex Development,8.33,9.63,1.3
2024-11-01,JED-PROJ-065,Central Jeddah Al Ajwad Administrative Complex Development,16.67,17.67,1.0
2024-12-01,JED-PROJ-065,Central Jeddah Al Ajwad Administrative Complex Development,25.0,23.34,-1.66
2025-01-01,JED-PROJ-065,Central Jeddah Al Ajwad Administrative Complex Development,33.33,33.26,-0.07
2025-02-01,JED-PROJ-065,Central Jeddah Al Ajwad Administrative Complex Development,41.67,40.24,-1.43
2025-03-01,JED-PROJ-065,Central Jeddah Al Ajwad Administrative Complex Development,50.0,49.07,-0.93
2025-04-01,JED-PROJ-065,Central Jeddah Al Ajwad Administrative Complex Development,58.33,60.09,1.76
2025-05-01,JED-PROJ-065,Central Jeddah Al Ajwad Administrative Complex Development,66.67,65.38,-1.29
2025-06-01,JED-PROJ-065,Central Jeddah Al Ajwad Administrative Complex Development,75.0,75.0,0.0
2025-07-01,JED-PROJ-065,Central Jeddah Al Ajwad Administrative Complex Development,83.33,83.76,0.43
2025-08-01,JED-PROJ-065,Central Jeddah Al Ajwad Administrative Complex Development,91.67,92.4,0.73
2025-09-01,JED-PROJ-065,Central Jeddah Al Ajwad Administrative Complex Development,100.0,100.0,0.0
2025-10-05,JED-PROJ-066,Corniche Al Rowais Administrative Complex Development,0.0,0.0,0.0
2025-11-01,JED-PROJ-066,Corniche Al Rowais Administrative Complex Development,3.64,4.97,1.33
2025-12-01,JED-PROJ-066,Corniche Al Rowais Administrative Complex Development,7.29,11.25,3.96
2026-01-01,JED-PROJ-066,Corniche Al Rowais Administrative Complex Development,10.93,15.3,4.37
2026-02-01,JED-PROJ-066,Corniche Al Rowais Administrative Complex Development,14.57,21.84,7.27
2026-03-01,JED-PROJ-066,Corniche Al Rowais Administrative Complex Development,18.21,26.29,8.08
2026-04-01,JED-PROJ-066,Corniche Al Rowais Administrative Complex Development,21.86,32.04,10.18
2026-05-01,JED-PROJ-066,Corniche Al Rowais Administrative Complex Development,25.5,38.78,13.28
2026-06-01,JED-PROJ-066,Corniche Al Rowais Administrative Complex Development,29.14,43.43,14.29
2026-07-01,JED-PROJ-066,Corniche Al Rowais Administrative Complex Development,32.78,50.59,17.81
2026-08-01,JED-PROJ-066,Corniche Al Rowais Administrative Complex Development,36.43,56.62,20.19
2026-09-01,JED-PROJ-066,Corniche Al Rowais Administrative Complex Development,40.07,50.8,10.73
2023-07-18,JED-PROJ-067,Airport District Al Zahra Service Center Upgrade,0.0,0.0,0.0
2023-08-01,JED-PROJ-067,Airport District Al Zahra Service Center Upgrade,3.85,2.65,-1.2
2023-09-01,JED-PROJ-067,Airport District Al Zahra Service Center Upgrade,7.69,6.27,-1.42
2023-10-01,JED-PROJ-067,Airport District Al Zahra Service Center Upgrade,11.54,12.03,0.49
2023-11-01,JED-PROJ-067,Airport District Al Zahra Service Center Upgrade,15.38,16.13,0.75
2023-12-01,JED-PROJ-067,Airport District Al Zahra Service Center Upgrade,19.23,17.54,-1.69
2024-01-01,JED-PROJ-067,Airport District Al Zahra Service Center Upgrade,23.08,24.65,1.57
2024-02-01,JED-PROJ-067,Airport District Al Zahra Service Center Upgrade,26.92,25.31,-1.61
2024-03-01,JED-PROJ-067,Airport District Al Zahra Service Center Upgrade,30.77,30.92,0.15
2024-04-01,JED-PROJ-067,Airport District Al Zahra Service Center Upgrade,34.62,35.37,0.75
2024-05-01,JED-PROJ-067,Airport District Al Zahra Service Center Upgrade,38.46,39.8,1.34
2024-06-01,JED-PROJ-067,Airport District Al Zahra Service Center Upgrade,42.31,43.08,0.77
2024-07-01,JED-PROJ-067,Airport District Al Zahra Service Center Upgrade,46.15,47.24,1.09
2024-08-01,JED-PROJ-067,Airport District Al Zahra Service Center Upgrade,50.0,49.42,-0.58
2024-09-01,JED-PROJ-067,Airport District Al Zahra Service Center Upgrade,53.85,54.98,1.13
2024-10-01,JED-PROJ-067,Airport District Al Zahra Service Center Upgrade,57.69,56.18,-1.51
2024-11-01,JED-PROJ-067,Airport District Al Zahra Service Center Upgrade,61.54,62.96,1.42
2024-12-01,JED-PROJ-067,Airport District Al Zahra Service Center Upgrade,65.38,65.56,0.18
2025-01-01,JED-PROJ-067,Airport District Al Zahra Service Center Upgrade,69.23,70.37,1.14
2025-02-01,JED-PROJ-067,Airport District Al Zahra Service Center Upgrade,73.08,72.91,-0.17
2025-03-01,JED-PROJ-067,Airport District Al Zahra Service Center Upgrade,76.92,77.44,0.52
2025-04-01,JED-PROJ-067,Airport District Al Zahra Service Center Upgrade,80.77,80.86,0.09
2025-05-01,JED-PROJ-067,Airport District Al Zahra Service Center Upgrade,84.62,85.45,0.83
2025-06-01,JED-PROJ-067,Airport District Al Zahra Service Center Upgrade,88.46,86.96,-1.5
2025-07-01,JED-PROJ-067,Airport District Al Zahra Service Center Upgrade,92.31,90.72,-1.59
2025-08-01,JED-PROJ-067,Airport District Al Zahra Service Center Upgrade,96.15,95.24,-0.91
2025-09-01,JED-PROJ-067,Airport District Al Zahra Service Center Upgrade,100.0,100.0,0.0
2026-06-20,JED-PROJ-068,Obhur Al Rehab Service Center Upgrade,0.0,1.34,1.34
2026-07-01,JED-PROJ-068,Obhur Al Rehab Service Center Upgrade,5.4,9.18,3.78
2026-08-01,JED-PROJ-068,Obhur Al Rehab Service Center Upgrade,10.8,22.09,11.29
2026-09-01,JED-PROJ-068,Obhur Al Rehab Service Center Upgrade,16.2,23.38,7.18
2024-08-04,JED-PROJ-069,Al Balad Al Rawabi Operations Facility Expansion,0.0,0.0,0.0
2024-09-01,JED-PROJ-069,Al Balad Al Rawabi Operations Facility Expansion,3.96,2.67,-1.29
2024-10-01,JED-PROJ-069,Al Balad Al Rawabi Operations Facility Expansion,7.92,3.82,-4.1
2024-11-01,JED-PROJ-069,Al Balad Al Rawabi Operations Facility Expansion,11.88,4.87,-7.01
2024-12-01,JED-PROJ-069,Al Balad Al Rawabi Operations Facility Expansion,15.84,6.7,-9.14
2025-01-01,JED-PROJ-069,Al Balad Al Rawabi Operations Facility Expansion,19.8,8.92,-10.88
2025-02-01,JED-PROJ-069,Al Balad Al Rawabi Operations Facility Expansion,23.76,8.92,-14.84
2025-03-01,JED-PROJ-069,Al Balad Al Rawabi Operations Facility Expansion,27.72,13.17,-14.55
2025-04-01,JED-PROJ-069,Al Balad Al Rawabi Operations Facility Expansion,31.68,14.71,-16.97
2025-05-01,JED-PROJ-069,Al Balad Al Rawabi Operations Facility Expansion,35.64,15.17,-20.47
2025-06-01,JED-PROJ-069,Al Balad Al Rawabi Operations Facility Expansion,39.6,15.17,-24.43
2025-07-01,JED-PROJ-069,Al Balad Al Rawabi Operations Facility Expansion,43.56,18.53,-25.03
2025-08-01,JED-PROJ-069,Al Balad Al Rawabi Operations Facility Expansion,47.52,18.53,-28.99
2025-09-01,JED-PROJ-069,Al Balad Al Rawabi Operations Facility Expansion,51.48,19.44,-32.04
2025-10-01,JED-PROJ-069,Al Balad Al Rawabi Operations Facility Expansion,55.44,21.89,-33.55
2025-11-01,JED-PROJ-069,Al Balad Al Rawabi Operations Facility Expansion,59.4,24.25,-35.15
2025-12-01,JED-PROJ-069,Al Balad Al Rawabi Operations Facility Expansion,63.36,27.34,-36.02
2026-01-01,JED-PROJ-069,Al Balad Al Rawabi Operations Facility Expansion,67.32,28.45,-38.87
2026-02-01,JED-PROJ-069,Al Balad Al Rawabi Operations Facility Expansion,71.28,30.13,-41.15
2026-03-01,JED-PROJ-069,Al Balad Al Rawabi Operations Facility Expansion,75.24,30.62,-44.62
2026-04-01,JED-PROJ-069,Al Balad Al Rawabi Operations Facility Expansion,79.2,31.96,-47.24
2026-05-01,JED-PROJ-069,Al Balad Al Rawabi Operations Facility Expansion,83.16,33.67,-49.49
2026-06-01,JED-PROJ-069,Al Balad Al Rawabi Operations Facility Expansion,87.12,37.52,-49.6
2026-07-01,JED-PROJ-069,Al Balad Al Rawabi Operations Facility Expansion,91.08,37.52,-53.56
2026-08-01,JED-PROJ-069,Al Balad Al Rawabi Operations Facility Expansion,95.04,40.34,-54.7
2026-09-01,JED-PROJ-069,Al Balad Al Rawabi Operations Facility Expansion,99.0,69.82,-29.18
2026-12-24,JED-PROJ-070,King Abdulaziz Road Al Naeem Municipal Building Renovation,0.0,0.0,0.0
2026-03-27,JED-PROJ-071,Prince Majed Corridor Al Baghdadiyah Community Center Construction,0.0,0.0,0.0
2026-04-01,JED-PROJ-071,Prince Majed Corridor Al Baghdadiyah Community Center Construction,7.29,0.0,-7.29
2026-05-01,JED-PROJ-071,Prince Majed Corridor Al Baghdadiyah Community Center Construction,14.57,0.0,-14.57
2026-06-01,JED-PROJ-071,Prince Majed Corridor Al Baghdadiyah Community Center Construction,21.86,0.0,-21.86
2026-07-01,JED-PROJ-071,Prince Majed Corridor Al Baghdadiyah Community Center Construction,29.15,0.0,-29.15
2026-08-01,JED-PROJ-071,Prince Majed Corridor Al Baghdadiyah Community Center Construction,36.43,0.0,-36.43
2026-09-01,JED-PROJ-071,Prince Majed Corridor Al Baghdadiyah Community Center Construction,43.72,17.33,-26.39
2025-04-01,JED-PROJ-072,Haramain Gateway Al Samer Municipal Building Renovation,0.0,0.0,0.0
2025-05-01,JED-PROJ-072,Haramain Gateway Al Samer Municipal Building Renovation,3.54,0.08,-3.46
2025-06-01,JED-PROJ-072,Haramain Gateway Al Samer Municipal Building Renovation,7.08,0.08,-7.0
2025-07-01,JED-PROJ-072,Haramain Gateway Al Samer Municipal Building Renovation,10.62,0.08,-10.54
2025-08-01,JED-PROJ-072,Haramain Gateway Al Samer Municipal Building Renovation,14.16,0.08,-14.08
2025-09-01,JED-PROJ-072,Haramain Gateway Al Samer Municipal Building Renovation,17.7,0.08,-17.62
2025-10-01,JED-PROJ-072,Haramain Gateway Al Samer Municipal Building Renovation,21.24,0.08,-21.16
2025-11-01,JED-PROJ-072,Haramain Gateway Al Samer Municipal Building Renovation,24.78,0.08,-24.7
2025-12-01,JED-PROJ-072,Haramain Gateway Al Samer Municipal Building Renovation,28.32,0.08,-28.24
2026-01-01,JED-PROJ-072,Haramain Gateway Al Samer Municipal Building Renovation,31.87,0.08,-31.79
2026-02-01,JED-PROJ-072,Haramain Gateway Al Samer Municipal Building Renovation,35.41,0.08,-35.33
2026-03-01,JED-PROJ-072,Haramain Gateway Al Samer Municipal Building Renovation,38.95,0.08,-38.87
2026-04-01,JED-PROJ-072,Haramain Gateway Al Samer Municipal Building Renovation,42.49,0.08,-42.41
2026-05-01,JED-PROJ-072,Haramain Gateway Al Samer Municipal Building Renovation,46.03,0.08,-45.95
2026-06-01,JED-PROJ-072,Haramain Gateway Al Samer Municipal Building Renovation,49.57,0.08,-49.49
2026-07-01,JED-PROJ-072,Haramain Gateway Al Samer Municipal Building Renovation,53.11,0.08,-53.03
2026-08-01,JED-PROJ-072,Haramain Gateway Al Samer Municipal Building Renovation,56.65,0.08,-56.57
2026-09-01,JED-PROJ-072,Haramain Gateway Al Samer Municipal Building Renovation,60.19,27.03,-33.16
2024-09-18,JED-PROJ-073,Northern Jeddah Al Sanabel Service Center Upgrade,0.0,0.33,0.33
2024-10-01,JED-PROJ-073,Northern Jeddah Al Sanabel Service Center Upgrade,3.45,2.07,-1.38
2024-11-01,JED-PROJ-073,Northern Jeddah Al Sanabel Service Center Upgrade,6.9,6.17,-0.73
2024-12-01,JED-PROJ-073,Northern Jeddah Al Sanabel Service Center Upgrade,10.34,11.53,1.19
2025-01-01,JED-PROJ-073,Northern Jeddah Al Sanabel Service Center Upgrade,13.79,12.25,-1.54
2025-02-01,JED-PROJ-073,Northern Jeddah Al Sanabel Service Center Upgrade,17.24,16.96,-0.28
2025-03-01,JED-PROJ-073,Northern Jeddah Al Sanabel Service Center Upgrade,20.69,19.05,-1.64
2025-04-01,JED-PROJ-073,Northern Jeddah Al Sanabel Service Center Upgrade,24.14,23.94,-0.2
2025-05-01,JED-PROJ-073,Northern Jeddah Al Sanabel Service Center Upgrade,27.58,24.91,-2.67
2025-06-01,JED-PROJ-073,Northern Jeddah Al Sanabel Service Center Upgrade,31.03,31.21,0.18
2025-07-01,JED-PROJ-073,Northern Jeddah Al Sanabel Service Center Upgrade,34.48,32.63,-1.85
2025-08-01,JED-PROJ-073,Northern Jeddah Al Sanabel Service Center Upgrade,37.93,35.13,-2.8
2025-09-01,JED-PROJ-073,Northern Jeddah Al Sanabel Service Center Upgrade,41.38,37.82,-3.56
2025-10-01,JED-PROJ-073,Northern Jeddah Al Sanabel Service Center Upgrade,44.82,41.45,-3.37
2025-11-01,JED-PROJ-073,Northern Jeddah Al Sanabel Service Center Upgrade,48.27,45.99,-2.28
2025-12-01,JED-PROJ-073,Northern Jeddah Al Sanabel Service Center Upgrade,51.72,48.61,-3.11
2026-01-01,JED-PROJ-073,Northern Jeddah Al Sanabel Service Center Upgrade,55.17,53.66,-1.51
2026-02-01,JED-PROJ-073,Northern Jeddah Al Sanabel Service Center Upgrade,58.61,55.5,-3.11
2026-03-01,JED-PROJ-073,Northern Jeddah Al Sanabel Service Center Upgrade,62.06,58.13,-3.93
2026-04-01,JED-PROJ-073,Northern Jeddah Al Sanabel Service Center Upgrade,65.51,62.73,-2.78
2026-05-01,JED-PROJ-073,Northern Jeddah Al Sanabel Service Center Upgrade,68.96,66.34,-2.62
2026-06-01,JED-PROJ-073,Northern Jeddah Al Sanabel Service Center Upgrade,72.41,67.67,-4.74
2026-07-01,JED-PROJ-073,Northern Jeddah Al Sanabel Service Center Upgrade,75.85,70.95,-4.9
2026-08-01,JED-PROJ-073,Northern Jeddah Al Sanabel Service Center Upgrade,79.3,73.76,-5.54
2026-09-01,JED-PROJ-073,Northern Jeddah Al Sanabel Service Center Upgrade,82.75,80.73,-2.02
2025-11-08,JED-PROJ-074,Southern Jeddah Al Muhammadiyah Municipal Building Renovation,0.0,0.59,0.59
2025-12-01,JED-PROJ-074,Southern Jeddah Al Muhammadiyah Municipal Building Renovation,7.87,4.36,-3.51
2026-01-01,JED-PROJ-074,Southern Jeddah Al Muhammadiyah Municipal Building Renovation,15.74,10.15,-5.59
2026-02-01,JED-PROJ-074,Southern Jeddah Al Muhammadiyah Municipal Building Renovation,23.6,14.46,-9.14
2026-03-01,JED-PROJ-074,Southern Jeddah Al Muhammadiyah Municipal Building Renovation,31.47,18.12,-13.35
2026-04-01,JED-PROJ-074,Southern Jeddah Al Muhammadiyah Municipal Building Renovation,39.34,23.6,-15.74
2026-05-01,JED-PROJ-074,Southern Jeddah Al Muhammadiyah Municipal Building Renovation,47.21,25.67,-21.54
2026-06-01,JED-PROJ-074,Southern Jeddah Al Muhammadiyah Municipal Building Renovation,55.08,29.78,-25.3
2026-07-01,JED-PROJ-074,Southern Jeddah Al Muhammadiyah Municipal Building Renovation,62.94,34.8,-28.14
2026-08-01,JED-PROJ-074,Southern Jeddah Al Muhammadiyah Municipal Building Renovation,70.81,38.49,-32.32
2026-09-01,JED-PROJ-074,Southern Jeddah Al Muhammadiyah Municipal Building Renovation,78.68,61.61,-17.07
2026-05-24,JED-PROJ-075,Eastern Jeddah Al Shati Operations Facility Expansion,0.0,1.57,1.57
2026-06-01,JED-PROJ-075,Eastern Jeddah Al Shati Operations Facility Expansion,2.91,2.74,-0.17
2026-07-01,JED-PROJ-075,Eastern Jeddah Al Shati Operations Facility Expansion,5.82,7.43,1.61
2026-08-01,JED-PROJ-075,Eastern Jeddah Al Shati Operations Facility Expansion,8.72,13.02,4.3
2026-09-01,JED-PROJ-075,Eastern Jeddah Al Shati Operations Facility Expansion,11.63,14.61,2.98
2023-10-20,JED-PROJ-076,Western Jeddah Al Aziziyah Service Center Upgrade,0.0,0.0,0.0
2023-11-01,JED-PROJ-076,Western Jeddah Al Aziziyah Service Center Upgrade,4.17,4.19,0.02
2023-12-01,JED-PROJ-076,Western Jeddah Al Aziziyah Service Center Upgrade,8.33,6.68,-1.65
2024-01-01,JED-PROJ-076,Western Jeddah Al Aziziyah Service Center Upgrade,12.5,11.23,-1.27
2024-02-01,JED-PROJ-076,Western Jeddah Al Aziziyah Service Center Upgrade,16.67,18.42,1.75
2024-03-01,JED-PROJ-076,Western Jeddah Al Aziziyah Service Center Upgrade,20.83,22.51,1.68
2024-04-01,JED-PROJ-076,Western Jeddah Al Aziziyah Service Center Upgrade,25.0,23.22,-1.78
2024-05-01,JED-PROJ-076,Western Jeddah Al Aziziyah Service Center Upgrade,29.17,30.79,1.62
2024-06-01,JED-PROJ-076,Western Jeddah Al Aziziyah Service Center Upgrade,33.33,33.83,0.5
2024-07-01,JED-PROJ-076,Western Jeddah Al Aziziyah Service Center Upgrade,37.5,38.82,1.32
2024-08-01,JED-PROJ-076,Western Jeddah Al Aziziyah Service Center Upgrade,41.67,41.5,-0.17
2024-09-01,JED-PROJ-076,Western Jeddah Al Aziziyah Service Center Upgrade,45.83,45.89,0.06
2024-10-01,JED-PROJ-076,Western Jeddah Al Aziziyah Service Center Upgrade,50.0,49.96,-0.04
2024-11-01,JED-PROJ-076,Western Jeddah Al Aziziyah Service Center Upgrade,54.17,54.77,0.6
2024-12-01,JED-PROJ-076,Western Jeddah Al Aziziyah Service Center Upgrade,58.33,57.04,-1.29
2025-01-01,JED-PROJ-076,Western Jeddah Al Aziziyah Service Center Upgrade,62.5,60.81,-1.69
2025-02-01,JED-PROJ-076,Western Jeddah Al Aziziyah Service Center Upgrade,66.67,65.98,-0.69
2025-03-01,JED-PROJ-076,Western Jeddah Al Aziziyah Service Center Upgrade,70.83,71.57,0.74
2025-04-01,JED-PROJ-076,Western Jeddah Al Aziziyah Service Center Upgrade,75.0,73.93,-1.07
2025-05-01,JED-PROJ-076,Western Jeddah Al Aziziyah Service Center Upgrade,79.17,79.79,0.62
2025-06-01,JED-PROJ-076,Western Jeddah Al Aziziyah Service Center Upgrade,83.33,85.03,1.7
2025-07-01,JED-PROJ-076,Western Jeddah Al Aziziyah Service Center Upgrade,87.5,86.04,-1.46
2025-08-01,JED-PROJ-076,Western Jeddah Al Aziziyah Service Center Upgrade,91.67,92.29,0.62
2025-09-01,JED-PROJ-076,Western Jeddah Al Aziziyah Service Center Upgrade,95.83,95.63,-0.2
2025-10-01,JED-PROJ-076,Western Jeddah Al Aziziyah Service Center Upgrade,100.0,100.0,0.0
2024-05-14,JED-PROJ-077,Central Jeddah Al Naseem Administrative Complex Development,0.0,0.0,0.0
2024-06-01,JED-PROJ-077,Central Jeddah Al Naseem Administrative Complex Development,5.26,5.96,0.7
2024-07-01,JED-PROJ-077,Central Jeddah Al Naseem Administrative Complex Development,10.53,11.74,1.21
2024-08-01,JED-PROJ-077,Central Jeddah Al Naseem Administrative Complex Development,15.79,17.39,1.6
2024-09-01,JED-PROJ-077,Central Jeddah Al Naseem Administrative Complex Development,21.05,21.71,0.66
2024-10-01,JED-PROJ-077,Central Jeddah Al Naseem Administrative Complex Development,26.32,26.31,-0.01
2024-11-01,JED-PROJ-077,Central Jeddah Al Naseem Administrative Complex Development,31.58,32.0,0.42
2024-12-01,JED-PROJ-077,Central Jeddah Al Naseem Administrative Complex Development,36.84,38.17,1.33
2025-01-01,JED-PROJ-077,Central Jeddah Al Naseem Administrative Complex Development,42.11,42.36,0.25
2025-02-01,JED-PROJ-077,Central Jeddah Al Naseem Administrative Complex Development,47.37,45.68,-1.69
2025-03-01,JED-PROJ-077,Central Jeddah Al Naseem Administrative Complex Development,52.63,54.18,1.55
2025-04-01,JED-PROJ-077,Central Jeddah Al Naseem Administrative Complex Development,57.89,58.58,0.69
2025-05-01,JED-PROJ-077,Central Jeddah Al Naseem Administrative Complex Development,63.16,63.79,0.63
2025-06-01,JED-PROJ-077,Central Jeddah Al Naseem Administrative Complex Development,68.42,67.4,-1.02
2025-07-01,JED-PROJ-077,Central Jeddah Al Naseem Administrative Complex Development,73.68,74.26,0.58
2025-08-01,JED-PROJ-077,Central Jeddah Al Naseem Administrative Complex Development,78.95,78.57,-0.38
2025-09-01,JED-PROJ-077,Central Jeddah Al Naseem Administrative Complex Development,84.21,84.75,0.54
2025-10-01,JED-PROJ-077,Central Jeddah Al Naseem Administrative Complex Development,89.47,88.06,-1.41
2025-11-01,JED-PROJ-077,Central Jeddah Al Naseem Administrative Complex Development,94.74,95.31,0.57
2025-12-01,JED-PROJ-077,Central Jeddah Al Naseem Administrative Complex Development,100.0,100.0,0.0
2026-01-19,JED-PROJ-078,Corniche Al Manar Operations Facility Expansion,0.0,0.0,0.0
2026-02-01,JED-PROJ-078,Corniche Al Manar Operations Facility Expansion,6.13,5.27,-0.86
2026-03-01,JED-PROJ-078,Corniche Al Manar Operations Facility Expansion,12.26,6.76,-5.5
2026-04-01,JED-PROJ-078,Corniche Al Manar Operations Facility Expansion,18.39,11.98,-6.41
2026-05-01,JED-PROJ-078,Corniche Al Manar Operations Facility Expansion,24.52,15.21,-9.31
2026-06-01,JED-PROJ-078,Corniche Al Manar Operations Facility Expansion,30.64,17.99,-12.65
2026-07-01,JED-PROJ-078,Corniche Al Manar Operations Facility Expansion,36.77,22.15,-14.62
2026-08-01,JED-PROJ-078,Corniche Al Manar Operations Facility Expansion,42.9,26.2,-16.7
2026-09-01,JED-PROJ-078,Corniche Al Manar Operations Facility Expansion,49.03,38.71,-10.32
2024-11-01,JED-PROJ-079,Airport District Al Balad Administrative Complex Development,0.0,0.0,0.0
2024-12-01,JED-PROJ-079,Airport District Al Balad Administrative Complex Development,3.78,3.41,-0.37
2025-01-01,JED-PROJ-079,Airport District Al Balad Administrative Complex Development,7.57,6.72,-0.85
2025-02-01,JED-PROJ-079,Airport District Al Balad Administrative Complex Development,11.35,9.36,-1.99
2025-03-01,JED-PROJ-079,Airport District Al Balad Administrative Complex Development,15.14,12.29,-2.85
2025-04-01,JED-PROJ-079,Airport District Al Balad Administrative Complex Development,18.92,13.79,-5.13
2025-05-01,JED-PROJ-079,Airport District Al Balad Administrative Complex Development,22.7,17.97,-4.73
2025-06-01,JED-PROJ-079,Airport District Al Balad Administrative Complex Development,26.49,18.27,-8.22
2025-07-01,JED-PROJ-079,Airport District Al Balad Administrative Complex Development,30.27,22.6,-7.67
2025-08-01,JED-PROJ-079,Airport District Al Balad Administrative Complex Development,34.06,23.47,-10.59
2025-09-01,JED-PROJ-079,Airport District Al Balad Administrative Complex Development,37.84,27.42,-10.42
2025-10-01,JED-PROJ-079,Airport District Al Balad Administrative Complex Development,41.62,30.37,-11.25
2025-11-01,JED-PROJ-079,Airport District Al Balad Administrative Complex Development,45.41,33.29,-12.12
2025-12-01,JED-PROJ-079,Airport District Al Balad Administrative Complex Development,49.19,37.17,-12.02
2026-01-01,JED-PROJ-079,Airport District Al Balad Administrative Complex Development,52.98,38.87,-14.11
2026-02-01,JED-PROJ-079,Airport District Al Balad Administrative Complex Development,56.76,41.89,-14.87
2026-03-01,JED-PROJ-079,Airport District Al Balad Administrative Complex Development,60.55,43.94,-16.61
2026-04-01,JED-PROJ-079,Airport District Al Balad Administrative Complex Development,64.33,47.23,-17.1
2026-05-01,JED-PROJ-079,Airport District Al Balad Administrative Complex Development,68.11,49.51,-18.6
2026-06-01,JED-PROJ-079,Airport District Al Balad Administrative Complex Development,71.9,51.76,-20.14
2026-07-01,JED-PROJ-079,Airport District Al Balad Administrative Complex Development,75.68,56.47,-19.21
2026-08-01,JED-PROJ-079,Airport District Al Balad Administrative Complex Development,79.47,59.51,-19.96
2026-09-01,JED-PROJ-079,Airport District Al Balad Administrative Complex Development,83.25,72.48,-10.77
2023-04-11,JED-PROJ-080,Obhur Al Khalidiyah Service Center Upgrade,0.0,0.0,0.0
2023-05-01,JED-PROJ-080,Obhur Al Khalidiyah Service Center Upgrade,4.17,3.73,-0.44
2023-06-01,JED-PROJ-080,Obhur Al Khalidiyah Service Center Upgrade,8.33,9.64,1.31
2023-07-01,JED-PROJ-080,Obhur Al Khalidiyah Service Center Upgrade,12.5,12.57,0.07
2023-08-01,JED-PROJ-080,Obhur Al Khalidiyah Service Center Upgrade,16.67,16.59,-0.08
2023-09-01,JED-PROJ-080,Obhur Al Khalidiyah Service Center Upgrade,20.83,19.13,-1.7
2023-10-01,JED-PROJ-080,Obhur Al Khalidiyah Service Center Upgrade,25.0,24.43,-0.57
2023-11-01,JED-PROJ-080,Obhur Al Khalidiyah Service Center Upgrade,29.17,28.74,-0.43
2023-12-01,JED-PROJ-080,Obhur Al Khalidiyah Service Center Upgrade,33.33,32.97,-0.36
2024-01-01,JED-PROJ-080,Obhur Al Khalidiyah Service Center Upgrade,37.5,37.79,0.29
2024-02-01,JED-PROJ-080,Obhur Al Khalidiyah Service Center Upgrade,41.67,41.79,0.12
2024-03-01,JED-PROJ-080,Obhur Al Khalidiyah Service Center Upgrade,45.83,46.22,0.39
2024-04-01,JED-PROJ-080,Obhur Al Khalidiyah Service Center Upgrade,50.0,50.95,0.95
2024-05-01,JED-PROJ-080,Obhur Al Khalidiyah Service Center Upgrade,54.17,55.29,1.12
2024-06-01,JED-PROJ-080,Obhur Al Khalidiyah Service Center Upgrade,58.33,59.12,0.79
2024-07-01,JED-PROJ-080,Obhur Al Khalidiyah Service Center Upgrade,62.5,64.14,1.64
2024-08-01,JED-PROJ-080,Obhur Al Khalidiyah Service Center Upgrade,66.67,64.93,-1.74
2024-09-01,JED-PROJ-080,Obhur Al Khalidiyah Service Center Upgrade,70.83,69.74,-1.09
2024-10-01,JED-PROJ-080,Obhur Al Khalidiyah Service Center Upgrade,75.0,73.23,-1.77
2024-11-01,JED-PROJ-080,Obhur Al Khalidiyah Service Center Upgrade,79.17,79.7,0.53
2024-12-01,JED-PROJ-080,Obhur Al Khalidiyah Service Center Upgrade,83.33,84.77,1.44
2025-01-01,JED-PROJ-080,Obhur Al Khalidiyah Service Center Upgrade,87.5,86.58,-0.92
2025-02-01,JED-PROJ-080,Obhur Al Khalidiyah Service Center Upgrade,91.67,93.2,1.53
2025-03-01,JED-PROJ-080,Obhur Al Khalidiyah Service Center Upgrade,95.83,94.25,-1.58
2025-04-01,JED-PROJ-080,Obhur Al Khalidiyah Service Center Upgrade,100.0,100.0,0.0
2023-05-13,JED-PROJ-081,Al Balad Al Rawdah Water Channel Rehabilitation,0.0,0.0,0.0
2023-06-01,JED-PROJ-081,Al Balad Al Rawdah Water Channel Rehabilitation,5.0,3.57,-1.43
2023-07-01,JED-PROJ-081,Al Balad Al Rawdah Water Channel Rehabilitation,10.0,9.95,-0.05
2023-08-01,JED-PROJ-081,Al Balad Al Rawdah Water Channel Rehabilitation,15.0,14.12,-0.88
2023-09-01,JED-PROJ-081,Al Balad Al Rawdah Water Channel Rehabilitation,20.0,19.23,-0.77
2023-10-01,JED-PROJ-081,Al Balad Al Rawdah Water Channel Rehabilitation,25.0,24.31,-0.69
2023-11-01,JED-PROJ-081,Al Balad Al Rawdah Water Channel Rehabilitation,30.0,31.09,1.09
2023-12-01,JED-PROJ-081,Al Balad Al Rawdah Water Channel Rehabilitation,35.0,35.14,0.14
2024-01-01,JED-PROJ-081,Al Balad Al Rawdah Water Channel Rehabilitation,40.0,39.32,-0.68
2024-02-01,JED-PROJ-081,Al Balad Al Rawdah Water Channel Rehabilitation,45.0,45.4,0.4
2024-03-01,JED-PROJ-081,Al Balad Al Rawdah Water Channel Rehabilitation,50.0,50.78,0.78
2024-04-01,JED-PROJ-081,Al Balad Al Rawdah Water Channel Rehabilitation,55.0,54.18,-0.82
2024-05-01,JED-PROJ-081,Al Balad Al Rawdah Water Channel Rehabilitation,60.0,59.69,-0.31
2024-06-01,JED-PROJ-081,Al Balad Al Rawdah Water Channel Rehabilitation,65.0,63.64,-1.36
2024-07-01,JED-PROJ-081,Al Balad Al Rawdah Water Channel Rehabilitation,70.0,68.85,-1.15
2024-08-01,JED-PROJ-081,Al Balad Al Rawdah Water Channel Rehabilitation,75.0,75.65,0.65
2024-09-01,JED-PROJ-081,Al Balad Al Rawdah Water Channel Rehabilitation,80.0,78.85,-1.15
2024-10-01,JED-PROJ-081,Al Balad Al Rawdah Water Channel Rehabilitation,85.0,85.09,0.09
2024-11-01,JED-PROJ-081,Al Balad Al Rawdah Water Channel Rehabilitation,90.0,90.75,0.75
2024-12-01,JED-PROJ-081,Al Balad Al Rawdah Water Channel Rehabilitation,95.0,93.58,-1.42
2025-01-01,JED-PROJ-081,Al Balad Al Rawdah Water Channel Rehabilitation,100.0,100.0,0.0
2025-08-13,JED-PROJ-082,King Abdulaziz Road Mishrifah Runoff Management Improvement,0.0,0.0,0.0
2025-09-01,JED-PROJ-082,King Abdulaziz Road Mishrifah Runoff Management Improvement,3.01,5.71,2.7
2025-10-01,JED-PROJ-082,King Abdulaziz Road Mishrifah Runoff Management Improvement,6.02,8.02,2.0
2025-11-01,JED-PROJ-082,King Abdulaziz Road Mishrifah Runoff Management Improvement,9.03,13.22,4.19
2025-12-01,JED-PROJ-082,King Abdulaziz Road Mishrifah Runoff Management Improvement,12.03,16.34,4.31
2026-01-01,JED-PROJ-082,King Abdulaziz Road Mishrifah Runoff Management Improvement,15.04,18.56,3.52
2026-02-01,JED-PROJ-082,King Abdulaziz Road Mishrifah Runoff Management Improvement,18.05,24.72,6.67
2026-03-01,JED-PROJ-082,King Abdulaziz Road Mishrifah Runoff Management Improvement,21.06,29.91,8.85
2026-04-01,JED-PROJ-082,King Abdulaziz Road Mishrifah Runoff Management Improvement,24.07,32.69,8.62
2026-05-01,JED-PROJ-082,King Abdulaziz Road Mishrifah Runoff Management Improvement,27.08,37.52,10.44
2026-06-01,JED-PROJ-082,King Abdulaziz Road Mishrifah Runoff Management Improvement,30.08,41.79,11.71
2026-07-01,JED-PROJ-082,King Abdulaziz Road Mishrifah Runoff Management Improvement,33.09,43.47,10.38
2026-08-01,JED-PROJ-082,King Abdulaziz Road Mishrifah Runoff Management Improvement,36.1,47.45,11.35
2026-09-01,JED-PROJ-082,King Abdulaziz Road Mishrifah Runoff Management Improvement,39.11,45.82,6.71
2025-12-04,JED-PROJ-083,Prince Majed Corridor Al Hamra Drainage Capacity Enhancement,0.0,0.0,0.0
2026-01-01,JED-PROJ-083,Prince Majed Corridor Al Hamra Drainage Capacity Enhancement,6.43,8.77,2.34
2026-02-01,JED-PROJ-083,Prince Majed Corridor Al Hamra Drainage Capacity Enhancement,12.85,16.53,3.68
2026-03-01,JED-PROJ-083,Prince Majed Corridor Al Hamra Drainage Capacity Enhancement,19.28,22.11,2.83
2026-04-01,JED-PROJ-083,Prince Majed Corridor Al Hamra Drainage Capacity Enhancement,25.71,29.24,3.53
2026-05-01,JED-PROJ-083,Prince Majed Corridor Al Hamra Drainage Capacity Enhancement,32.13,38.74,6.61
2026-06-01,JED-PROJ-083,Prince Majed Corridor Al Hamra Drainage Capacity Enhancement,38.56,44.47,5.91
2026-07-01,JED-PROJ-083,Prince Majed Corridor Al Hamra Drainage Capacity Enhancement,44.99,53.99,9.0
2026-08-01,JED-PROJ-083,Prince Majed Corridor Al Hamra Drainage Capacity Enhancement,51.41,60.1,8.69
2026-09-01,JED-PROJ-083,Prince Majed Corridor Al Hamra Drainage Capacity Enhancement,57.84,62.88,5.04
2024-12-13,JED-PROJ-084,Haramain Gateway Al Ajwad Drainage Capacity Enhancement,0.0,0.0,0.0
2025-01-01,JED-PROJ-084,Haramain Gateway Al Ajwad Drainage Capacity Enhancement,4.76,4.2,-0.56
2025-02-01,JED-PROJ-084,Haramain Gateway Al Ajwad Drainage Capacity Enhancement,9.52,7.34,-2.18
2025-03-01,JED-PROJ-084,Haramain Gateway Al Ajwad Drainage Capacity Enhancement,14.29,11.58,-2.71
2025-04-01,JED-PROJ-084,Haramain Gateway Al Ajwad Drainage Capacity Enhancement,19.05,13.83,-5.22
2025-05-01,JED-PROJ-084,Haramain Gateway Al Ajwad Drainage Capacity Enhancement,23.81,19.63,-4.18
2025-06-01,JED-PROJ-084,Haramain Gateway Al Ajwad Drainage Capacity Enhancement,28.57,23.84,-4.73
2025-07-01,JED-PROJ-084,Haramain Gateway Al Ajwad Drainage Capacity Enhancement,33.33,25.27,-8.06
2025-08-01,JED-PROJ-084,Haramain Gateway Al Ajwad Drainage Capacity Enhancement,38.1,28.59,-9.51
2025-09-01,JED-PROJ-084,Haramain Gateway Al Ajwad Drainage Capacity Enhancement,42.86,32.08,-10.78
2025-10-01,JED-PROJ-084,Haramain Gateway Al Ajwad Drainage Capacity Enhancement,47.62,38.06,-9.56
2025-11-01,JED-PROJ-084,Haramain Gateway Al Ajwad Drainage Capacity Enhancement,52.38,41.69,-10.69
2025-12-01,JED-PROJ-084,Haramain Gateway Al Ajwad Drainage Capacity Enhancement,57.14,45.23,-11.91
2026-01-01,JED-PROJ-084,Haramain Gateway Al Ajwad Drainage Capacity Enhancement,61.9,47.85,-14.05
2026-02-01,JED-PROJ-084,Haramain Gateway Al Ajwad Drainage Capacity Enhancement,66.67,52.18,-14.49
2026-03-01,JED-PROJ-084,Haramain Gateway Al Ajwad Drainage Capacity Enhancement,71.43,56.67,-14.76
2026-04-01,JED-PROJ-084,Haramain Gateway Al Ajwad Drainage Capacity Enhancement,76.19,60.07,-16.12
2026-05-01,JED-PROJ-084,Haramain Gateway Al Ajwad Drainage Capacity Enhancement,80.95,65.6,-15.35
2026-06-01,JED-PROJ-084,Haramain Gateway Al Ajwad Drainage Capacity Enhancement,85.71,66.29,-19.42
2026-07-01,JED-PROJ-084,Haramain Gateway Al Ajwad Drainage Capacity Enhancement,90.48,72.05,-18.43
2026-08-01,JED-PROJ-084,Haramain Gateway Al Ajwad Drainage Capacity Enhancement,95.24,74.76,-20.48
2026-09-01,JED-PROJ-084,Haramain Gateway Al Ajwad Drainage Capacity Enhancement,100.0,89.43,-10.57
2025-12-05,JED-PROJ-085,Northern Jeddah Al Rowais Water Channel Rehabilitation,0.0,0.78,0.78
2026-01-01,JED-PROJ-085,Northern Jeddah Al Rowais Water Channel Rehabilitation,3.39,3.93,0.54
2026-02-01,JED-PROJ-085,Northern Jeddah Al Rowais Water Channel Rehabilitation,6.78,8.24,1.46
2026-03-01,JED-PROJ-085,Northern Jeddah Al Rowais Water Channel Rehabilitation,10.18,8.37,-1.81
2026-04-01,JED-PROJ-085,Northern Jeddah Al Rowais Water Channel Rehabilitation,13.57,11.51,-2.06
2026-05-01,JED-PROJ-085,Northern Jeddah Al Rowais Water Channel Rehabilitation,16.96,16.98,0.02
2026-06-01,JED-PROJ-085,Northern Jeddah Al Rowais Water Channel Rehabilitation,20.35,19.69,-0.66
2026-07-01,JED-PROJ-085,Northern Jeddah Al Rowais Water Channel Rehabilitation,23.75,21.83,-1.92
2026-08-01,JED-PROJ-085,Northern Jeddah Al Rowais Water Channel Rehabilitation,27.14,24.36,-2.78
2026-09-01,JED-PROJ-085,Northern Jeddah Al Rowais Water Channel Rehabilitation,30.53,29.82,-0.71
2025-11-17,JED-PROJ-086,Southern Jeddah Al Zahra Drainage Capacity Enhancement,0.0,1.42,1.42
2025-12-01,JED-PROJ-086,Southern Jeddah Al Zahra Drainage Capacity Enhancement,4.36,4.21,-0.15
2026-01-01,JED-PROJ-086,Southern Jeddah Al Zahra Drainage Capacity Enhancement,8.72,10.01,1.29
2026-02-01,JED-PROJ-086,Southern Jeddah Al Zahra Drainage Capacity Enhancement,13.08,14.98,1.9
2026-03-01,JED-PROJ-086,Southern Jeddah Al Zahra Drainage Capacity Enhancement,17.44,20.77,3.33
2026-04-01,JED-PROJ-086,Southern Jeddah Al Zahra Drainage Capacity Enhancement,21.8,25.06,3.26
2026-05-01,JED-PROJ-086,Southern Jeddah Al Zahra Drainage Capacity Enhancement,26.17,32.01,5.84
2026-06-01,JED-PROJ-086,Southern Jeddah Al Zahra Drainage Capacity Enhancement,30.53,35.7,5.17
2026-07-01,JED-PROJ-086,Southern Jeddah Al Zahra Drainage Capacity Enhancement,34.89,43.67,8.78
2026-08-01,JED-PROJ-086,Southern Jeddah Al Zahra Drainage Capacity Enhancement,39.25,46.95,7.7
2026-09-01,JED-PROJ-086,Southern Jeddah Al Zahra Drainage Capacity Enhancement,43.61,48.42,4.81
2025-07-17,JED-PROJ-087,Eastern Jeddah Al Bawadi Water Channel Rehabilitation,0.0,1.37,1.37
2025-08-01,JED-PROJ-087,Eastern Jeddah Al Bawadi Water Channel Rehabilitation,3.86,3.33,-0.53
2025-09-01,JED-PROJ-087,Eastern Jeddah Al Bawadi Water Channel Rehabilitation,7.72,5.69,-2.03
2025-10-01,JED-PROJ-087,Eastern Jeddah Al Bawadi Water Channel Rehabilitation,11.58,7.73,-3.85
2025-11-01,JED-PROJ-087,Eastern Jeddah Al Bawadi Water Channel Rehabilitation,15.45,10.55,-4.9
2025-12-01,JED-PROJ-087,Eastern Jeddah Al Bawadi Water Channel Rehabilitation,19.31,14.55,-4.76
2026-01-01,JED-PROJ-087,Eastern Jeddah Al Bawadi Water Channel Rehabilitation,23.17,18.5,-4.67
2026-02-01,JED-PROJ-087,Eastern Jeddah Al Bawadi Water Channel Rehabilitation,27.03,20.09,-6.94
2026-03-01,JED-PROJ-087,Eastern Jeddah Al Bawadi Water Channel Rehabilitation,30.89,22.51,-8.38
2026-04-01,JED-PROJ-087,Eastern Jeddah Al Bawadi Water Channel Rehabilitation,34.75,25.91,-8.84
2026-05-01,JED-PROJ-087,Eastern Jeddah Al Bawadi Water Channel Rehabilitation,38.61,27.75,-10.86
2026-06-01,JED-PROJ-087,Eastern Jeddah Al Bawadi Water Channel Rehabilitation,42.48,29.08,-13.4
2026-07-01,JED-PROJ-087,Eastern Jeddah Al Bawadi Water Channel Rehabilitation,46.34,33.67,-12.67
2026-08-01,JED-PROJ-087,Eastern Jeddah Al Bawadi Water Channel Rehabilitation,50.2,37.88,-12.32
2026-09-01,JED-PROJ-087,Eastern Jeddah Al Bawadi Water Channel Rehabilitation,54.06,46.54,-7.52
2024-06-07,JED-PROJ-088,Western Jeddah Al Waha Water Channel Rehabilitation,0.0,0.68,0.68
2024-07-01,JED-PROJ-088,Western Jeddah Al Waha Water Channel Rehabilitation,3.06,1.92,-1.14
2024-08-01,JED-PROJ-088,Western Jeddah Al Waha Water Channel Rehabilitation,6.12,6.12,0.0
2024-09-01,JED-PROJ-088,Western Jeddah Al Waha Water Channel Rehabilitation,9.18,7.53,-1.65
2024-10-01,JED-PROJ-088,Western Jeddah Al Waha Water Channel Rehabilitation,12.24,11.8,-0.44
2024-11-01,JED-PROJ-088,Western Jeddah Al Waha Water Channel Rehabilitation,15.3,15.89,0.59
2024-12-01,JED-PROJ-088,Western Jeddah Al Waha Water Channel Rehabilitation,18.36,17.42,-0.94
2025-01-01,JED-PROJ-088,Western Jeddah Al Waha Water Channel Rehabilitation,21.42,21.55,0.13
2025-02-01,JED-PROJ-088,Western Jeddah Al Waha Water Channel Rehabilitation,24.48,25.02,0.54
2025-03-01,JED-PROJ-088,Western Jeddah Al Waha Water Channel Rehabilitation,27.54,28.49,0.95
2025-04-01,JED-PROJ-088,Western Jeddah Al Waha Water Channel Rehabilitation,30.6,28.99,-1.61
2025-05-01,JED-PROJ-088,Western Jeddah Al Waha Water Channel Rehabilitation,33.66,32.58,-1.08
2025-06-01,JED-PROJ-088,Western Jeddah Al Waha Water Channel Rehabilitation,36.72,34.68,-2.04
2025-07-01,JED-PROJ-088,Western Jeddah Al Waha Water Channel Rehabilitation,39.78,40.7,0.92
2025-08-01,JED-PROJ-088,Western Jeddah Al Waha Water Channel Rehabilitation,42.85,43.46,0.61
2025-09-01,JED-PROJ-088,Western Jeddah Al Waha Water Channel Rehabilitation,45.91,45.06,-0.85
2025-10-01,JED-PROJ-088,Western Jeddah Al Waha Water Channel Rehabilitation,48.97,49.14,0.17
2025-11-01,JED-PROJ-088,Western Jeddah Al Waha Water Channel Rehabilitation,52.03,50.98,-1.05
2025-12-01,JED-PROJ-088,Western Jeddah Al Waha Water Channel Rehabilitation,55.09,54.34,-0.75
2026-01-01,JED-PROJ-088,Western Jeddah Al Waha Water Channel Rehabilitation,58.15,55.42,-2.73
2026-02-01,JED-PROJ-088,Western Jeddah Al Waha Water Channel Rehabilitation,61.21,60.81,-0.4
2026-03-01,JED-PROJ-088,Western Jeddah Al Waha Water Channel Rehabilitation,64.27,61.54,-2.73
2026-04-01,JED-PROJ-088,Western Jeddah Al Waha Water Channel Rehabilitation,67.33,67.05,-0.28
2026-05-01,JED-PROJ-088,Western Jeddah Al Waha Water Channel Rehabilitation,70.39,69.89,-0.5
2026-06-01,JED-PROJ-088,Western Jeddah Al Waha Water Channel Rehabilitation,73.45,72.62,-0.83
2026-07-01,JED-PROJ-088,Western Jeddah Al Waha Water Channel Rehabilitation,76.51,73.19,-3.32
2026-08-01,JED-PROJ-088,Western Jeddah Al Waha Water Channel Rehabilitation,79.57,77.15,-2.42
2026-09-01,JED-PROJ-088,Western Jeddah Al Waha Water Channel Rehabilitation,82.63,81.74,-0.89
2022-12-08,JED-PROJ-089,Central Jeddah Al Baghdadiyah Flood Mitigation Program,0.0,0.0,0.0
2023-01-01,JED-PROJ-089,Central Jeddah Al Baghdadiyah Flood Mitigation Program,3.57,2.09,-1.48
2023-02-01,JED-PROJ-089,Central Jeddah Al Baghdadiyah Flood Mitigation Program,7.14,8.72,1.58
2023-03-01,JED-PROJ-089,Central Jeddah Al Baghdadiyah Flood Mitigation Program,10.71,10.91,0.2
2023-04-01,JED-PROJ-089,Central Jeddah Al Baghdadiyah Flood Mitigation Program,14.29,13.59,-0.7
2023-05-01,JED-PROJ-089,Central Jeddah Al Baghdadiyah Flood Mitigation Program,17.86,17.49,-0.37
2023-06-01,JED-PROJ-089,Central Jeddah Al Baghdadiyah Flood Mitigation Program,21.43,21.24,-0.19
2023-07-01,JED-PROJ-089,Central Jeddah Al Baghdadiyah Flood Mitigation Program,25.0,25.36,0.36
2023-08-01,JED-PROJ-089,Central Jeddah Al Baghdadiyah Flood Mitigation Program,28.57,28.63,0.06
2023-09-01,JED-PROJ-089,Central Jeddah Al Baghdadiyah Flood Mitigation Program,32.14,33.65,1.51
2023-10-01,JED-PROJ-089,Central Jeddah Al Baghdadiyah Flood Mitigation Program,35.71,35.7,-0.01
2023-11-01,JED-PROJ-089,Central Jeddah Al Baghdadiyah Flood Mitigation Program,39.29,41.06,1.77
2023-12-01,JED-PROJ-089,Central Jeddah Al Baghdadiyah Flood Mitigation Program,42.86,44.12,1.26
2024-01-01,JED-PROJ-089,Central Jeddah Al Baghdadiyah Flood Mitigation Program,46.43,45.38,-1.05
2024-02-01,JED-PROJ-089,Central Jeddah Al Baghdadiyah Flood Mitigation Program,50.0,51.55,1.55
2024-03-01,JED-PROJ-089,Central Jeddah Al Baghdadiyah Flood Mitigation Program,53.57,52.19,-1.38
2024-04-01,JED-PROJ-089,Central Jeddah Al Baghdadiyah Flood Mitigation Program,57.14,58.29,1.15
2024-05-01,JED-PROJ-089,Central Jeddah Al Baghdadiyah Flood Mitigation Program,60.71,60.28,-0.43
2024-06-01,JED-PROJ-089,Central Jeddah Al Baghdadiyah Flood Mitigation Program,64.29,65.65,1.36
2024-07-01,JED-PROJ-089,Central Jeddah Al Baghdadiyah Flood Mitigation Program,67.86,69.18,1.32
2024-08-01,JED-PROJ-089,Central Jeddah Al Baghdadiyah Flood Mitigation Program,71.43,72.53,1.1
2024-09-01,JED-PROJ-089,Central Jeddah Al Baghdadiyah Flood Mitigation Program,75.0,76.04,1.04
2024-10-01,JED-PROJ-089,Central Jeddah Al Baghdadiyah Flood Mitigation Program,78.57,77.87,-0.7
2024-11-01,JED-PROJ-089,Central Jeddah Al Baghdadiyah Flood Mitigation Program,82.14,80.63,-1.51
2024-12-01,JED-PROJ-089,Central Jeddah Al Baghdadiyah Flood Mitigation Program,85.71,85.37,-0.34
2025-01-01,JED-PROJ-089,Central Jeddah Al Baghdadiyah Flood Mitigation Program,89.29,88.11,-1.18
2025-02-01,JED-PROJ-089,Central Jeddah Al Baghdadiyah Flood Mitigation Program,92.86,93.56,0.7
2025-03-01,JED-PROJ-089,Central Jeddah Al Baghdadiyah Flood Mitigation Program,96.43,95.87,-0.56
2025-04-01,JED-PROJ-089,Central Jeddah Al Baghdadiyah Flood Mitigation Program,100.0,100.0,0.0
2025-12-04,JED-PROJ-090,Corniche Al Samer Stormwater Drainage Upgrade,0.0,0.51,0.51
2026-01-01,JED-PROJ-090,Corniche Al Samer Stormwater Drainage Upgrade,5.63,9.69,4.06
2026-02-01,JED-PROJ-090,Corniche Al Samer Stormwater Drainage Upgrade,11.26,15.73,4.47
2026-03-01,JED-PROJ-090,Corniche Al Samer Stormwater Drainage Upgrade,16.88,26.89,10.01
2026-04-01,JED-PROJ-090,Corniche Al Samer Stormwater Drainage Upgrade,22.51,35.63,13.12
2026-05-01,JED-PROJ-090,Corniche Al Samer Stormwater Drainage Upgrade,28.14,42.59,14.45
2026-06-01,JED-PROJ-090,Corniche Al Samer Stormwater Drainage Upgrade,33.77,51.55,17.78
2026-07-01,JED-PROJ-090,Corniche Al Samer Stormwater Drainage Upgrade,39.39,60.65,21.26
2026-08-01,JED-PROJ-090,Corniche Al Samer Stormwater Drainage Upgrade,45.02,67.05,22.03
2026-09-01,JED-PROJ-090,Corniche Al Samer Stormwater Drainage Upgrade,50.65,63.7,13.05
2025-01-04,JED-PROJ-091,Airport District Al Muhammadiyah Stormwater Drainage Upgrade,0.0,0.0,0.0
2025-02-01,JED-PROJ-091,Airport District Al Muhammadiyah Stormwater Drainage Upgrade,4.32,0.0,-4.32
2025-03-01,JED-PROJ-091,Airport District Al Muhammadiyah Stormwater Drainage Upgrade,8.63,1.65,-6.98
2025-04-01,JED-PROJ-091,Airport District Al Muhammadiyah Stormwater Drainage Upgrade,12.95,1.65,-11.3
2025-05-01,JED-PROJ-091,Airport District Al Muhammadiyah Stormwater Drainage Upgrade,17.27,2.55,-14.72
2025-06-01,JED-PROJ-091,Airport District Al Muhammadiyah Stormwater Drainage Upgrade,21.58,4.01,-17.57
2025-07-01,JED-PROJ-091,Airport District Al Muhammadiyah Stormwater Drainage Upgrade,25.9,8.05,-17.85
2025-08-01,JED-PROJ-091,Airport District Al Muhammadiyah Stormwater Drainage Upgrade,30.22,8.05,-22.17
2025-09-01,JED-PROJ-091,Airport District Al Muhammadiyah Stormwater Drainage Upgrade,34.54,10.19,-24.35
2025-10-01,JED-PROJ-091,Airport District Al Muhammadiyah Stormwater Drainage Upgrade,38.85,10.19,-28.66
2025-11-01,JED-PROJ-091,Airport District Al Muhammadiyah Stormwater Drainage Upgrade,43.17,10.19,-32.98
2025-12-01,JED-PROJ-091,Airport District Al Muhammadiyah Stormwater Drainage Upgrade,47.49,11.73,-35.76
2026-01-01,JED-PROJ-091,Airport District Al Muhammadiyah Stormwater Drainage Upgrade,51.8,12.55,-39.25
2026-02-01,JED-PROJ-091,Airport District Al Muhammadiyah Stormwater Drainage Upgrade,56.12,12.55,-43.57
2026-03-01,JED-PROJ-091,Airport District Al Muhammadiyah Stormwater Drainage Upgrade,60.44,15.4,-45.04
2026-04-01,JED-PROJ-091,Airport District Al Muhammadiyah Stormwater Drainage Upgrade,64.76,15.4,-49.36
2026-05-01,JED-PROJ-091,Airport District Al Muhammadiyah Stormwater Drainage Upgrade,69.07,17.45,-51.62
2026-06-01,JED-PROJ-091,Airport District Al Muhammadiyah Stormwater Drainage Upgrade,73.39,18.63,-54.76
2026-07-01,JED-PROJ-091,Airport District Al Muhammadiyah Stormwater Drainage Upgrade,77.71,18.63,-59.08
2026-08-01,JED-PROJ-091,Airport District Al Muhammadiyah Stormwater Drainage Upgrade,82.02,18.64,-63.38
2026-09-01,JED-PROJ-091,Airport District Al Muhammadiyah Stormwater Drainage Upgrade,86.34,53.81,-32.53
2025-12-20,JED-PROJ-092,Obhur Al Shati Runoff Management Improvement,0.0,0.0,0.0
2026-01-01,JED-PROJ-092,Obhur Al Shati Runoff Management Improvement,4.31,1.87,-2.44
2026-02-01,JED-PROJ-092,Obhur Al Shati Runoff Management Improvement,8.63,8.71,0.08
2026-03-01,JED-PROJ-092,Obhur Al Shati Runoff Management Improvement,12.94,8.79,-4.15
2026-04-01,JED-PROJ-092,Obhur Al Shati Runoff Management Improvement,17.25,14.55,-2.7
2026-05-01,JED-PROJ-092,Obhur Al Shati Runoff Management Improvement,21.57,19.05,-2.52
2026-06-01,JED-PROJ-092,Obhur Al Shati Runoff Management Improvement,25.88,19.83,-6.05
2026-07-01,JED-PROJ-092,Obhur Al Shati Runoff Management Improvement,30.19,22.95,-7.24
2026-08-01,JED-PROJ-092,Obhur Al Shati Runoff Management Improvement,34.51,26.33,-8.18
2026-09-01,JED-PROJ-092,Obhur Al Shati Runoff Management Improvement,38.82,34.99,-3.83
2023-11-15,JED-PROJ-093,Al Balad Al Aziziyah Runoff Management Improvement,0.0,0.0,0.0
2023-12-01,JED-PROJ-093,Al Balad Al Aziziyah Runoff Management Improvement,4.0,4.69,0.69
2024-01-01,JED-PROJ-093,Al Balad Al Aziziyah Runoff Management Improvement,8.0,6.42,-1.58
2024-02-01,JED-PROJ-093,Al Balad Al Aziziyah Runoff Management Improvement,12.0,12.03,0.03
2024-03-01,JED-PROJ-093,Al Balad Al Aziziyah Runoff Management Improvement,16.0,17.79,1.79
2024-04-01,JED-PROJ-093,Al Balad Al Aziziyah Runoff Management Improvement,20.0,21.13,1.13
2024-05-01,JED-PROJ-093,Al Balad Al Aziziyah Runoff Management Improvement,24.0,24.41,0.41
2024-06-01,JED-PROJ-093,Al Balad Al Aziziyah Runoff Management Improvement,28.0,27.3,-0.7
2024-07-01,JED-PROJ-093,Al Balad Al Aziziyah Runoff Management Improvement,32.0,32.45,0.45
2024-08-01,JED-PROJ-093,Al Balad Al Aziziyah Runoff Management Improvement,36.0,36.1,0.1
2024-09-01,JED-PROJ-093,Al Balad Al Aziziyah Runoff Management Improvement,40.0,39.73,-0.27
2024-10-01,JED-PROJ-093,Al Balad Al Aziziyah Runoff Management Improvement,44.0,42.67,-1.33
2024-11-01,JED-PROJ-093,Al Balad Al Aziziyah Runoff Management Improvement,48.0,49.39,1.39
2024-12-01,JED-PROJ-093,Al Balad Al Aziziyah Runoff Management Improvement,52.0,51.82,-0.18
2025-01-01,JED-PROJ-093,Al Balad Al Aziziyah Runoff Management Improvement,56.0,54.9,-1.1
2025-02-01,JED-PROJ-093,Al Balad Al Aziziyah Runoff Management Improvement,60.0,59.52,-0.48
2025-03-01,JED-PROJ-093,Al Balad Al Aziziyah Runoff Management Improvement,64.0,63.69,-0.31
2025-04-01,JED-PROJ-093,Al Balad Al Aziziyah Runoff Management Improvement,68.0,69.18,1.18
2025-05-01,JED-PROJ-093,Al Balad Al Aziziyah Runoff Management Improvement,72.0,72.84,0.84
2025-06-01,JED-PROJ-093,Al Balad Al Aziziyah Runoff Management Improvement,76.0,76.97,0.97
2025-07-01,JED-PROJ-093,Al Balad Al Aziziyah Runoff Management Improvement,80.0,78.24,-1.76
2025-08-01,JED-PROJ-093,Al Balad Al Aziziyah Runoff Management Improvement,84.0,83.7,-0.3
2025-09-01,JED-PROJ-093,Al Balad Al Aziziyah Runoff Management Improvement,88.0,87.93,-0.07
2025-10-01,JED-PROJ-093,Al Balad Al Aziziyah Runoff Management Improvement,92.0,90.27,-1.73
2025-11-01,JED-PROJ-093,Al Balad Al Aziziyah Runoff Management Improvement,96.0,95.14,-0.86
2025-12-01,JED-PROJ-093,Al Balad Al Aziziyah Runoff Management Improvement,100.0,100.0,0.0
2025-09-21,JED-PROJ-094,King Abdulaziz Road Al Naseem Stormwater Drainage Upgrade,0.0,0.0,0.0
2025-10-01,JED-PROJ-094,King Abdulaziz Road Al Naseem Stormwater Drainage Upgrade,2.72,0.0,-2.72
2025-11-01,JED-PROJ-094,King Abdulaziz Road Al Naseem Stormwater Drainage Upgrade,5.44,0.0,-5.44
2025-12-01,JED-PROJ-094,King Abdulaziz Road Al Naseem Stormwater Drainage Upgrade,8.17,0.0,-8.17
2026-01-01,JED-PROJ-094,King Abdulaziz Road Al Naseem Stormwater Drainage Upgrade,10.89,0.0,-10.89
2026-02-01,JED-PROJ-094,King Abdulaziz Road Al Naseem Stormwater Drainage Upgrade,13.61,0.0,-13.61
2026-03-01,JED-PROJ-094,King Abdulaziz Road Al Naseem Stormwater Drainage Upgrade,16.34,0.0,-16.34
2026-04-01,JED-PROJ-094,King Abdulaziz Road Al Naseem Stormwater Drainage Upgrade,19.06,0.0,-19.06
2026-05-01,JED-PROJ-094,King Abdulaziz Road Al Naseem Stormwater Drainage Upgrade,21.78,0.0,-21.78
2026-06-01,JED-PROJ-094,King Abdulaziz Road Al Naseem Stormwater Drainage Upgrade,24.5,0.0,-24.5
2026-07-01,JED-PROJ-094,King Abdulaziz Road Al Naseem Stormwater Drainage Upgrade,27.22,0.0,-27.22
2026-08-01,JED-PROJ-094,King Abdulaziz Road Al Naseem Stormwater Drainage Upgrade,29.95,0.0,-29.95
2026-09-01,JED-PROJ-094,King Abdulaziz Road Al Naseem Stormwater Drainage Upgrade,32.67,10.38,-22.29
2024-03-12,JED-PROJ-095,Prince Majed Corridor Al Thaghr Drainage Capacity Enhancement,0.0,0.0,0.0
2024-04-01,JED-PROJ-095,Prince Majed Corridor Al Thaghr Drainage Capacity Enhancement,2.9,2.7,-0.2
2024-05-01,JED-PROJ-095,Prince Majed Corridor Al Thaghr Drainage Capacity Enhancement,5.8,4.22,-1.58
2024-06-01,JED-PROJ-095,Prince Majed Corridor Al Thaghr Drainage Capacity Enhancement,8.7,7.59,-1.11
2024-07-01,JED-PROJ-095,Prince Majed Corridor Al Thaghr Drainage Capacity Enhancement,11.6,11.81,0.21
2024-08-01,JED-PROJ-095,Prince Majed Corridor Al Thaghr Drainage Capacity Enhancement,14.5,13.61,-0.89
2024-09-01,JED-PROJ-095,Prince Majed Corridor Al Thaghr Drainage Capacity Enhancement,17.4,15.99,-1.41
2024-10-01,JED-PROJ-095,Prince Majed Corridor Al Thaghr Drainage Capacity Enhancement,20.3,18.8,-1.5
2024-11-01,JED-PROJ-095,Prince Majed Corridor Al Thaghr Drainage Capacity Enhancement,23.21,21.77,-1.44
2024-12-01,JED-PROJ-095,Prince Majed Corridor Al Thaghr Drainage Capacity Enhancement,26.11,25.68,-0.43
2025-01-01,JED-PROJ-095,Prince Majed Corridor Al Thaghr Drainage Capacity Enhancement,29.01,28.8,-0.21
2025-02-01,JED-PROJ-095,Prince Majed Corridor Al Thaghr Drainage Capacity Enhancement,31.91,31.77,-0.14
2025-03-01,JED-PROJ-095,Prince Majed Corridor Al Thaghr Drainage Capacity Enhancement,34.81,33.9,-0.91
2025-04-01,JED-PROJ-095,Prince Majed Corridor Al Thaghr Drainage Capacity Enhancement,37.71,34.95,-2.76
2025-05-01,JED-PROJ-095,Prince Majed Corridor Al Thaghr Drainage Capacity Enhancement,40.61,39.03,-1.58
2025-06-01,JED-PROJ-095,Prince Majed Corridor Al Thaghr Drainage Capacity Enhancement,43.51,40.87,-2.64
2025-07-01,JED-PROJ-095,Prince Majed Corridor Al Thaghr Drainage Capacity Enhancement,46.41,42.95,-3.46
2025-08-01,JED-PROJ-095,Prince Majed Corridor Al Thaghr Drainage Capacity Enhancement,49.31,47.8,-1.51
2025-09-01,JED-PROJ-095,Prince Majed Corridor Al Thaghr Drainage Capacity Enhancement,52.21,47.8,-4.41
2025-10-01,JED-PROJ-095,Prince Majed Corridor Al Thaghr Drainage Capacity Enhancement,55.11,53.49,-1.62
2025-11-01,JED-PROJ-095,Prince Majed Corridor Al Thaghr Drainage Capacity Enhancement,58.01,54.65,-3.36
2025-12-01,JED-PROJ-095,Prince Majed Corridor Al Thaghr Drainage Capacity Enhancement,60.91,58.02,-2.89
2026-01-01,JED-PROJ-095,Prince Majed Corridor Al Thaghr Drainage Capacity Enhancement,63.81,60.84,-2.97
2026-02-01,JED-PROJ-095,Prince Majed Corridor Al Thaghr Drainage Capacity Enhancement,66.72,64.43,-2.29
2026-03-01,JED-PROJ-095,Prince Majed Corridor Al Thaghr Drainage Capacity Enhancement,69.62,66.24,-3.38
2026-04-01,JED-PROJ-095,Prince Majed Corridor Al Thaghr Drainage Capacity Enhancement,72.52,68.89,-3.63
2026-05-01,JED-PROJ-095,Prince Majed Corridor Al Thaghr Drainage Capacity Enhancement,75.42,69.66,-5.76
2026-06-01,JED-PROJ-095,Prince Majed Corridor Al Thaghr Drainage Capacity Enhancement,78.32,74.03,-4.29
2026-07-01,JED-PROJ-095,Prince Majed Corridor Al Thaghr Drainage Capacity Enhancement,81.22,75.44,-5.78
2026-08-01,JED-PROJ-095,Prince Majed Corridor Al Thaghr Drainage Capacity Enhancement,84.12,80.3,-3.82
2026-09-01,JED-PROJ-095,Prince Majed Corridor Al Thaghr Drainage Capacity Enhancement,87.02,84.6,-2.42
2024-09-22,JED-PROJ-096,Haramain Gateway Prince Fawaz Stormwater Drainage Upgrade,0.0,0.65,0.65
2024-10-01,JED-PROJ-096,Haramain Gateway Prince Fawaz Stormwater Drainage Upgrade,4.55,2.9,-1.65
2024-11-01,JED-PROJ-096,Haramain Gateway Prince Fawaz Stormwater Drainage Upgrade,9.09,7.6,-1.49
2024-12-01,JED-PROJ-096,Haramain Gateway Prince Fawaz Stormwater Drainage Upgrade,13.64,14.42,0.78
2025-01-01,JED-PROJ-096,Haramain Gateway Prince Fawaz Stormwater Drainage Upgrade,18.18,16.64,-1.54
2025-02-01,JED-PROJ-096,Haramain Gateway Prince Fawaz Stormwater Drainage Upgrade,22.73,21.18,-1.55
2025-03-01,JED-PROJ-096,Haramain Gateway Prince Fawaz Stormwater Drainage Upgrade,27.27,25.52,-1.75
2025-04-01,JED-PROJ-096,Haramain Gateway Prince Fawaz Stormwater Drainage Upgrade,31.82,33.46,1.64
2025-05-01,JED-PROJ-096,Haramain Gateway Prince Fawaz Stormwater Drainage Upgrade,36.36,37.22,0.86
2025-06-01,JED-PROJ-096,Haramain Gateway Prince Fawaz Stormwater Drainage Upgrade,40.91,40.38,-0.53
2025-07-01,JED-PROJ-096,Haramain Gateway Prince Fawaz Stormwater Drainage Upgrade,45.45,44.72,-0.73
2025-08-01,JED-PROJ-096,Haramain Gateway Prince Fawaz Stormwater Drainage Upgrade,50.0,49.46,-0.54
2025-09-01,JED-PROJ-096,Haramain Gateway Prince Fawaz Stormwater Drainage Upgrade,54.55,55.53,0.98
2025-10-01,JED-PROJ-096,Haramain Gateway Prince Fawaz Stormwater Drainage Upgrade,59.09,59.67,0.58
2025-11-01,JED-PROJ-096,Haramain Gateway Prince Fawaz Stormwater Drainage Upgrade,63.64,62.5,-1.14
2025-12-01,JED-PROJ-096,Haramain Gateway Prince Fawaz Stormwater Drainage Upgrade,68.18,67.01,-1.17
2026-01-01,JED-PROJ-096,Haramain Gateway Prince Fawaz Stormwater Drainage Upgrade,72.73,71.28,-1.45
2026-02-01,JED-PROJ-096,Haramain Gateway Prince Fawaz Stormwater Drainage Upgrade,77.27,77.85,0.58
2026-03-01,JED-PROJ-096,Haramain Gateway Prince Fawaz Stormwater Drainage Upgrade,81.82,82.77,0.95
2026-04-01,JED-PROJ-096,Haramain Gateway Prince Fawaz Stormwater Drainage Upgrade,86.36,85.52,-0.84
2026-05-01,JED-PROJ-096,Haramain Gateway Prince Fawaz Stormwater Drainage Upgrade,90.91,89.18,-1.73
2026-06-01,JED-PROJ-096,Haramain Gateway Prince Fawaz Stormwater Drainage Upgrade,95.45,93.95,-1.5
2026-07-01,JED-PROJ-096,Haramain Gateway Prince Fawaz Stormwater Drainage Upgrade,100.0,100.0,0.0
2025-05-17,JED-PROJ-097,Northern Jeddah Al Marwah Stormwater Drainage Upgrade,0.0,0.0,0.0
2025-06-01,JED-PROJ-097,Northern Jeddah Al Marwah Stormwater Drainage Upgrade,6.19,4.76,-1.43
2025-07-01,JED-PROJ-097,Northern Jeddah Al Marwah Stormwater Drainage Upgrade,12.38,8.02,-4.36
2025-08-01,JED-PROJ-097,Northern Jeddah Al Marwah Stormwater Drainage Upgrade,18.56,10.93,-7.63
2025-09-01,JED-PROJ-097,Northern Jeddah Al Marwah Stormwater Drainage Upgrade,24.75,14.09,-10.66
2025-10-01,JED-PROJ-097,Northern Jeddah Al Marwah Stormwater Drainage Upgrade,30.94,17.57,-13.37
2025-11-01,JED-PROJ-097,Northern Jeddah Al Marwah Stormwater Drainage Upgrade,37.12,23.13,-13.99
2025-12-01,JED-PROJ-097,Northern Jeddah Al Marwah Stormwater Drainage Upgrade,43.31,27.49,-15.82
2026-01-01,JED-PROJ-097,Northern Jeddah Al Marwah Stormwater Drainage Upgrade,49.5,30.81,-18.69
2026-02-01,JED-PROJ-097,Northern Jeddah Al Marwah Stormwater Drainage Upgrade,55.69,34.19,-21.5
2026-03-01,JED-PROJ-097,Northern Jeddah Al Marwah Stormwater Drainage Upgrade,61.88,36.21,-25.67
2026-04-01,JED-PROJ-097,Northern Jeddah Al Marwah Stormwater Drainage Upgrade,68.06,43.34,-24.72
2026-05-01,JED-PROJ-097,Northern Jeddah Al Marwah Stormwater Drainage Upgrade,74.25,46.51,-27.74
2026-06-01,JED-PROJ-097,Northern Jeddah Al Marwah Stormwater Drainage Upgrade,80.44,48.48,-31.96
2026-07-01,JED-PROJ-097,Northern Jeddah Al Marwah Stormwater Drainage Upgrade,86.62,54.74,-31.88
2026-08-01,JED-PROJ-097,Northern Jeddah Al Marwah Stormwater Drainage Upgrade,92.81,57.16,-35.65
2026-09-01,JED-PROJ-097,Northern Jeddah Al Marwah Stormwater Drainage Upgrade,99.0,79.79,-19.21
2024-03-12,JED-PROJ-098,Southern Jeddah Al Balad Drainage Network Expansion,0.0,0.89,0.89
2024-04-01,JED-PROJ-098,Southern Jeddah Al Balad Drainage Network Expansion,3.45,4.57,1.12
2024-05-01,JED-PROJ-098,Southern Jeddah Al Balad Drainage Network Expansion,6.9,7.46,0.56
2024-06-01,JED-PROJ-098,Southern Jeddah Al Balad Drainage Network Expansion,10.34,9.01,-1.33
2024-07-01,JED-PROJ-098,Southern Jeddah Al Balad Drainage Network Expansion,13.79,13.21,-0.58
2024-08-01,JED-PROJ-098,Southern Jeddah Al Balad Drainage Network Expansion,17.24,18.78,1.54
2024-09-01,JED-PROJ-098,Southern Jeddah Al Balad Drainage Network Expansion,20.69,19.7,-0.99
2024-10-01,JED-PROJ-098,Southern Jeddah Al Balad Drainage Network Expansion,24.14,23.68,-0.46
2024-11-01,JED-PROJ-098,Southern Jeddah Al Balad Drainage Network Expansion,27.59,27.34,-0.25
2024-12-01,JED-PROJ-098,Southern Jeddah Al Balad Drainage Network Expansion,31.03,30.82,-0.21
2025-01-01,JED-PROJ-098,Southern Jeddah Al Balad Drainage Network Expansion,34.48,34.89,0.41
2025-02-01,JED-PROJ-098,Southern Jeddah Al Balad Drainage Network Expansion,37.93,39.53,1.6
2025-03-01,JED-PROJ-098,Southern Jeddah Al Balad Drainage Network Expansion,41.38,40.45,-0.93
2025-04-01,JED-PROJ-098,Southern Jeddah Al Balad Drainage Network Expansion,44.83,43.46,-1.37
2025-05-01,JED-PROJ-098,Southern Jeddah Al Balad Drainage Network Expansion,48.28,47.19,-1.09
2025-06-01,JED-PROJ-098,Southern Jeddah Al Balad Drainage Network Expansion,51.72,53.12,1.4
2025-07-01,JED-PROJ-098,Southern Jeddah Al Balad Drainage Network Expansion,55.17,55.7,0.53
2025-08-01,JED-PROJ-098,Southern Jeddah Al Balad Drainage Network Expansion,58.62,57.85,-0.77
2025-09-01,JED-PROJ-098,Southern Jeddah Al Balad Drainage Network Expansion,62.07,63.21,1.14
2025-10-01,JED-PROJ-098,Southern Jeddah Al Balad Drainage Network Expansion,65.52,66.82,1.3
2025-11-01,JED-PROJ-098,Southern Jeddah Al Balad Drainage Network Expansion,68.97,70.21,1.24
2025-12-01,JED-PROJ-098,Southern Jeddah Al Balad Drainage Network Expansion,72.41,73.92,1.51
2026-01-01,JED-PROJ-098,Southern Jeddah Al Balad Drainage Network Expansion,75.86,74.97,-0.89
2026-02-01,JED-PROJ-098,Southern Jeddah Al Balad Drainage Network Expansion,79.31,80.23,0.92
2026-03-01,JED-PROJ-098,Southern Jeddah Al Balad Drainage Network Expansion,82.76,82.62,-0.14
2026-04-01,JED-PROJ-098,Southern Jeddah Al Balad Drainage Network Expansion,86.21,87.44,1.23
2026-05-01,JED-PROJ-098,Southern Jeddah Al Balad Drainage Network Expansion,89.66,90.48,0.82
2026-06-01,JED-PROJ-098,Southern Jeddah Al Balad Drainage Network Expansion,93.1,94.1,1.0
2026-07-01,JED-PROJ-098,Southern Jeddah Al Balad Drainage Network Expansion,96.55,97.11,0.56
2026-08-01,JED-PROJ-098,Southern Jeddah Al Balad Drainage Network Expansion,100.0,100.0,0.0
2022-03-07,JED-PROJ-099,Eastern Jeddah Al Safa Runoff Management Improvement,0.0,0.16,0.16
2022-04-01,JED-PROJ-099,Eastern Jeddah Al Safa Runoff Management Improvement,2.7,4.45,1.75
2022-05-01,JED-PROJ-099,Eastern Jeddah Al Safa Runoff Management Improvement,5.41,6.98,1.57
2022-06-01,JED-PROJ-099,Eastern Jeddah Al Safa Runoff Management Improvement,8.11,6.98,-1.13
2022-07-01,JED-PROJ-099,Eastern Jeddah Al Safa Runoff Management Improvement,10.81,9.6,-1.21
2022-08-01,JED-PROJ-099,Eastern Jeddah Al Safa Runoff Management Improvement,13.51,12.19,-1.32
2022-09-01,JED-PROJ-099,Eastern Jeddah Al Safa Runoff Management Improvement,16.22,17.03,0.81
2022-10-01,JED-PROJ-099,Eastern Jeddah Al Safa Runoff Management Improvement,18.92,20.06,1.14
2022-11-01,JED-PROJ-099,Eastern Jeddah Al Safa Runoff Management Improvement,21.62,20.59,-1.03
2022-12-01,JED-PROJ-099,Eastern Jeddah Al Safa Runoff Management Improvement,24.32,24.35,0.03
2023-01-01,JED-PROJ-099,Eastern Jeddah Al Safa Runoff Management Improvement,27.03,28.25,1.22
2023-02-01,JED-PROJ-099,Eastern Jeddah Al Safa Runoff Management Improvement,29.73,30.57,0.84
2023-03-01,JED-PROJ-099,Eastern Jeddah Al Safa Runoff Management Improvement,32.43,32.58,0.15
2023-04-01,JED-PROJ-099,Eastern Jeddah Al Safa Runoff Management Improvement,35.14,35.46,0.32
2023-05-01,JED-PROJ-099,Eastern Jeddah Al Safa Runoff Management Improvement,37.84,37.87,0.03
2023-06-01,JED-PROJ-099,Eastern Jeddah Al Safa Runoff Management Improvement,40.54,39.81,-0.73
2023-07-01,JED-PROJ-099,Eastern Jeddah Al Safa Runoff Management Improvement,43.24,43.48,0.24
2023-08-01,JED-PROJ-099,Eastern Jeddah Al Safa Runoff Management Improvement,45.95,46.63,0.68
2023-09-01,JED-PROJ-099,Eastern Jeddah Al Safa Runoff Management Improvement,48.65,49.99,1.34
2023-10-01,JED-PROJ-099,Eastern Jeddah Al Safa Runoff Management Improvement,51.35,51.84,0.49
2023-11-01,JED-PROJ-099,Eastern Jeddah Al Safa Runoff Management Improvement,54.05,54.99,0.94
2023-12-01,JED-PROJ-099,Eastern Jeddah Al Safa Runoff Management Improvement,56.76,55.53,-1.23
2024-01-01,JED-PROJ-099,Eastern Jeddah Al Safa Runoff Management Improvement,59.46,59.32,-0.14
2024-02-01,JED-PROJ-099,Eastern Jeddah Al Safa Runoff Management Improvement,62.16,60.4,-1.76
2024-03-01,JED-PROJ-099,Eastern Jeddah Al Safa Runoff Management Improvement,64.86,63.95,-0.91
2024-04-01,JED-PROJ-099,Eastern Jeddah Al Safa Runoff Management Improvement,67.57,68.38,0.81
2024-05-01,JED-PROJ-099,Eastern Jeddah Al Safa Runoff Management Improvement,70.27,72.04,1.77
2024-06-01,JED-PROJ-099,Eastern Jeddah Al Safa Runoff Management Improvement,72.97,72.04,-0.93
2024-07-01,JED-PROJ-099,Eastern Jeddah Al Safa Runoff Management Improvement,75.68,75.32,-0.36
2024-08-01,JED-PROJ-099,Eastern Jeddah Al Safa Runoff Management Improvement,78.38,79.46,1.08
2024-09-01,JED-PROJ-099,Eastern Jeddah Al Safa Runoff Management Improvement,81.08,80.02,-1.06
2024-10-01,JED-PROJ-099,Eastern Jeddah Al Safa Runoff Management Improvement,83.78,83.98,0.2
2024-11-01,JED-PROJ-099,Eastern Jeddah Al Safa Runoff Management Improvement,86.49,87.33,0.84
2024-12-01,JED-PROJ-099,Eastern Jeddah Al Safa Runoff Management Improvement,89.19,89.61,0.42
2025-01-01,JED-PROJ-099,Eastern Jeddah Al Safa Runoff Management Improvement,91.89,90.77,-1.12
2025-02-01,JED-PROJ-099,Eastern Jeddah Al Safa Runoff Management Improvement,94.59,94.07,-0.52
2025-03-01,JED-PROJ-099,Eastern Jeddah Al Safa Runoff Management Improvement,97.3,98.32,1.02
2025-04-01,JED-PROJ-099,Eastern Jeddah Al Safa Runoff Management Improvement,100.0,100.0,0.0
2025-04-27,JED-PROJ-100,Western Jeddah Al Khalidiyah Drainage Network Expansion,0.0,0.0,0.0
2025-05-01,JED-PROJ-100,Western Jeddah Al Khalidiyah Drainage Network Expansion,3.17,4.65,1.48
2025-06-01,JED-PROJ-100,Western Jeddah Al Khalidiyah Drainage Network Expansion,6.34,5.76,-0.58
2025-07-01,JED-PROJ-100,Western Jeddah Al Khalidiyah Drainage Network Expansion,9.51,12.03,2.52
2025-08-01,JED-PROJ-100,Western Jeddah Al Khalidiyah Drainage Network Expansion,12.68,13.79,1.11
2025-09-01,JED-PROJ-100,Western Jeddah Al Khalidiyah Drainage Network Expansion,15.84,20.22,4.38
2025-10-01,JED-PROJ-100,Western Jeddah Al Khalidiyah Drainage Network Expansion,19.01,21.81,2.8
2025-11-01,JED-PROJ-100,Western Jeddah Al Khalidiyah Drainage Network Expansion,22.18,25.38,3.2
2025-12-01,JED-PROJ-100,Western Jeddah Al Khalidiyah Drainage Network Expansion,25.35,28.45,3.1
2026-01-01,JED-PROJ-100,Western Jeddah Al Khalidiyah Drainage Network Expansion,28.52,32.73,4.21
2026-02-01,JED-PROJ-100,Western Jeddah Al Khalidiyah Drainage Network Expansion,31.69,38.5,6.81
2026-03-01,JED-PROJ-100,Western Jeddah Al Khalidiyah Drainage Network Expansion,34.86,42.65,7.79
2026-04-01,JED-PROJ-100,Western Jeddah Al Khalidiyah Drainage Network Expansion,38.03,44.1,6.07
2026-05-01,JED-PROJ-100,Western Jeddah Al Khalidiyah Drainage Network Expansion,41.19,48.11,6.92
2026-06-01,JED-PROJ-100,Western Jeddah Al Khalidiyah Drainage Network Expansion,44.36,52.81,8.45
2026-07-01,JED-PROJ-100,Western Jeddah Al Khalidiyah Drainage Network Expansion,47.53,57.11,9.58
2026-08-01,JED-PROJ-100,Western Jeddah Al Khalidiyah Drainage Network Expansion,50.7,59.77,9.07
2026-09-01,JED-PROJ-100,Western Jeddah Al Khalidiyah Drainage Network Expansion,53.87,58.51,4.64
2026-02-26,JED-PROJ-101,Central Jeddah Al Rawdah Distribution Network Enhancement,0.0,0.0,0.0
2026-03-01,JED-PROJ-101,Central Jeddah Al Rawdah Distribution Network Enhancement,8.77,2.48,-6.29
2026-04-01,JED-PROJ-101,Central Jeddah Al Rawdah Distribution Network Enhancement,17.53,2.48,-15.05
2026-05-01,JED-PROJ-101,Central Jeddah Al Rawdah Distribution Network Enhancement,26.3,5.77,-20.53
2026-06-01,JED-PROJ-101,Central Jeddah Al Rawdah Distribution Network Enhancement,35.06,6.6,-28.46
2026-07-01,JED-PROJ-101,Central Jeddah Al Rawdah Distribution Network Enhancement,43.83,9.96,-33.87
2026-08-01,JED-PROJ-101,Central Jeddah Al Rawdah Distribution Network Enhancement,52.59,9.96,-42.63
2026-09-01,JED-PROJ-101,Central Jeddah Al Rawdah Distribution Network Enhancement,61.36,36.91,-24.45
2026-03-06,JED-PROJ-102,Corniche Mishrifah Service Diversion Project,0.0,0.0,0.0
2026-04-01,JED-PROJ-102,Corniche Mishrifah Service Diversion Project,5.31,2.85,-2.46
2026-05-01,JED-PROJ-102,Corniche Mishrifah Service Diversion Project,10.62,3.1,-7.52
2026-06-01,JED-PROJ-102,Corniche Mishrifah Service Diversion Project,15.93,7.29,-8.64
2026-07-01,JED-PROJ-102,Corniche Mishrifah Service Diversion Project,21.25,9.56,-11.69
2026-08-01,JED-PROJ-102,Corniche Mishrifah Service Diversion Project,26.56,11.89,-14.67
2026-09-01,JED-PROJ-102,Corniche Mishrifah Service Diversion Project,31.87,22.94,-8.93
2025-03-10,JED-PROJ-103,Airport District Al Jamiah Underground Utility Development,0.0,0.64,0.64
2025-04-01,JED-PROJ-103,Airport District Al Jamiah Underground Utility Development,5.09,6.65,1.56
2025-05-01,JED-PROJ-103,Airport District Al Jamiah Underground Utility Development,10.17,10.27,0.1
2025-06-01,JED-PROJ-103,Airport District Al Jamiah Underground Utility Development,15.26,17.83,2.57
2025-07-01,JED-PROJ-103,Airport District Al Jamiah Underground Utility Development,20.34,22.2,1.86
2025-08-01,JED-PROJ-103,Airport District Al Jamiah Underground Utility Development,25.43,26.24,0.81
2025-09-01,JED-PROJ-103,Airport District Al Jamiah Underground Utility Development,30.52,31.72,1.2
2025-10-01,JED-PROJ-103,Airport District Al Jamiah Underground Utility Development,35.6,38.26,2.66
2025-11-01,JED-PROJ-103,Airport District Al Jamiah Underground Utility Development,40.69,45.44,4.75
2025-12-01,JED-PROJ-103,Airport District Al Jamiah Underground Utility Development,45.78,50.71,4.93
2026-01-01,JED-PROJ-103,Airport District Al Jamiah Underground Utility Development,50.86,56.56,5.7
2026-02-01,JED-PROJ-103,Airport District Al Jamiah Underground Utility Development,55.95,61.13,5.18
2026-03-01,JED-PROJ-103,Airport District Al Jamiah Underground Utility Development,61.03,66.4,5.37
2026-04-01,JED-PROJ-103,Airport District Al Jamiah Underground Utility Development,66.12,70.9,4.78
2026-05-01,JED-PROJ-103,Airport District Al Jamiah Underground Utility Development,71.21,77.1,5.89
2026-06-01,JED-PROJ-103,Airport District Al Jamiah Underground Utility Development,76.29,83.04,6.75
2026-07-01,JED-PROJ-103,Airport District Al Jamiah Underground Utility Development,81.38,87.35,5.97
2026-08-01,JED-PROJ-103,Airport District Al Jamiah Underground Utility Development,86.46,93.37,6.91
2026-09-01,JED-PROJ-103,Airport District Al Jamiah Underground Utility Development,91.55,95.74,4.19
2024-03-13,JED-PROJ-104,Obhur Al Ajwad Service Diversion Project,0.0,0.85,0.85
2024-04-01,JED-PROJ-104,Obhur Al Ajwad Service Diversion Project,9.09,10.88,1.79
2024-05-01,JED-PROJ-104,Obhur Al Ajwad Service Diversion Project,18.18,19.74,1.56
2024-06-01,JED-PROJ-104,Obhur Al Ajwad Service Diversion Project,27.27,27.79,0.52
2024-07-01,JED-PROJ-104,Obhur Al Ajwad Service Diversion Project,36.36,36.08,-0.28
2024-08-01,JED-PROJ-104,Obhur Al Ajwad Service Diversion Project,45.45,45.94,0.49
2024-09-01,JED-PROJ-104,Obhur Al Ajwad Service Diversion Project,54.55,55.57,1.02
2024-10-01,JED-PROJ-104,Obhur Al Ajwad Service Diversion Project,63.64,62.26,-1.38
2024-11-01,JED-PROJ-104,Obhur Al Ajwad Service Diversion Project,72.73,72.4,-0.33
2024-12-01,JED-PROJ-104,Obhur Al Ajwad Service Diversion Project,81.82,83.04,1.22
2025-01-01,JED-PROJ-104,Obhur Al Ajwad Service Diversion Project,90.91,90.49,-0.42
2025-02-01,JED-PROJ-104,Obhur Al Ajwad Service Diversion Project,100.0,100.0,0.0
2027-08-23,JED-PROJ-105,Al Balad Al Rowais Water & Sewer Infrastructure Renewal,0.0,0.0,0.0
2026-01-31,JED-PROJ-106,King Abdulaziz Road Obhur Distribution Network Enhancement,0.0,0.0,0.0
2026-02-01,JED-PROJ-106,King Abdulaziz Road Obhur Distribution Network Enhancement,4.63,5.17,0.54
2026-03-01,JED-PROJ-106,King Abdulaziz Road Obhur Distribution Network Enhancement,9.27,9.83,0.56
2026-04-01,JED-PROJ-106,King Abdulaziz Road Obhur Distribution Network Enhancement,13.9,15.59,1.69
2026-05-01,JED-PROJ-106,King Abdulaziz Road Obhur Distribution Network Enhancement,18.54,24.27,5.73
2026-06-01,JED-PROJ-106,King Abdulaziz Road Obhur Distribution Network Enhancement,23.17,28.03,4.86
2026-07-01,JED-PROJ-106,King Abdulaziz Road Obhur Distribution Network Enhancement,27.8,34.68,6.88
2026-08-01,JED-PROJ-106,King Abdulaziz Road Obhur Distribution Network Enhancement,32.44,39.66,7.22
2026-09-01,JED-PROJ-106,King Abdulaziz Road Obhur Distribution Network Enhancement,37.07,41.61,4.54
2024-08-04,JED-PROJ-107,Prince Majed Corridor Al Zahra Utility Network Upgrade,0.0,0.0,0.0
2024-09-01,JED-PROJ-107,Prince Majed Corridor Al Zahra Utility Network Upgrade,4.0,2.53,-1.47
2024-10-01,JED-PROJ-107,Prince Majed Corridor Al Zahra Utility Network Upgrade,8.0,6.9,-1.1
2024-11-01,JED-PROJ-107,Prince Majed Corridor Al Zahra Utility Network Upgrade,12.0,9.57,-2.43
2024-12-01,JED-PROJ-107,Prince Majed Corridor Al Zahra Utility Network Upgrade,16.0,9.98,-6.02
2025-01-01,JED-PROJ-107,Prince Majed Corridor Al Zahra Utility Network Upgrade,20.0,14.98,-5.02
2025-02-01,JED-PROJ-107,Prince Majed Corridor Al Zahra Utility Network Upgrade,24.0,16.52,-7.48
2025-03-01,JED-PROJ-107,Prince Majed Corridor Al Zahra Utility Network Upgrade,28.0,19.39,-8.61
2025-04-01,JED-PROJ-107,Prince Majed Corridor Al Zahra Utility Network Upgrade,32.0,20.91,-11.09
2025-05-01,JED-PROJ-107,Prince Majed Corridor Al Zahra Utility Network Upgrade,36.0,23.5,-12.5
2025-06-01,JED-PROJ-107,Prince Majed Corridor Al Zahra Utility Network Upgrade,40.0,28.6,-11.4
2025-07-01,JED-PROJ-107,Prince Majed Corridor Al Zahra Utility Network Upgrade,44.0,30.55,-13.45
2025-08-01,JED-PROJ-107,Prince Majed Corridor Al Zahra Utility Network Upgrade,48.0,33.11,-14.89
2025-09-01,JED-PROJ-107,Prince Majed Corridor Al Zahra Utility Network Upgrade,52.0,36.95,-15.05
2025-10-01,JED-PROJ-107,Prince Majed Corridor Al Zahra Utility Network Upgrade,56.0,39.85,-16.15
2025-11-01,JED-PROJ-107,Prince Majed Corridor Al Zahra Utility Network Upgrade,60.0,40.45,-19.55
2025-12-01,JED-PROJ-107,Prince Majed Corridor Al Zahra Utility Network Upgrade,64.0,44.85,-19.15
2026-01-01,JED-PROJ-107,Prince Majed Corridor Al Zahra Utility Network Upgrade,68.0,45.92,-22.08
2026-02-01,JED-PROJ-107,Prince Majed Corridor Al Zahra Utility Network Upgrade,72.0,50.92,-21.08
2026-03-01,JED-PROJ-107,Prince Majed Corridor Al Zahra Utility Network Upgrade,76.0,53.35,-22.65
2026-04-01,JED-PROJ-107,Prince Majed Corridor Al Zahra Utility Network Upgrade,80.0,57.21,-22.79
2026-05-01,JED-PROJ-107,Prince Majed Corridor Al Zahra Utility Network Upgrade,84.0,57.21,-26.79
2026-06-01,JED-PROJ-107,Prince Majed Corridor Al Zahra Utility Network Upgrade,88.0,59.53,-28.47
2026-07-01,JED-PROJ-107,Prince Majed Corridor Al Zahra Utility Network Upgrade,92.0,63.12,-28.88
2026-08-01,JED-PROJ-107,Prince Majed Corridor Al Zahra Utility Network Upgrade,96.0,65.82,-30.18
2026-09-01,JED-PROJ-107,Prince Majed Corridor Al Zahra Utility Network Upgrade,100.0,84.73,-15.27
2026-06-27,JED-PROJ-108,Haramain Gateway Al Rehab Underground Utility Development,0.0,1.46,1.46
2026-07-01,JED-PROJ-108,Haramain Gateway Al Rehab Underground Utility Development,5.83,1.46,-4.37
2026-08-01,JED-PROJ-108,Haramain Gateway Al Rehab Underground Utility Development,11.65,3.63,-8.02
2026-09-01,JED-PROJ-108,Haramain Gateway Al Rehab Underground Utility Development,17.48,12.08,-5.4
2025-02-18,JED-PROJ-109,Northern Jeddah Al Rawabi Substation Access Improvement,0.0,0.0,0.0
2025-03-01,JED-PROJ-109,Northern Jeddah Al Rawabi Substation Access Improvement,4.0,4.57,0.57
2025-04-01,JED-PROJ-109,Northern Jeddah Al Rawabi Substation Access Improvement,7.99,5.58,-2.41
2025-05-01,JED-PROJ-109,Northern Jeddah Al Rawabi Substation Access Improvement,11.99,10.67,-1.32
2025-06-01,JED-PROJ-109,Northern Jeddah Al Rawabi Substation Access Improvement,15.99,12.61,-3.38
2025-07-01,JED-PROJ-109,Northern Jeddah Al Rawabi Substation Access Improvement,19.99,16.29,-3.7
2025-08-01,JED-PROJ-109,Northern Jeddah Al Rawabi Substation Access Improvement,23.98,22.9,-1.08
2025-09-01,JED-PROJ-109,Northern Jeddah Al Rawabi Substation Access Improvement,27.98,23.71,-4.27
2025-10-01,JED-PROJ-109,Northern Jeddah Al Rawabi Substation Access Improvement,31.98,28.7,-3.28
2025-11-01,JED-PROJ-109,Northern Jeddah Al Rawabi Substation Access Improvement,35.98,31.84,-4.14
2025-12-01,JED-PROJ-109,Northern Jeddah Al Rawabi Substation Access Improvement,39.97,35.18,-4.79
2026-01-01,JED-PROJ-109,Northern Jeddah Al Rawabi Substation Access Improvement,43.97,40.74,-3.23
2026-02-01,JED-PROJ-109,Northern Jeddah Al Rawabi Substation Access Improvement,47.97,41.16,-6.81
2026-03-01,JED-PROJ-109,Northern Jeddah Al Rawabi Substation Access Improvement,51.97,47.04,-4.93
2026-04-01,JED-PROJ-109,Northern Jeddah Al Rawabi Substation Access Improvement,55.96,51.69,-4.27
2026-05-01,JED-PROJ-109,Northern Jeddah Al Rawabi Substation Access Improvement,59.96,53.81,-6.15
2026-06-01,JED-PROJ-109,Northern Jeddah Al Rawabi Substation Access Improvement,63.96,58.74,-5.22
2026-07-01,JED-PROJ-109,Northern Jeddah Al Rawabi Substation Access Improvement,67.96,59.13,-8.83
2026-08-01,JED-PROJ-109,Northern Jeddah Al Rawabi Substation Access Improvement,71.95,64.02,-7.93
2026-09-01,JED-PROJ-109,Northern Jeddah Al Rawabi Substation Access Improvement,75.95,71.92,-4.03
2025-12-22,JED-PROJ-110,Southern Jeddah Al Waha Distribution Network Enhancement,0.0,0.83,0.83
2026-01-01,JED-PROJ-110,Southern Jeddah Al Waha Distribution Network Enhancement,9.8,13.08,3.28
2026-02-01,JED-PROJ-110,Southern Jeddah Al Waha Distribution Network Enhancement,19.61,21.82,2.21
2026-03-01,JED-PROJ-110,Southern Jeddah Al Waha Distribution Network Enhancement,29.41,34.6,5.19
2026-04-01,JED-PROJ-110,Southern Jeddah Al Waha Distribution Network Enhancement,39.22,44.3,5.08
2026-05-01,JED-PROJ-110,Southern Jeddah Al Waha Distribution Network Enhancement,49.02,56.97,7.95
2026-06-01,JED-PROJ-110,Southern Jeddah Al Waha Distribution Network Enhancement,58.83,67.95,9.12
2026-07-01,JED-PROJ-110,Southern Jeddah Al Waha Distribution Network Enhancement,68.63,81.13,12.5
2026-08-01,JED-PROJ-110,Southern Jeddah Al Waha Distribution Network Enhancement,78.44,91.16,12.72
2026-09-01,JED-PROJ-110,Southern Jeddah Al Waha Distribution Network Enhancement,88.24,95.18,6.94
2026-06-23,JED-PROJ-111,Eastern Jeddah Al Samer Underground Utility Development,0.0,0.0,0.0
2026-07-01,JED-PROJ-111,Eastern Jeddah Al Samer Underground Utility Development,3.63,0.45,-3.18
2026-08-01,JED-PROJ-111,Eastern Jeddah Al Samer Underground Utility Development,7.26,2.42,-4.84
2026-09-01,JED-PROJ-111,Eastern Jeddah Al Samer Underground Utility Development,10.89,8.0,-2.89
2025-04-08,JED-PROJ-112,Western Jeddah Al Sanabel Underground Utility Development,0.0,1.26,1.26
2025-05-01,JED-PROJ-112,Western Jeddah Al Sanabel Underground Utility Development,5.82,4.15,-1.67
2025-06-01,JED-PROJ-112,Western Jeddah Al Sanabel Underground Utility Development,11.65,7.94,-3.71
2025-07-01,JED-PROJ-112,Western Jeddah Al Sanabel Underground Utility Development,17.47,10.4,-7.07
2025-08-01,JED-PROJ-112,Western Jeddah Al Sanabel Underground Utility Development,23.29,17.01,-6.28
2025-09-01,JED-PROJ-112,Western Jeddah Al Sanabel Underground Utility Development,29.12,20.44,-8.68
2025-10-01,JED-PROJ-112,Western Jeddah Al Sanabel Underground Utility Development,34.94,22.01,-12.93
2025-11-01,JED-PROJ-112,Western Jeddah Al Sanabel Underground Utility Development,40.76,28.25,-12.51
2025-12-01,JED-PROJ-112,Western Jeddah Al Sanabel Underground Utility Development,46.59,31.58,-15.01
2026-01-01,JED-PROJ-112,Western Jeddah Al Sanabel Underground Utility Development,52.41,33.85,-18.56
2026-02-01,JED-PROJ-112,Western Jeddah Al Sanabel Underground Utility Development,58.24,39.13,-19.11
2026-03-01,JED-PROJ-112,Western Jeddah Al Sanabel Underground Utility Development,64.06,43.16,-20.9
2026-04-01,JED-PROJ-112,Western Jeddah Al Sanabel Underground Utility Development,69.88,45.94,-23.94
2026-05-01,JED-PROJ-112,Western Jeddah Al Sanabel Underground Utility Development,75.71,52.67,-23.04
2026-06-01,JED-PROJ-112,Western Jeddah Al Sanabel Underground Utility Development,81.53,56.26,-25.27
2026-07-01,JED-PROJ-112,Western Jeddah Al Sanabel Underground Utility Development,87.35,59.53,-27.82
2026-08-01,JED-PROJ-112,Western Jeddah Al Sanabel Underground Utility Development,93.18,62.72,-30.46
2026-09-01,JED-PROJ-112,Western Jeddah Al Sanabel Underground Utility Development,99.0,82.89,-16.11
2025-06-14,JED-PROJ-113,Central Jeddah Al Kandarah Underground Utility Development,0.0,0.54,0.54
2025-07-01,JED-PROJ-113,Central Jeddah Al Kandarah Underground Utility Development,4.73,3.09,-1.64
2025-08-01,JED-PROJ-113,Central Jeddah Al Kandarah Underground Utility Development,9.47,4.29,-5.18
2025-09-01,JED-PROJ-113,Central Jeddah Al Kandarah Underground Utility Development,14.2,8.84,-5.36
2025-10-01,JED-PROJ-113,Central Jeddah Al Kandarah Underground Utility Development,18.94,12.83,-6.11
2025-11-01,JED-PROJ-113,Central Jeddah Al Kandarah Underground Utility Development,23.67,14.51,-9.16
2025-12-01,JED-PROJ-113,Central Jeddah Al Kandarah Underground Utility Development,28.41,15.97,-12.44
2026-01-01,JED-PROJ-113,Central Jeddah Al Kandarah Underground Utility Development,33.14,21.55,-11.59
2026-02-01,JED-PROJ-113,Central Jeddah Al Kandarah Underground Utility Development,37.88,22.37,-15.51
2026-03-01,JED-PROJ-113,Central Jeddah Al Kandarah Underground Utility Development,42.61,25.51,-17.1
2026-04-01,JED-PROJ-113,Central Jeddah Al Kandarah Underground Utility Development,47.35,28.1,-19.25
2026-05-01,JED-PROJ-113,Central Jeddah Al Kandarah Underground Utility Development,52.08,31.63,-20.45
2026-06-01,JED-PROJ-113,Central Jeddah Al Kandarah Underground Utility Development,56.82,36.09,-20.73
2026-07-01,JED-PROJ-113,Central Jeddah Al Kandarah Underground Utility Development,61.55,38.17,-23.38
2026-08-01,JED-PROJ-113,Central Jeddah Al Kandarah Underground Utility Development,66.29,39.97,-26.32
2026-09-01,JED-PROJ-113,Central Jeddah Al Kandarah Underground Utility Development,71.02,57.49,-13.53
2026-10-21,JED-PROJ-114,Corniche Al Shati Utility Network Upgrade,0.0,0.0,0.0
2026-04-18,JED-PROJ-115,Airport District Al Naseem Underground Utility Development,0.0,0.0,0.0
2026-05-01,JED-PROJ-115,Airport District Al Naseem Underground Utility Development,4.27,0.0,-4.27
2026-06-01,JED-PROJ-115,Airport District Al Naseem Underground Utility Development,8.53,0.0,-8.53
2026-07-01,JED-PROJ-115,Airport District Al Naseem Underground Utility Development,12.8,0.0,-12.8
2026-08-01,JED-PROJ-115,Airport District Al Naseem Underground Utility Development,17.06,0.0,-17.06
2026-09-01,JED-PROJ-115,Airport District Al Naseem Underground Utility Development,21.33,6.56,-14.77
2025-11-10,JED-PROJ-116,Obhur Al Faisaliyah Utility Network Upgrade,0.0,0.0,0.0
2025-12-01,JED-PROJ-116,Obhur Al Faisaliyah Utility Network Upgrade,4.32,6.01,1.69
2026-01-01,JED-PROJ-116,Obhur Al Faisaliyah Utility Network Upgrade,8.65,9.22,0.57
2026-02-01,JED-PROJ-116,Obhur Al Faisaliyah Utility Network Upgrade,12.97,13.62,0.65
2026-03-01,JED-PROJ-116,Obhur Al Faisaliyah Utility Network Upgrade,17.29,16.74,-0.55
2026-04-01,JED-PROJ-116,Obhur Al Faisaliyah Utility Network Upgrade,21.62,23.27,1.65
2026-05-01,JED-PROJ-116,Obhur Al Faisaliyah Utility Network Upgrade,25.94,28.41,2.47
2026-06-01,JED-PROJ-116,Obhur Al Faisaliyah Utility Network Upgrade,30.26,31.36,1.1
2026-07-01,JED-PROJ-116,Obhur Al Faisaliyah Utility Network Upgrade,34.58,37.32,2.74
2026-08-01,JED-PROJ-116,Obhur Al Faisaliyah Utility Network Upgrade,38.91,42.54,3.63
2026-09-01,JED-PROJ-116,Obhur Al Faisaliyah Utility Network Upgrade,43.23,44.32,1.09
2026-04-01,JED-PROJ-117,Al Balad Al Manar Neighborhood Services Improvement,0.0,0.08,0.08
2026-05-01,JED-PROJ-117,Al Balad Al Manar Neighborhood Services Improvement,7.19,0.08,-7.11
2026-06-01,JED-PROJ-117,Al Balad Al Manar Neighborhood Services Improvement,14.38,0.08,-14.3
2026-07-01,JED-PROJ-117,Al Balad Al Manar Neighborhood Services Improvement,21.58,0.08,-21.5
2026-08-01,JED-PROJ-117,Al Balad Al Manar Neighborhood Services Improvement,28.77,0.08,-28.69
2026-09-01,JED-PROJ-117,Al Balad Al Manar Neighborhood Services Improvement,35.96,16.75,-19.21
2025-03-07,JED-PROJ-118,King Abdulaziz Road Prince Fawaz Emergency Services Facility Enhancement,0.0,0.0,0.0
2025-04-01,JED-PROJ-118,King Abdulaziz Road Prince Fawaz Emergency Services Facility Enhancement,5.21,4.92,-0.29
2025-05-01,JED-PROJ-118,King Abdulaziz Road Prince Fawaz Emergency Services Facility Enhancement,10.42,6.96,-3.46
2025-06-01,JED-PROJ-118,King Abdulaziz Road Prince Fawaz Emergency Services Facility Enhancement,15.62,9.03,-6.59
2025-07-01,JED-PROJ-118,King Abdulaziz Road Prince Fawaz Emergency Services Facility Enhancement,20.83,14.39,-6.44
2025-08-01,JED-PROJ-118,King Abdulaziz Road Prince Fawaz Emergency Services Facility Enhancement,26.04,18.16,-7.88
2025-09-01,JED-PROJ-118,King Abdulaziz Road Prince Fawaz Emergency Services Facility Enhancement,31.25,19.87,-11.38
2025-10-01,JED-PROJ-118,King Abdulaziz Road Prince Fawaz Emergency Services Facility Enhancement,36.46,25.24,-11.22
2025-11-01,JED-PROJ-118,King Abdulaziz Road Prince Fawaz Emergency Services Facility Enhancement,41.67,28.84,-12.83
2025-12-01,JED-PROJ-118,King Abdulaziz Road Prince Fawaz Emergency Services Facility Enhancement,46.88,29.99,-16.89
2026-01-01,JED-PROJ-118,King Abdulaziz Road Prince Fawaz Emergency Services Facility Enhancement,52.08,35.96,-16.12
2026-02-01,JED-PROJ-118,King Abdulaziz Road Prince Fawaz Emergency Services Facility Enhancement,57.29,36.34,-20.95
2026-03-01,JED-PROJ-118,King Abdulaziz Road Prince Fawaz Emergency Services Facility Enhancement,62.5,39.99,-22.51
2026-04-01,JED-PROJ-118,King Abdulaziz Road Prince Fawaz Emergency Services Facility Enhancement,67.71,43.34,-24.37
2026-05-01,JED-PROJ-118,King Abdulaziz Road Prince Fawaz Emergency Services Facility Enhancement,72.92,49.32,-23.6
2026-06-01,JED-PROJ-118,King Abdulaziz Road Prince Fawaz Emergency Services Facility Enhancement,78.12,51.88,-26.24
2026-07-01,JED-PROJ-118,King Abdulaziz Road Prince Fawaz Emergency Services Facility Enhancement,83.33,53.49,-29.84
2026-08-01,JED-PROJ-118,King Abdulaziz Road Prince Fawaz Emergency Services Facility Enhancement,88.54,57.95,-30.59
2026-09-01,JED-PROJ-118,King Abdulaziz Road Prince Fawaz Emergency Services Facility Enhancement,93.75,77.67,-16.08
2023-06-08,JED-PROJ-119,Prince Majed Corridor Al Balad Neighborhood Services Improvement,0.0,0.0,0.0
2023-07-01,JED-PROJ-119,Prince Majed Corridor Al Balad Neighborhood Services Improvement,4.76,6.14,1.38
2023-08-01,JED-PROJ-119,Prince Majed Corridor Al Balad Neighborhood Services Improvement,9.52,10.62,1.1
2023-09-01,JED-PROJ-119,Prince Majed Corridor Al Balad Neighborhood Services Improvement,14.29,14.3,0.01
2023-10-01,JED-PROJ-119,Prince Majed Corridor Al Balad Neighborhood Services Improvement,19.05,20.73,1.68
2023-11-01,JED-PROJ-119,Prince Majed Corridor Al Balad Neighborhood Services Improvement,23.81,23.51,-0.3
2023-12-01,JED-PROJ-119,Prince Majed Corridor Al Balad Neighborhood Services Improvement,28.57,30.31,1.74
2024-01-01,JED-PROJ-119,Prince Majed Corridor Al Balad Neighborhood Services Improvement,33.33,33.94,0.61
2024-02-01,JED-PROJ-119,Prince Majed Corridor Al Balad Neighborhood Services Improvement,38.1,38.58,0.48
2024-03-01,JED-PROJ-119,Prince Majed Corridor Al Balad Neighborhood Services Improvement,42.86,41.65,-1.21
2024-04-01,JED-PROJ-119,Prince Majed Corridor Al Balad Neighborhood Services Improvement,47.62,48.99,1.37
2024-05-01,JED-PROJ-119,Prince Majed Corridor Al Balad Neighborhood Services Improvement,52.38,52.12,-0.26
2024-06-01,JED-PROJ-119,Prince Majed Corridor Al Balad Neighborhood Services Improvement,57.14,55.93,-1.21
2024-07-01,JED-PROJ-119,Prince Majed Corridor Al Balad Neighborhood Services Improvement,61.9,60.15,-1.75
2024-08-01,JED-PROJ-119,Prince Majed Corridor Al Balad Neighborhood Services Improvement,66.67,66.88,0.21
2024-09-01,JED-PROJ-119,Prince Majed Corridor Al Balad Neighborhood Services Improvement,71.43,71.53,0.1
2024-10-01,JED-PROJ-119,Prince Majed Corridor Al Balad Neighborhood Services Improvement,76.19,76.98,0.79
2024-11-01,JED-PROJ-119,Prince Majed Corridor Al Balad Neighborhood Services Improvement,80.95,82.36,1.41
2024-12-01,JED-PROJ-119,Prince Majed Corridor Al Balad Neighborhood Services Improvement,85.71,84.2,-1.51
2025-01-01,JED-PROJ-119,Prince Majed Corridor Al Balad Neighborhood Services Improvement,90.48,91.31,0.83
2025-02-01,JED-PROJ-119,Prince Majed Corridor Al Balad Neighborhood Services Improvement,95.24,94.11,-1.13
2025-03-01,JED-PROJ-119,Prince Majed Corridor Al Balad Neighborhood Services Improvement,100.0,100.0,0.0
2025-09-16,JED-PROJ-120,Haramain Gateway Al Khalidiyah Neighborhood Services Improvement,0.0,1.15,1.15
2025-10-01,JED-PROJ-120,Haramain Gateway Al Khalidiyah Neighborhood Services Improvement,4.81,1.15,-3.66
2025-11-01,JED-PROJ-120,Haramain Gateway Al Khalidiyah Neighborhood Services Improvement,9.62,1.15,-8.47
2025-12-01,JED-PROJ-120,Haramain Gateway Al Khalidiyah Neighborhood Services Improvement,14.42,1.15,-13.27
2026-01-01,JED-PROJ-120,Haramain Gateway Al Khalidiyah Neighborhood Services Improvement,19.23,1.15,-18.08
2026-02-01,JED-PROJ-120,Haramain Gateway Al Khalidiyah Neighborhood Services Improvement,24.04,1.15,-22.89
2026-03-01,JED-PROJ-120,Haramain Gateway Al Khalidiyah Neighborhood Services Improvement,28.85,1.15,-27.7
2026-04-01,JED-PROJ-120,Haramain Gateway Al Khalidiyah Neighborhood Services Improvement,33.66,1.15,-32.51
2026-05-01,JED-PROJ-120,Haramain Gateway Al Khalidiyah Neighborhood Services Improvement,38.47,1.15,-37.32
2026-06-01,JED-PROJ-120,Haramain Gateway Al Khalidiyah Neighborhood Services Improvement,43.28,1.15,-42.13
2026-07-01,JED-PROJ-120,Haramain Gateway Al Khalidiyah Neighborhood Services Improvement,48.08,1.15,-46.93
2026-08-01,JED-PROJ-120,Haramain Gateway Al Khalidiyah Neighborhood Services Improvement,52.89,1.15,-51.74
2026-09-01,JED-PROJ-120,Haramain Gateway Al Khalidiyah Neighborhood Services Improvement,57.7,25.95,-31.75
2026-03-25,JED-PROJ-121,Northern Jeddah Al Hamdaniyah Sports Facility Rehabilitation,0.0,1.17,1.17
2026-04-01,JED-PROJ-121,Northern Jeddah Al Hamdaniyah Sports Facility Rehabilitation,7.22,2.28,-4.94
2026-05-01,JED-PROJ-121,Northern Jeddah Al Hamdaniyah Sports Facility Rehabilitation,14.44,6.5,-7.94
2026-06-01,JED-PROJ-121,Northern Jeddah Al Hamdaniyah Sports Facility Rehabilitation,21.66,9.86,-11.8
2026-07-01,JED-PROJ-121,Northern Jeddah Al Hamdaniyah Sports Facility Rehabilitation,28.88,14.32,-14.56
2026-08-01,JED-PROJ-121,Northern Jeddah Al Hamdaniyah Sports Facility Rehabilitation,36.1,18.4,-17.7
2026-09-01,JED-PROJ-121,Northern Jeddah Al Hamdaniyah Sports Facility Rehabilitation,43.32,32.81,-10.51
2024-04-04,JED-PROJ-122,Southern Jeddah Al Rawdah Public Facilities Upgrade,0.0,0.54,0.54
2024-05-01,JED-PROJ-122,Southern Jeddah Al Rawdah Public Facilities Upgrade,3.45,2.65,-0.8
2024-06-01,JED-PROJ-122,Southern Jeddah Al Rawdah Public Facilities Upgrade,6.9,3.9,-3.0
2024-07-01,JED-PROJ-122,Southern Jeddah Al Rawdah Public Facilities Upgrade,10.34,7.87,-2.47
2024-08-01,JED-PROJ-122,Southern Jeddah Al Rawdah Public Facilities Upgrade,13.79,8.75,-5.04
2024-09-01,JED-PROJ-122,Southern Jeddah Al Rawdah Public Facilities Upgrade,17.24,12.8,-4.44
2024-10-01,JED-PROJ-122,Southern Jeddah Al Rawdah Public Facilities Upgrade,20.69,13.77,-6.92
2024-11-01,JED-PROJ-122,Southern Jeddah Al Rawdah Public Facilities Upgrade,24.14,14.16,-9.98
2024-12-01,JED-PROJ-122,Southern Jeddah Al Rawdah Public Facilities Upgrade,27.59,18.35,-9.24
2025-01-01,JED-PROJ-122,Southern Jeddah Al Rawdah Public Facilities Upgrade,31.03,19.3,-11.73
2025-02-01,JED-PROJ-122,Southern Jeddah Al Rawdah Public Facilities Upgrade,34.48,22.82,-11.66
2025-03-01,JED-PROJ-122,Southern Jeddah Al Rawdah Public Facilities Upgrade,37.93,22.82,-15.11
2025-04-01,JED-PROJ-122,Southern Jeddah Al Rawdah Public Facilities Upgrade,41.38,25.4,-15.98
2025-05-01,JED-PROJ-122,Southern Jeddah Al Rawdah Public Facilities Upgrade,44.83,30.07,-14.76
2025-06-01,JED-PROJ-122,Southern Jeddah Al Rawdah Public Facilities Upgrade,48.28,30.07,-18.21
2025-07-01,JED-PROJ-122,Southern Jeddah Al Rawdah Public Facilities Upgrade,51.72,34.43,-17.29
2025-08-01,JED-PROJ-122,Southern Jeddah Al Rawdah Public Facilities Upgrade,55.17,34.64,-20.53
2025-09-01,JED-PROJ-122,Southern Jeddah Al Rawdah Public Facilities Upgrade,58.62,38.16,-20.46
2025-10-01,JED-PROJ-122,Southern Jeddah Al Rawdah Public Facilities Upgrade,62.07,40.56,-21.51
2025-11-01,JED-PROJ-122,Southern Jeddah Al Rawdah Public Facilities Upgrade,65.52,42.12,-23.4
2025-12-01,JED-PROJ-122,Southern Jeddah Al Rawdah Public Facilities Upgrade,68.97,43.59,-25.38
2026-01-01,JED-PROJ-122,Southern Jeddah Al Rawdah Public Facilities Upgrade,72.41,45.47,-26.94
2026-02-01,JED-PROJ-122,Southern Jeddah Al Rawdah Public Facilities Upgrade,75.86,47.04,-28.82
2026-03-01,JED-PROJ-122,Southern Jeddah Al Rawdah Public Facilities Upgrade,79.31,50.23,-29.08
2026-04-01,JED-PROJ-122,Southern Jeddah Al Rawdah Public Facilities Upgrade,82.76,53.7,-29.06
2026-05-01,JED-PROJ-122,Southern Jeddah Al Rawdah Public Facilities Upgrade,86.21,56.94,-29.27
2026-06-01,JED-PROJ-122,Southern Jeddah Al Rawdah Public Facilities Upgrade,89.66,58.91,-30.75
2026-07-01,JED-PROJ-122,Southern Jeddah Al Rawdah Public Facilities Upgrade,93.1,60.75,-32.35
2026-08-01,JED-PROJ-122,Southern Jeddah Al Rawdah Public Facilities Upgrade,96.55,63.04,-33.51
2026-09-01,JED-PROJ-122,Southern Jeddah Al Rawdah Public Facilities Upgrade,100.0,82.11,-17.89
2024-08-30,JED-PROJ-123,Eastern Jeddah Al Jamiah Emergency Services Facility Enhancement,0.0,0.0,0.0
2024-09-01,JED-PROJ-123,Eastern Jeddah Al Jamiah Emergency Services Facility Enhancement,5.26,6.73,1.47
2024-10-01,JED-PROJ-123,Eastern Jeddah Al Jamiah Emergency Services Facility Enhancement,10.53,11.14,0.61
2024-11-01,JED-PROJ-123,Eastern Jeddah Al Jamiah Emergency Services Facility Enhancement,15.79,16.01,0.22
2024-12-01,JED-PROJ-123,Eastern Jeddah Al Jamiah Emergency Services Facility Enhancement,21.05,19.65,-1.4
2025-01-01,JED-PROJ-123,Eastern Jeddah Al Jamiah Emergency Services Facility Enhancement,26.32,26.13,-0.19
2025-02-01,JED-PROJ-123,Eastern Jeddah Al Jamiah Emergency Services Facility Enhancement,31.58,31.44,-0.14
2025-03-01,JED-PROJ-123,Eastern Jeddah Al Jamiah Emergency Services Facility Enhancement,36.84,38.15,1.31
2025-04-01,JED-PROJ-123,Eastern Jeddah Al Jamiah Emergency Services Facility Enhancement,42.11,42.27,0.16
2025-05-01,JED-PROJ-123,Eastern Jeddah Al Jamiah Emergency Services Facility Enhancement,47.37,46.94,-0.43
2025-06-01,JED-PROJ-123,Eastern Jeddah Al Jamiah Emergency Services Facility Enhancement,52.63,54.35,1.72
2025-07-01,JED-PROJ-123,Eastern Jeddah Al Jamiah Emergency Services Facility Enhancement,57.89,56.49,-1.4
2025-08-01,JED-PROJ-123,Eastern Jeddah Al Jamiah Emergency Services Facility Enhancement,63.16,62.88,-0.28
2025-09-01,JED-PROJ-123,Eastern Jeddah Al Jamiah Emergency Services Facility Enhancement,68.42,66.77,-1.65
2025-10-01,JED-PROJ-123,Eastern Jeddah Al Jamiah Emergency Services Facility Enhancement,73.68,74.55,0.87
2025-11-01,JED-PROJ-123,Eastern Jeddah Al Jamiah Emergency Services Facility Enhancement,78.95,80.45,1.5
2025-12-01,JED-PROJ-123,Eastern Jeddah Al Jamiah Emergency Services Facility Enhancement,84.21,83.42,-0.79
2026-01-01,JED-PROJ-123,Eastern Jeddah Al Jamiah Emergency Services Facility Enhancement,89.47,90.76,1.29
2026-02-01,JED-PROJ-123,Eastern Jeddah Al Jamiah Emergency Services Facility Enhancement,94.74,93.99,-0.75
2026-03-01,JED-PROJ-123,Eastern Jeddah Al Jamiah Emergency Services Facility Enhancement,100.0,100.0,0.0
2026-01-19,JED-PROJ-124,Western Jeddah Al Rabwah Public Facilities Upgrade,0.0,0.91,0.91
2026-02-01,JED-PROJ-124,Western Jeddah Al Rabwah Public Facilities Upgrade,4.54,2.4,-2.14
2026-03-01,JED-PROJ-124,Western Jeddah Al Rabwah Public Facilities Upgrade,9.08,2.4,-6.68
2026-04-01,JED-PROJ-124,Western Jeddah Al Rabwah Public Facilities Upgrade,13.62,5.57,-8.05
2026-05-01,JED-PROJ-124,Western Jeddah Al Rabwah Public Facilities Upgrade,18.16,6.02,-12.14
2026-06-01,JED-PROJ-124,Western Jeddah Al Rabwah Public Facilities Upgrade,22.7,6.02,-16.68
2026-07-01,JED-PROJ-124,Western Jeddah Al Rabwah Public Facilities Upgrade,27.24,8.99,-18.25
2026-08-01,JED-PROJ-124,Western Jeddah Al Rabwah Public Facilities Upgrade,31.78,8.99,-22.79
2026-09-01,JED-PROJ-124,Western Jeddah Al Rabwah Public Facilities Upgrade,36.32,23.36,-12.96
2025-10-13,JED-PROJ-125,Central Jeddah Al Salamah Emergency Services Facility Enhancement,0.0,0.0,0.0
2025-11-01,JED-PROJ-125,Central Jeddah Al Salamah Emergency Services Facility Enhancement,6.27,8.23,1.96
2025-12-01,JED-PROJ-125,Central Jeddah Al Salamah Emergency Services Facility Enhancement,12.55,15.13,2.58
2026-01-01,JED-PROJ-125,Central Jeddah Al Salamah Emergency Services Facility Enhancement,18.82,21.03,2.21
2026-02-01,JED-PROJ-125,Central Jeddah Al Salamah Emergency Services Facility Enhancement,25.09,29.04,3.95
2026-03-01,JED-PROJ-125,Central Jeddah Al Salamah Emergency Services Facility Enhancement,31.36,35.71,4.35
2026-04-01,JED-PROJ-125,Central Jeddah Al Salamah Emergency Services Facility Enhancement,37.64,44.84,7.2
2026-05-01,JED-PROJ-125,Central Jeddah Al Salamah Emergency Services Facility Enhancement,43.91,51.73,7.82
2026-06-01,JED-PROJ-125,Central Jeddah Al Salamah Emergency Services Facility Enhancement,50.18,60.3,10.12
2026-07-01,JED-PROJ-125,Central Jeddah Al Salamah Emergency Services Facility Enhancement,56.45,66.7,10.25
2026-08-01,JED-PROJ-125,Central Jeddah Al Salamah Emergency Services Facility Enhancement,62.73,74.21,11.48
2026-09-01,JED-PROJ-125,Central Jeddah Al Salamah Emergency Services Facility Enhancement,69.0,75.71,6.71
2026-02-10,JED-PROJ-126,Corniche Al Rowais Public Facilities Upgrade,0.0,0.0,0.0
2026-03-01,JED-PROJ-126,Corniche Al Rowais Public Facilities Upgrade,4.24,5.35,1.11
2026-04-01,JED-PROJ-126,Corniche Al Rowais Public Facilities Upgrade,8.48,9.07,0.59
2026-05-01,JED-PROJ-126,Corniche Al Rowais Public Facilities Upgrade,12.72,12.31,-0.41
2026-06-01,JED-PROJ-126,Corniche Al Rowais Public Facilities Upgrade,16.95,15.94,-1.01
2026-07-01,JED-PROJ-126,Corniche Al Rowais Public Facilities Upgrade,21.19,20.92,-0.27
2026-08-01,JED-PROJ-126,Corniche Al Rowais Public Facilities Upgrade,25.43,22.28,-3.15
2026-09-01,JED-PROJ-126,Corniche Al Rowais Public Facilities Upgrade,29.67,28.49,-1.18
2026-05-11,JED-PROJ-127,Airport District Al Basateen Neighborhood Services Improvement,0.0,0.0,0.0
2026-06-01,JED-PROJ-127,Airport District Al Basateen Neighborhood Services Improvement,7.47,8.57,1.1
2026-07-01,JED-PROJ-127,Airport District Al Basateen Neighborhood Services Improvement,14.94,13.34,-1.6
2026-08-01,JED-PROJ-127,Airport District Al Basateen Neighborhood Services Improvement,22.4,22.82,0.42
2026-09-01,JED-PROJ-127,Airport District Al Basateen Neighborhood Services Improvement,29.87,29.95,0.08
2025-12-30,JED-PROJ-128,Obhur Al Zahra Sports Facility Rehabilitation,0.0,1.28,1.28
2026-01-01,JED-PROJ-128,Obhur Al Zahra Sports Facility Rehabilitation,4.68,1.28,-3.4
2026-02-01,JED-PROJ-128,Obhur Al Zahra Sports Facility Rehabilitation,9.35,1.28,-8.07
2026-03-01,JED-PROJ-128,Obhur Al Zahra Sports Facility Rehabilitation,14.03,3.89,-10.14
2026-04-01,JED-PROJ-128,Obhur Al Zahra Sports Facility Rehabilitation,18.7,3.96,-14.74
2026-05-01,JED-PROJ-128,Obhur Al Zahra Sports Facility Rehabilitation,23.38,3.96,-19.42
2026-06-01,JED-PROJ-128,Obhur Al Zahra Sports Facility Rehabilitation,28.05,3.96,-24.09
2026-07-01,JED-PROJ-128,Obhur Al Zahra Sports Facility Rehabilitation,32.73,7.77,-24.96
2026-08-01,JED-PROJ-128,Obhur Al Zahra Sports Facility Rehabilitation,37.4,7.81,-29.59
2026-09-01,JED-PROJ-128,Obhur Al Zahra Sports Facility Rehabilitation,42.08,25.09,-16.99
2024-04-11,JED-PROJ-129,Al Balad Al Bawadi Neighborhood Services Improvement,0.0,1.36,1.36
2024-05-01,JED-PROJ-129,Al Balad Al Bawadi Neighborhood Services Improvement,7.69,7.95,0.26
2024-06-01,JED-PROJ-129,Al Balad Al Bawadi Neighborhood Services Improvement,15.38,15.45,0.07
2024-07-01,JED-PROJ-129,Al Balad Al Bawadi Neighborhood Services Improvement,23.08,22.83,-0.25
2024-08-01,JED-PROJ-129,Al Balad Al Bawadi Neighborhood Services Improvement,30.77,30.11,-0.66
2024-09-01,JED-PROJ-129,Al Balad Al Bawadi Neighborhood Services Improvement,38.46,38.23,-0.23
2024-10-01,JED-PROJ-129,Al Balad Al Bawadi Neighborhood Services Improvement,46.15,47.14,0.99
2024-11-01,JED-PROJ-129,Al Balad Al Bawadi Neighborhood Services Improvement,53.85,54.21,0.36
2024-12-01,JED-PROJ-129,Al Balad Al Bawadi Neighborhood Services Improvement,61.54,62.95,1.41
2025-01-01,JED-PROJ-129,Al Balad Al Bawadi Neighborhood Services Improvement,69.23,69.03,-0.2
2025-02-01,JED-PROJ-129,Al Balad Al Bawadi Neighborhood Services Improvement,76.92,77.31,0.39
2025-03-01,JED-PROJ-129,Al Balad Al Bawadi Neighborhood Services Improvement,84.62,85.09,0.47
2025-04-01,JED-PROJ-129,Al Balad Al Bawadi Neighborhood Services Improvement,92.31,92.64,0.33
2025-05-01,JED-PROJ-129,Al Balad Al Bawadi Neighborhood Services Improvement,100.0,100.0,0.0
2027-02-16,JED-PROJ-130,King Abdulaziz Road Al Naeem Public Facilities Upgrade,0.0,0.0,0.0
2023-09-14,JED-PROJ-131,Prince Majed Corridor Al Waha Open Space Rehabilitation,0.0,0.0,0.0
2023-10-01,JED-PROJ-131,Prince Majed Corridor Al Waha Open Space Rehabilitation,4.55,4.13,-0.42
2023-11-01,JED-PROJ-131,Prince Majed Corridor Al Waha Open Space Rehabilitation,9.09,9.05,-0.04
2023-12-01,JED-PROJ-131,Prince Majed Corridor Al Waha Open Space Rehabilitation,13.64,14.18,0.54
2024-01-01,JED-PROJ-131,Prince Majed Corridor Al Waha Open Space Rehabilitation,18.18,19.8,1.62
2024-02-01,JED-PROJ-131,Prince Majed Corridor Al Waha Open Space Rehabilitation,22.73,23.09,0.36
2024-03-01,JED-PROJ-131,Prince Majed Corridor Al Waha Open Space Rehabilitation,27.27,28.15,0.88
2024-04-01,JED-PROJ-131,Prince Majed Corridor Al Waha Open Space Rehabilitation,31.82,31.84,0.02
2024-05-01,JED-PROJ-131,Prince Majed Corridor Al Waha Open Space Rehabilitation,36.36,36.85,0.49
2024-06-01,JED-PROJ-131,Prince Majed Corridor Al Waha Open Space Rehabilitation,40.91,39.36,-1.55
2024-07-01,JED-PROJ-131,Prince Majed Corridor Al Waha Open Space Rehabilitation,45.45,44.57,-0.88
2024-08-01,JED-PROJ-131,Prince Majed Corridor Al Waha Open Space Rehabilitation,50.0,49.5,-0.5
2024-09-01,JED-PROJ-131,Prince Majed Corridor Al Waha Open Space Rehabilitation,54.55,54.45,-0.1
2024-10-01,JED-PROJ-131,Prince Majed Corridor Al Waha Open Space Rehabilitation,59.09,57.46,-1.63
2024-11-01,JED-PROJ-131,Prince Majed Corridor Al Waha Open Space Rehabilitation,63.64,62.34,-1.3
2024-12-01,JED-PROJ-131,Prince Majed Corridor Al Waha Open Space Rehabilitation,68.18,67.38,-0.8
2025-01-01,JED-PROJ-131,Prince Majed Corridor Al Waha Open Space Rehabilitation,72.73,74.42,1.69
2025-02-01,JED-PROJ-131,Prince Majed Corridor Al Waha Open Space Rehabilitation,77.27,76.67,-0.6
2025-03-01,JED-PROJ-131,Prince Majed Corridor Al Waha Open Space Rehabilitation,81.82,81.75,-0.07
2025-04-01,JED-PROJ-131,Prince Majed Corridor Al Waha Open Space Rehabilitation,86.36,85.27,-1.09
2025-05-01,JED-PROJ-131,Prince Majed Corridor Al Waha Open Space Rehabilitation,90.91,91.31,0.4
2025-06-01,JED-PROJ-131,Prince Majed Corridor Al Waha Open Space Rehabilitation,95.45,94.67,-0.78
2025-07-01,JED-PROJ-131,Prince Majed Corridor Al Waha Open Space Rehabilitation,100.0,100.0,0.0
2023-11-24,JED-PROJ-132,Haramain Gateway Al Baghdadiyah Open Space Rehabilitation,0.0,0.06,0.06
2023-12-01,JED-PROJ-132,Haramain Gateway Al Baghdadiyah Open Space Rehabilitation,5.88,4.1,-1.78
2024-01-01,JED-PROJ-132,Haramain Gateway Al Baghdadiyah Open Space Rehabilitation,11.76,9.99,-1.77
2024-02-01,JED-PROJ-132,Haramain Gateway Al Baghdadiyah Open Space Rehabilitation,17.65,16.64,-1.01
2024-03-01,JED-PROJ-132,Haramain Gateway Al Baghdadiyah Open Space Rehabilitation,23.53,21.86,-1.67
2024-04-01,JED-PROJ-132,Haramain Gateway Al Baghdadiyah Open Space Rehabilitation,29.41,28.0,-1.41
2024-05-01,JED-PROJ-132,Haramain Gateway Al Baghdadiyah Open Space Rehabilitation,35.29,34.71,-0.58
2024-06-01,JED-PROJ-132,Haramain Gateway Al Baghdadiyah Open Space Rehabilitation,41.18,42.27,1.09
2024-07-01,JED-PROJ-132,Haramain Gateway Al Baghdadiyah Open Space Rehabilitation,47.06,47.32,0.26
2024-08-01,JED-PROJ-132,Haramain Gateway Al Baghdadiyah Open Space Rehabilitation,52.94,52.99,0.05
2024-09-01,JED-PROJ-132,Haramain Gateway Al Baghdadiyah Open Space Rehabilitation,58.82,58.08,-0.74
2024-10-01,JED-PROJ-132,Haramain Gateway Al Baghdadiyah Open Space Rehabilitation,64.71,66.26,1.55
2024-11-01,JED-PROJ-132,Haramain Gateway Al Baghdadiyah Open Space Rehabilitation,70.59,70.22,-0.37
2024-12-01,JED-PROJ-132,Haramain Gateway Al Baghdadiyah Open Space Rehabilitation,76.47,74.98,-1.49
2025-01-01,JED-PROJ-132,Haramain Gateway Al Baghdadiyah Open Space Rehabilitation,82.35,82.77,0.42
2025-02-01,JED-PROJ-132,Haramain Gateway Al Baghdadiyah Open Space Rehabilitation,88.24,86.85,-1.39
2025-03-01,JED-PROJ-132,Haramain Gateway Al Baghdadiyah Open Space Rehabilitation,94.12,93.56,-0.56
2025-04-01,JED-PROJ-132,Haramain Gateway Al Baghdadiyah Open Space Rehabilitation,100.0,100.0,0.0
2027-10-17,JED-PROJ-133,Northern Jeddah Al Sanabel Open Space Rehabilitation,0.0,0.0,0.0
2025-06-18,JED-PROJ-134,Southern Jeddah Al Ruwais Open Space Rehabilitation,0.0,0.73,0.73
2025-07-01,JED-PROJ-134,Southern Jeddah Al Ruwais Open Space Rehabilitation,6.6,6.49,-0.11
2025-08-01,JED-PROJ-134,Southern Jeddah Al Ruwais Open Space Rehabilitation,13.2,8.1,-5.1
2025-09-01,JED-PROJ-134,Southern Jeddah Al Ruwais Open Space Rehabilitation,19.8,13.33,-6.47
2025-10-01,JED-PROJ-134,Southern Jeddah Al Ruwais Open Space Rehabilitation,26.4,18.47,-7.93
2025-11-01,JED-PROJ-134,Southern Jeddah Al Ruwais Open Space Rehabilitation,33.0,23.29,-9.71
2025-12-01,JED-PROJ-134,Southern Jeddah Al Ruwais Open Space Rehabilitation,39.6,27.96,-11.64
2026-01-01,JED-PROJ-134,Southern Jeddah Al Ruwais Open Space Rehabilitation,46.2,34.46,-11.74
2026-02-01,JED-PROJ-134,Southern Jeddah Al Ruwais Open Space Rehabilitation,52.8,38.48,-14.32
2026-03-01,JED-PROJ-134,Southern Jeddah Al Ruwais Open Space Rehabilitation,59.4,42.81,-16.59
2026-04-01,JED-PROJ-134,Southern Jeddah Al Ruwais Open Space Rehabilitation,66.0,46.45,-19.55
2026-05-01,JED-PROJ-134,Southern Jeddah Al Ruwais Open Space Rehabilitation,72.6,53.01,-19.59
2026-06-01,JED-PROJ-134,Southern Jeddah Al Ruwais Open Space Rehabilitation,79.2,58.2,-21.0
2026-07-01,JED-PROJ-134,Southern Jeddah Al Ruwais Open Space Rehabilitation,85.8,62.43,-23.37
2026-08-01,JED-PROJ-134,Southern Jeddah Al Ruwais Open Space Rehabilitation,92.4,64.19,-28.21
2026-09-01,JED-PROJ-134,Southern Jeddah Al Ruwais Open Space Rehabilitation,99.0,84.85,-14.15
2026-05-06,JED-PROJ-135,Eastern Jeddah Al Aziziyah Boulevard Landscaping Project,0.0,0.0,0.0
2026-06-01,JED-PROJ-135,Eastern Jeddah Al Aziziyah Boulevard Landscaping Project,12.5,10.75,-1.75
2026-07-01,JED-PROJ-135,Eastern Jeddah Al Aziziyah Boulevard Landscaping Project,25.0,21.66,-3.34
2026-08-01,JED-PROJ-135,Eastern Jeddah Al Aziziyah Boulevard Landscaping Project,37.5,35.25,-2.25
2026-09-01,JED-PROJ-135,Eastern Jeddah Al Aziziyah Boulevard Landscaping Project,50.0,48.25,-1.75
2026-04-10,JED-PROJ-136,Western Jeddah Al Faisaliyah Open Space Rehabilitation,0.0,0.0,0.0
2026-05-01,JED-PROJ-136,Western Jeddah Al Faisaliyah Open Space Rehabilitation,6.42,8.83,2.41
2026-06-01,JED-PROJ-136,Western Jeddah Al Faisaliyah Open Space Rehabilitation,12.84,18.33,5.49
2026-07-01,JED-PROJ-136,Western Jeddah Al Faisaliyah Open Space Rehabilitation,19.25,27.27,8.02
2026-08-01,JED-PROJ-136,Western Jeddah Al Faisaliyah Open Space Rehabilitation,25.67,35.62,9.95
2026-09-01,JED-PROJ-136,Western Jeddah Al Faisaliyah Open Space Rehabilitation,32.09,39.16,7.07
2026-05-03,JED-PROJ-137,Central Jeddah Al Manar Landscape Enhancement,0.0,0.9,0.9
2026-06-01,JED-PROJ-137,Central Jeddah Al Manar Landscape Enhancement,12.45,13.67,1.22
2026-07-01,JED-PROJ-137,Central Jeddah Al Manar Landscape Enhancement,24.9,28.92,4.02
2026-08-01,JED-PROJ-137,Central Jeddah Al Manar Landscape Enhancement,37.35,45.12,7.77
2026-09-01,JED-PROJ-137,Central Jeddah Al Manar Landscape Enhancement,49.8,55.33,5.53
2026-01-09,JED-PROJ-138,Corniche Al Marwah Landscape Enhancement,0.0,0.61,0.61
2026-02-01,JED-PROJ-138,Corniche Al Marwah Landscape Enhancement,9.2,6.17,-3.03
2026-03-01,JED-PROJ-138,Corniche Al Marwah Landscape Enhancement,18.4,10.55,-7.85
2026-04-01,JED-PROJ-138,Corniche Al Marwah Landscape Enhancement,27.6,16.91,-10.69
2026-05-01,JED-PROJ-138,Corniche Al Marwah Landscape Enhancement,36.8,20.34,-16.46
2026-06-01,JED-PROJ-138,Corniche Al Marwah Landscape Enhancement,46.0,28.11,-17.89
2026-07-01,JED-PROJ-138,Corniche Al Marwah Landscape Enhancement,55.2,34.64,-20.56
2026-08-01,JED-PROJ-138,Corniche Al Marwah Landscape Enhancement,64.4,39.08,-25.32
2026-09-01,JED-PROJ-138,Corniche Al Marwah Landscape Enhancement,73.6,58.9,-14.7
2026-03-19,JED-PROJ-139,Airport District Al Balad Boulevard Landscaping Project,0.0,0.81,0.81
2026-04-01,JED-PROJ-139,Airport District Al Balad Boulevard Landscaping Project,7.02,6.25,-0.77
2026-05-01,JED-PROJ-139,Airport District Al Balad Boulevard Landscaping Project,14.04,16.67,2.63
2026-06-01,JED-PROJ-139,Airport District Al Balad Boulevard Landscaping Project,21.06,21.27,0.21
2026-07-01,JED-PROJ-139,Airport District Al Balad Boulevard Landscaping Project,28.07,30.57,2.5
2026-08-01,JED-PROJ-139,Airport District Al Balad Boulevard Landscaping Project,35.09,36.77,1.68
2026-09-01,JED-PROJ-139,Airport District Al Balad Boulevard Landscaping Project,42.11,43.89,1.78
2027-04-26,JED-PROJ-140,Obhur Al Andalus Boulevard Landscaping Project,0.0,0.0,0.0
2026-05-02,JED-PROJ-141,Al Balad Al Hamdaniyah Boulevard Lighting Enhancement,0.0,0.0,0.0
2026-06-01,JED-PROJ-141,Al Balad Al Hamdaniyah Boulevard Lighting Enhancement,9.28,10.29,1.01
2026-07-01,JED-PROJ-141,Al Balad Al Hamdaniyah Boulevard Lighting Enhancement,18.57,18.38,-0.19
2026-08-01,JED-PROJ-141,Al Balad Al Hamdaniyah Boulevard Lighting Enhancement,27.85,28.68,0.83
2026-09-01,JED-PROJ-141,Al Balad Al Hamdaniyah Boulevard Lighting Enhancement,37.13,38.59,1.46
2026-05-09,JED-PROJ-142,King Abdulaziz Road Al Rawdah Street Lighting Upgrade,0.0,0.0,0.0
2026-06-01,JED-PROJ-142,King Abdulaziz Road Al Rawdah Street Lighting Upgrade,13.48,3.92,-9.56
2026-07-01,JED-PROJ-142,King Abdulaziz Road Al Rawdah Street Lighting Upgrade,26.96,6.74,-20.22
2026-08-01,JED-PROJ-142,King Abdulaziz Road Al Rawdah Street Lighting Upgrade,40.44,10.53,-29.91
2026-09-01,JED-PROJ-142,King Abdulaziz Road Al Rawdah Street Lighting Upgrade,53.92,33.15,-20.77
2026-05-30,JED-PROJ-143,Prince Majed Corridor Al Rabwah Pedestrian Lighting Improvement,0.0,0.0,0.0
2026-06-01,JED-PROJ-143,Prince Majed Corridor Al Rabwah Pedestrian Lighting Improvement,11.01,9.31,-1.7
2026-07-01,JED-PROJ-143,Prince Majed Corridor Al Rabwah Pedestrian Lighting Improvement,22.02,16.57,-5.45
2026-08-01,JED-PROJ-143,Prince Majed Corridor Al Rabwah Pedestrian Lighting Improvement,33.03,25.37,-7.66
2026-09-01,JED-PROJ-143,Prince Majed Corridor Al Rabwah Pedestrian Lighting Improvement,44.04,39.4,-4.64
2026-05-19,JED-PROJ-144,Haramain Gateway Al Salamah Smart Lighting Deployment,0.0,0.0,0.0
2026-06-01,JED-PROJ-144,Haramain Gateway Al Salamah Smart Lighting Deployment,13.31,6.54,-6.77
2026-07-01,JED-PROJ-144,Haramain Gateway Al Salamah Smart Lighting Deployment,26.62,12.1,-14.52
2026-08-01,JED-PROJ-144,Haramain Gateway Al Salamah Smart Lighting Deployment,39.92,17.69,-22.23
2026-09-01,JED-PROJ-144,Haramain Gateway Al Salamah Smart Lighting Deployment,53.23,37.55,-15.68
2026-12-27,JED-PROJ-145,Northern Jeddah Al Rowais Street Lighting Upgrade,0.0,0.0,0.0
2025-09-15,JED-PROJ-146,Southern Jeddah Al Zahra Street Lighting Upgrade,0.0,0.3,0.3
2025-10-01,JED-PROJ-146,Southern Jeddah Al Zahra Street Lighting Upgrade,8.25,2.71,-5.54
2025-11-01,JED-PROJ-146,Southern Jeddah Al Zahra Street Lighting Upgrade,16.5,6.7,-9.8
2025-12-01,JED-PROJ-146,Southern Jeddah Al Zahra Street Lighting Upgrade,24.75,10.25,-14.5
2026-01-01,JED-PROJ-146,Southern Jeddah Al Zahra Street Lighting Upgrade,33.0,13.36,-19.64
2026-02-01,JED-PROJ-146,Southern Jeddah Al Zahra Street Lighting Upgrade,41.25,15.4,-25.85
2026-03-01,JED-PROJ-146,Southern Jeddah Al Zahra Street Lighting Upgrade,49.5,17.82,-31.68
2026-04-01,JED-PROJ-146,Southern Jeddah Al Zahra Street Lighting Upgrade,57.75,21.94,-35.81
2026-05-01,JED-PROJ-146,Southern Jeddah Al Zahra Street Lighting Upgrade,66.0,24.07,-41.93
2026-06-01,JED-PROJ-146,Southern Jeddah Al Zahra Street Lighting Upgrade,74.25,29.93,-44.32
2026-07-01,JED-PROJ-146,Southern Jeddah Al Zahra Street Lighting Upgrade,82.5,31.15,-51.35
2026-08-01,JED-PROJ-146,Southern Jeddah Al Zahra Street Lighting Upgrade,90.75,33.63,-57.12
2026-09-01,JED-PROJ-146,Southern Jeddah Al Zahra Street Lighting Upgrade,99.0,68.52,-30.48
2024-12-25,JED-PROJ-147,Eastern Jeddah Al Rehab Street Lighting Upgrade,0.0,0.52,0.52
2025-01-01,JED-PROJ-147,Eastern Jeddah Al Rehab Street Lighting Upgrade,14.29,14.78,0.49
2025-02-01,JED-PROJ-147,Eastern Jeddah Al Rehab Street Lighting Upgrade,28.57,28.0,-0.57
2025-03-01,JED-PROJ-147,Eastern Jeddah Al Rehab Street Lighting Upgrade,42.86,41.32,-1.54
2025-04-01,JED-PROJ-147,Eastern Jeddah Al Rehab Street Lighting Upgrade,57.14,56.82,-0.32
2025-05-01,JED-PROJ-147,Eastern Jeddah Al Rehab Street Lighting Upgrade,71.43,70.75,-0.68
2025-06-01,JED-PROJ-147,Eastern Jeddah Al Rehab Street Lighting Upgrade,85.71,86.35,0.64
2025-07-01,JED-PROJ-147,Eastern Jeddah Al Rehab Street Lighting Upgrade,100.0,100.0,0.0
2024-11-23,JED-PROJ-148,Western Jeddah Al Naeem Street Lighting Upgrade,0.0,0.0,0.0
2024-12-01,JED-PROJ-148,Western Jeddah Al Naeem Street Lighting Upgrade,6.25,5.23,-1.02
2025-01-01,JED-PROJ-148,Western Jeddah Al Naeem Street Lighting Upgrade,12.5,14.26,1.76
2025-02-01,JED-PROJ-148,Western Jeddah Al Naeem Street Lighting Upgrade,18.75,18.58,-0.17
2025-03-01,JED-PROJ-148,Western Jeddah Al Naeem Street Lighting Upgrade,25.0,25.68,0.68
2025-04-01,JED-PROJ-148,Western Jeddah Al Naeem Street Lighting Upgrade,31.25,29.96,-1.29
2025-05-01,JED-PROJ-148,Western Jeddah Al Naeem Street Lighting Upgrade,37.5,37.45,-0.05
2025-06-01,JED-PROJ-148,Western Jeddah Al Naeem Street Lighting Upgrade,43.75,42.05,-1.7
2025-07-01,JED-PROJ-148,Western Jeddah Al Naeem Street Lighting Upgrade,50.0,50.02,0.02
2025-08-01,JED-PROJ-148,Western Jeddah Al Naeem Street Lighting Upgrade,56.25,57.92,1.67
2025-09-01,JED-PROJ-148,Western Jeddah Al Naeem Street Lighting Upgrade,62.5,62.08,-0.42
2025-10-01,JED-PROJ-148,Western Jeddah Al Naeem Street Lighting Upgrade,68.75,67.09,-1.66
2025-11-01,JED-PROJ-148,Western Jeddah Al Naeem Street Lighting Upgrade,75.0,73.31,-1.69
2025-12-01,JED-PROJ-148,Western Jeddah Al Naeem Street Lighting Upgrade,81.25,80.85,-0.4
2026-01-01,JED-PROJ-148,Western Jeddah Al Naeem Street Lighting Upgrade,87.5,86.28,-1.22
2026-02-01,JED-PROJ-148,Western Jeddah Al Naeem Street Lighting Upgrade,93.75,92.03,-1.72
2026-03-01,JED-PROJ-148,Western Jeddah Al Naeem Street Lighting Upgrade,100.0,100.0,0.0
2027-04-23,JED-PROJ-149,Central Jeddah Al Samer LED Lighting Retrofit,0.0,0.0,0.0
2026-02-28,JED-PROJ-150,Corniche Al Muhammadiyah Street Lighting Upgrade,0.0,1.44,1.44
2026-03-01,JED-PROJ-150,Corniche Al Muhammadiyah Street Lighting Upgrade,11.47,10.47,-1.0
2026-04-01,JED-PROJ-150,Corniche Al Muhammadiyah Street Lighting Upgrade,22.93,25.34,2.41
2026-05-01,JED-PROJ-150,Corniche Al Muhammadiyah Street Lighting Upgrade,34.4,34.88,0.48
2026-06-01,JED-PROJ-150,Corniche Al Muhammadiyah Street Lighting Upgrade,45.86,48.8,2.94
2026-07-01,JED-PROJ-150,Corniche Al Muhammadiyah Street Lighting Upgrade,57.33,59.63,2.3
2026-08-01,JED-PROJ-150,Corniche Al Muhammadiyah Street Lighting Upgrade,68.79,72.28,3.49
2026-09-01,JED-PROJ-150,Corniche Al Muhammadiyah Street Lighting Upgrade,80.26,81.61,1.35
